"","HPC1552","HPC1553","HPC1555","HPC1556","HPC1560","HPC1561","HPC1563","HPC1564","HPC1565","HPC1567","HPC1568","HPC1569","HPC1570","HPC1571","HPC1572","HPC1573","HPC1574","HPC1576","HPC1577","HPC1578","HPC1579","HPC1580"
"00b9f7cfaad6714a0a740d4a6d92c2e7",0,0,4,0,0,0,0,0,0,0,0,0,0,4,0,0,0,0,0,0,0,0
"00d68b2855f660cd2fee44bf26b3821c",0,1,0,0,0,0,0,0,0,0,0,0,0,0,0,0,0,0,0,0,0,0
"00db141e7cf1c2a9de519b6703d3301a",0,0,0,3,0,0,0,0,0,0,0,0,0,0,10,0,0,2,0,0,0,0
"0180b9cddc616bc73cb330e1475e4808",0,0,0,0,0,0,0,9,5,0,0,0,0,0,0,0,0,0,0,0,0,0
"036296b590ab233649b3d8c5effdae3c",15,0,0,0,0,0,0,0,0,0,0,0,0,0,0,0,0,0,0,0,0,0
"03b7772f2168ac3e041fec207cd257cf",0,0,0,0,0,0,0,0,0,0,0,0,0,0,0,0,0,0,0,59,8,113
"0439d6960acb7b6a6f194f6396f3cc1d",0,0,0,0,0,6,0,0,7,0,0,0,0,0,0,0,0,0,0,0,0,0
"0446368341dbe1c357e807f26d473cf7",0,0,0,0,0,0,0,0,1,0,0,0,0,0,0,0,0,0,0,0,0,0
"0451e479239cc42616200ec547dbcb12",0,4,0,0,0,0,0,0,0,0,0,0,0,0,0,0,0,0,0,0,0,0
"0483edc31280cd96e0faf9c5d2bac65f",0,12,0,0,0,0,0,0,0,0,0,0,0,0,0,0,0,0,0,0,0,0
"05af9519d853e5639f9b6b44467282fe",0,0,0,0,7,0,0,0,0,0,0,0,0,1,0,0,7,0,0,0,0,0
"05c7b894703fa5faec6738c6a371c601",0,0,0,32,0,0,0,0,0,0,0,0,0,0,0,0,0,0,0,0,0,0
"05d6774de2a5887116af407b2188065a",9,0,0,0,3,0,0,0,0,0,0,0,0,0,20,0,0,0,0,0,0,0
"06e93a1ef1306c65d6e2a68a039d0039",35,85,58,10,25,136,6,16,44,2,0,3,46,3,28,35,60,0,9,0,0,23
"06eeae92fa350383a1959449d0f4962e",0,0,0,0,0,3,0,0,0,0,0,0,0,0,0,0,0,0,0,0,0,0
"07280755834d1922dbd391b13ddcc636",0,0,0,0,0,0,0,0,0,0,0,0,2,0,0,0,0,0,0,6,0,2
"0837b657c1d1f43f280ef2435311c939",0,0,2,0,0,0,0,0,0,0,0,0,0,0,1,0,0,0,0,0,0,0
"08ca358ce38892e235f7054771e57b93",50,0,0,0,0,0,0,0,0,1,3,0,33,0,0,0,0,0,0,0,0,0
"09a89a3685785c1fb61e6a60ac46a7bc",0,0,0,0,0,0,0,0,0,0,0,0,0,0,0,0,0,0,2,1,0,0
"0a1c83f2d25bd167f5266c6ec68a0174",0,0,0,0,1,0,0,0,0,0,0,0,0,0,0,0,0,0,0,0,0,0
"0a7fe3595e40caeafecb26f55ecf526d",1,22,8,0,0,0,0,0,3,0,2,8,0,0,5,0,0,0,0,0,18,0
"0ada5f4de5ba3335d39592c00e2b5c14",0,0,0,0,0,0,0,0,4,0,4,0,0,0,1,0,9,0,0,0,0,0
"0b3ca4470e07693f7027a1ef404c9c24",0,0,0,0,0,0,0,0,0,0,0,0,0,0,0,0,0,0,0,0,2,0
"0c4f251dd001c1d8f7bfc684cfd16c9e",0,1,0,0,0,0,1,0,0,0,0,1,2,0,0,0,0,0,0,0,3,0
"0d136193a495427b25467923bbf469bd",112,0,0,0,0,0,34,1,3,14,0,0,0,11,0,19,0,0,0,0,0,0
"0d64e0170fd5c43d58714adb75f53603",0,0,0,0,0,0,0,0,0,0,1,0,0,0,0,0,0,0,7,5,0,0
"0de200022a3685b2bd932cb5a318f9d3",0,2,0,0,0,0,0,0,0,0,0,0,0,0,0,0,0,0,0,0,0,0
"0deac369a5fb83b8203038374103c545",0,0,0,0,0,0,2,0,0,0,0,0,0,2,0,1,0,0,0,0,0,0
"0e1c3eb39d3e4c237e8f682745caaceb",0,0,0,2,0,0,0,0,0,0,0,0,0,0,0,0,0,0,0,0,0,0
"0e6ead526832eec2aa8175400ab0ea29",4,2,24,0,3,14,50,72,5,0,0,0,0,0,21,8,2,0,0,0,0,0
"0f29aec4e7dafdd70a57ac1e3c3f6dcf",0,0,0,0,0,24,0,0,0,0,0,0,0,0,3,0,0,0,0,0,0,0
"101a0c48addd9964a65ece01ec5fc1db",0,0,0,0,0,0,0,0,0,1,0,0,0,0,0,0,0,3,1,0,0,0
"10f6ec05551665bce8f1942bbdded715",0,0,0,0,0,0,0,0,0,0,0,0,0,0,0,0,0,0,0,1,0,0
"12081ff9c48c809bcd85b29b7a5011ee",0,0,0,0,0,0,0,0,1,0,0,0,0,0,0,0,0,0,0,0,0,0
"128ed17cb7931cd03f546d81102936b6",0,0,0,0,0,0,0,0,0,0,0,0,0,0,0,0,0,0,0,1,0,0
"1621f9afddf139e3c5fda841eaa78968",5,0,0,0,0,0,0,0,0,0,0,7,8,3,0,0,0,0,0,0,0,0
"164f661db25160341895d79823e73950",0,0,0,0,0,0,0,0,0,0,0,0,7,0,0,0,0,0,0,0,0,0
"17471cb529adcb51c4111d6bc2d821c5",0,2,0,0,0,0,0,0,0,0,0,0,0,0,0,0,0,0,0,4,0,0
"17e3269c6377143ae4d7fdd2c88aef45",0,3,0,0,0,0,0,0,0,0,0,0,0,2,0,0,1,0,0,0,0,0
"18f5d3b57312818fb6393f179543950c",0,10,0,0,0,0,0,0,0,0,0,0,0,0,0,0,0,0,0,0,0,0
"1985cd54ab819b16fedcef9dc1aa435a",0,0,0,0,0,0,0,0,3,0,0,0,0,0,0,0,0,0,0,0,0,1
"1a390745651f02fdf5ecf394cde030f0",0,0,0,0,0,1,0,0,0,0,0,0,0,0,0,0,0,0,0,0,0,0
"1ad668a41aac5debc81f6a3ce19880d9",3,0,0,0,5,5,0,4,2,0,0,0,0,0,0,0,0,0,0,0,0,0
"1b5e0e454ab7ebb804e1a7790dd16aba",0,0,0,0,0,0,0,1,0,0,0,0,0,0,3,0,0,0,0,0,0,0
"1b74fe0dc73b1a4a18640db200b5f78d",0,0,0,0,0,0,0,0,0,4,2,0,0,0,0,0,0,0,0,0,0,3
"1bdd207c2b5a6578f4698c9002dcd069",0,12,4,0,0,0,0,0,0,6,0,0,0,0,0,0,0,0,0,0,0,0
"1c2c4481171be567789843de77e41d11",0,0,4,0,0,0,0,0,0,0,0,0,0,0,0,0,0,0,0,0,0,0
"1c4cd61e295870e81876450db56481a5",0,2,11,0,0,13,0,0,3,0,0,1,0,3,0,0,0,0,0,0,0,0
"1cfe39fb89ec2b3729292bc3a06c33a2",3,0,0,0,0,0,0,0,0,0,0,0,0,0,0,0,0,0,0,0,0,0
"1d07bfb45f965ec1b37e15ba15b572c8",0,4,0,0,0,0,0,0,0,0,0,0,0,0,0,0,0,0,0,0,0,0
"1d8aca6733efbdca55134d3d6eb1d5b8",0,0,0,0,0,0,0,4,0,0,0,0,0,0,0,0,2,0,0,0,0,0
"1e0398454e9d01703d1fefcb873d6343",0,0,0,0,0,1,0,4,0,0,0,0,0,0,0,8,0,0,0,0,0,0
"1e6df7f9f0d490e45f8d65a02f881489",3,0,0,0,0,0,0,0,0,0,0,0,0,0,0,0,0,0,0,0,0,0
"207647183ba0333a1ed361c02ea50d0f",0,0,0,0,0,3,0,0,0,0,0,0,0,0,0,0,0,0,0,0,0,0
"211f5d22bb693d6843475d918ed00370",0,0,0,0,0,0,3,0,0,0,0,0,0,0,0,0,0,0,0,0,0,0
"24c70ba42443f6cc45265a2769e4e49c",7,0,0,0,0,0,5,0,0,0,0,0,0,0,1,6,1,0,0,0,0,0
"259933104865d0181d7a213e14fa6a24",3,1,26,0,0,241,0,19,135,21,0,0,16,0,0,0,8,4,23,0,20,29
"2628bc3ce0449352d3090092eba9ebc8",0,0,0,0,0,0,0,0,1,4,5,4,0,0,0,0,0,1,0,0,2,2
"283a8c31817c78de01d6f8767b08781a",0,0,0,0,0,191,0,0,0,0,0,0,0,0,0,0,0,0,0,0,0,0
"2849ae4e04864aa470fcafd5f8c86473",2,20,0,1,4,10,12,9,2,3,0,0,0,2,0,5,10,0,3,12,4,0
"28e91c45b68e92c4db0daafed17a5974",0,0,0,0,0,0,0,0,0,2,0,0,0,0,0,0,0,0,0,0,0,0
"298bf2a2be0e9900d8768bda3c1b329c",0,5,0,0,0,0,0,0,0,0,0,0,0,0,0,0,0,0,0,0,0,0
"29f9f4c42712c3a12decde0dc16829fa",0,0,0,0,0,0,0,0,0,0,0,0,0,0,0,0,0,0,2,0,0,0
"2b62fe8b3f8211040e64fa8fc5b36b27",0,5,8,0,4,3,0,0,0,0,0,0,0,18,0,14,11,0,0,0,0,0
"2c84f91a860f29c5ebd69a2021f41199",6,0,3,0,0,0,0,0,0,0,0,0,0,0,0,0,0,0,0,0,0,0
"2d4c2ced8f8c77e0ca2df5945b7238bf",2,0,0,0,0,0,0,0,0,0,0,0,0,0,7,0,0,0,0,0,0,0
"2d949d1ac2c7bd016db42d26914c12a1",0,0,21,0,0,0,0,0,2,0,0,0,0,0,0,0,0,0,0,0,0,0
"2e0ffe0780cca0b0dbfc11a3a4aa7580",0,0,0,0,0,0,0,0,0,0,0,0,0,0,0,4,0,0,0,0,0,0
"2f12ac30d11a51a94fa472b40995e5af",11,0,5,0,0,30,0,5,0,0,0,0,0,0,0,0,0,0,0,0,0,0
"2f49610f9b40af4a510bd644f3efad4b",3,7,142,13,50,8,4,0,40,0,97,6,7,0,23,0,0,13,24,20,0,36
"2f7354a4691dc830628e1137b50fb7ce",0,0,0,0,0,3,0,0,0,0,0,0,0,0,0,0,0,0,0,0,0,0
"2fe574953b2ed1c76e938ad95058df0c",0,0,0,0,0,0,13,0,0,0,0,0,0,12,0,0,0,0,0,0,0,0
"3088a14eb98815ddfc6829219fe2ece3",1,8,0,0,0,0,0,0,0,0,0,0,0,0,0,0,0,0,0,0,0,0
"30e3d72fcbd951def5a57611527d2a91",0,0,0,0,0,0,0,0,0,1,3,51,0,0,0,0,0,0,0,4,0,0
"31607ddc7a1a535229aa35e60c946e91",0,0,0,0,0,0,0,0,0,0,0,0,0,2,9,0,0,0,0,0,0,0
"324a1fb663ce21ad21fa1a4814f02fb2",0,0,0,0,0,3,0,0,0,0,0,0,0,0,0,0,0,0,0,0,0,0
"325553effac2caa0a5684f0650893e49",0,2,8,0,0,0,0,0,0,0,0,1,0,0,0,0,0,0,0,0,0,0
"3262a7e70e1dd963244d1d00a2b9281a",0,0,0,0,37,4,5,2,18,40,7,28,29,0,0,0,0,0,6,5,8,11
"328cdb0f35f0207ed4e3a37e77886853",0,0,0,0,0,0,0,0,0,0,0,0,0,0,0,0,0,0,0,3,0,0
"33821016e68ce838bdff3bcb57daf11b",24,0,8,0,0,3,3,0,1,0,0,0,0,1,0,5,1,0,0,0,0,0
"338c1b853eb62521e948eea620bd694e",0,0,0,0,0,0,0,0,0,0,0,0,0,0,0,0,0,0,0,0,0,1
"3424612315ed0a562bbdd7a35c5591e1",0,0,0,0,0,0,0,0,0,0,0,0,0,0,0,0,0,1,0,0,0,0
"34b2939e001a1f713f24adcefc147785",0,0,0,0,0,0,0,0,0,0,44,0,0,0,0,0,0,0,0,0,0,0
"34d87c87118ec297dd0e889d2a2ff2ac",0,0,0,0,0,0,0,0,0,0,4,0,0,0,0,0,0,0,0,0,0,0
"355467c1358ae54626efbeb1ede7dc0d",0,28,0,0,0,0,0,0,0,0,0,0,0,0,0,0,0,0,0,0,0,0
"365c5a50d9d9531b71e2bfb719c0bc1a",0,126,0,0,0,0,0,0,0,0,0,36,3,0,0,0,0,0,0,0,0,0
"367b579863f0e1586b6765827bed9d5e",0,0,0,0,0,0,0,8,2,0,0,0,0,0,0,0,0,0,0,0,0,0
"37a735a589da0a94a2ba7b17f800101d",0,0,0,0,4,8,0,11,2,0,4,0,0,3,0,4,0,0,0,0,0,0
"3853ce2fe08302838f7d5e01e5ace755",0,0,0,0,0,0,0,0,2,0,0,0,0,0,0,1,0,0,0,0,0,0
"385a1ba4cef54506cb0123b81c9d802a",0,0,0,0,0,0,0,0,0,36,0,0,0,0,0,0,0,5,7,85,45,83
"38ccc9b4b8603b38469c32ab1a7a2c24",1,0,0,0,0,0,0,0,0,0,1,0,0,0,0,0,0,0,0,0,0,0
"3990019a6040874110a72374eb15b139",2,0,0,0,0,0,0,0,0,0,0,0,0,0,0,0,0,0,0,0,0,0
"3b180b5dd5fed6eac59f8908b236b689",7,0,1,0,0,0,2,0,0,0,0,0,0,1,3,1,0,0,0,0,0,0
"3b5f068b98a24ea8ffab161509da4856",0,0,4,0,0,0,0,0,0,1,3,3,0,0,0,0,0,0,0,0,0,3
"3b6e6d03c26addb29bc6157c38b2e536",0,0,0,0,0,0,0,0,0,0,0,0,0,0,0,0,0,0,0,0,0,64
"3bc45e0457d8222f3b53ff5257312107",2,0,4,0,0,0,0,0,0,1,2,0,0,0,0,0,0,0,0,0,1,0
"3c604a3201e8ba638398a8022cf81237",1,0,0,0,0,0,0,4,0,0,0,0,0,0,0,0,0,0,0,5,0,0
"3c652a4650e397f6146409ad10746935",0,0,0,0,0,0,0,0,0,0,0,1,0,0,0,0,0,0,0,0,0,0
"3e4a59c6c7ec5832570351689be879b3",0,0,0,0,0,0,1,12,0,0,0,0,0,1,0,2,0,0,0,0,0,0
"400e3a5ffdb90a83d747918640c38328",0,3,0,0,0,0,0,0,0,0,0,0,0,0,0,0,0,0,0,0,2,0
"40cdc643019f383005cc185dc96dfd75",0,0,0,0,0,0,0,0,35,0,0,0,0,8,0,0,0,0,0,0,0,0
"41152e8a5f5f452a0b48ae0be59bbf64",1,0,0,0,0,0,0,0,0,8,0,0,5,0,0,0,0,0,0,0,0,0
"412deab72957958fc5ccba311df01c77",0,0,0,0,0,0,0,0,0,0,0,0,0,0,0,0,0,0,2,0,0,0
"41611cc955196b78440f38958466937f",0,0,0,0,205,0,0,0,0,0,0,0,0,0,0,0,0,0,0,0,0,0
"41a8e284802f5e9202cfa5f842e43b4e",4,0,0,0,3,2,0,2,3,0,0,0,0,0,0,0,27,0,0,0,0,0
"41dcf842aa87acad4b9a667eb597f04b",0,0,0,0,0,0,0,0,0,0,0,0,0,0,0,0,0,0,0,0,4,0
"426a23c1c3541e6b3bfd5b7b0c331982",30,0,0,0,0,0,0,0,0,0,0,0,0,0,1,0,0,0,0,0,0,0
"42833a894ed914f2aaac8de1522f4104",0,3,0,0,0,0,0,0,0,0,0,0,0,0,0,0,0,0,0,0,0,0
"439fb76ecd2ef62e3fd2fec870c71578",4,0,0,0,0,0,4,0,0,0,0,0,0,0,0,0,0,0,0,0,0,0
"44be4c7bdd680e21b5d6aa4223ed66a9",0,1,0,0,0,0,0,0,0,0,0,0,0,0,0,0,0,0,0,0,0,0
"44d03b7de750db6268d79bf3b7b3f565",3,0,0,8,0,10,9,24,82,0,0,0,0,12,0,25,3,0,0,0,0,0
"45486690c0edcbe3acca30008205ef27",63,0,0,0,0,0,0,2,0,0,0,0,0,0,0,0,0,0,0,0,0,0
"4708ba7577269496637a3524a71e3057",0,0,0,0,0,0,55,0,0,0,0,0,0,0,0,0,0,0,0,0,0,0
"472e9fd93d7defe466417b5169bd6a50",0,0,0,0,0,0,0,0,0,2,0,0,0,0,0,0,0,0,0,0,0,0
"47b7cb4025b7d3b0efe74271c4df5ee5",1,0,7,5,7,75,0,39,6,0,0,0,0,0,0,0,0,0,0,0,0,0
"48058b189bbe8b3c84c6360015e1532f",0,0,2,0,0,0,0,0,0,0,0,0,0,0,0,0,0,0,0,0,0,0
"489855189d9686629879eb3ede9486f8",88,0,14,3,17,0,28,0,0,48,312,1039,272,352,163,1,231,334,111,9,7,592
"49405f439038f1124a501d686ebb470a",0,0,0,2,0,0,0,0,0,0,0,0,0,0,0,0,0,0,0,0,0,0
"499b187b1bfd265489cfda4b4cb4d8c7",0,2,0,0,0,0,0,0,0,0,0,0,0,0,0,0,0,0,0,0,0,0
"49d06b53111b794439245bb1339dd022",0,0,2,56,0,0,0,0,0,0,0,0,0,0,0,0,0,0,0,0,0,0
"4aa24e7a15922e1b6971014a2889877d",2,3,10,0,0,0,0,0,0,0,0,2,0,0,2,0,0,5,10,0,2,0
"4b045fdd81a50cbe7916c2793381ce4d",0,4,0,0,0,0,0,0,0,0,0,0,0,0,0,0,0,45,0,19,2,0
"4b510fc55ea201122038492299711e2c",0,0,0,0,0,0,0,3,0,0,0,0,0,0,0,0,0,0,0,0,0,0
"4bafa1d630342b15918e5abea15ad79f",0,4,0,0,0,0,0,0,0,0,0,0,0,0,0,0,0,0,0,0,0,0
"4c3f744326739cfcb797c290083783e5",22,2,14,0,0,48,0,8,26,2,12,8,0,1,4,0,0,0,0,0,0,0
"4c978ac32372d9ce2d1b5a3b5be905fa",1,0,0,0,0,0,0,0,0,0,0,0,0,0,0,0,0,0,0,0,0,0
"4d48d7ff5be648dbff5d977be48b6c8e",0,0,0,0,0,0,0,0,0,0,5,0,0,2,0,0,0,0,0,0,0,0
"4d988617cf329818e90a69296cf7496c",0,0,0,0,0,0,0,0,0,0,0,0,0,0,0,31,4,0,0,0,0,0
"4e1c0167d3c2040222d31108f88779e9",0,0,0,0,0,0,0,0,0,0,0,0,0,0,0,0,0,0,1,0,0,0
"4e3caa7713a4223e544a2014d713208e",0,0,2,0,0,0,0,0,0,0,0,2,0,0,0,0,0,0,0,0,0,0
"4e95f3bc8f16beda788849a4e496e5ae",0,0,0,0,4,0,0,0,0,0,0,0,0,0,0,0,0,0,0,0,0,0
"4f94946970288e36030d8e943dbc5bbb",0,0,0,0,0,1,0,0,0,0,0,0,0,0,0,0,0,0,0,0,0,0
"500827f5eb77cfedcae3579e53ec8c76",0,0,0,0,0,0,0,0,0,35,14,54,111,0,0,0,0,0,5,6,0,3
"51194b8233acaff275c41bf94ca2c735",96,209,199,307,113,234,80,129,58,0,0,0,0,60,193,138,22,0,0,0,0,0
"52197dca75d1808bd2fa7e5d033f310f",0,0,4,0,0,0,0,0,0,0,0,1,0,0,0,0,0,0,0,0,0,0
"5325b623f48091942b79da221094c206",6,0,31,4,35,0,13,3,35,0,0,0,0,4,0,10,40,0,0,0,0,0
"535644fbdf865ddd0cc9ea93502a6bbc",0,0,0,0,0,0,0,0,0,0,0,0,0,0,0,0,0,2,0,0,0,0
"546f62608ec43ae23e9d337db1c0c587",0,0,0,10,0,0,2,0,0,0,0,0,0,0,0,0,0,0,0,0,0,0
"54e1df2289e6a784eaebc42527234aad",3,0,27,0,0,5,0,0,8,0,0,0,2,1,0,13,2,0,0,0,0,0
"55062e73de4a329a87628ff9f37b1ad7",0,0,0,0,0,2,0,341,0,0,0,1,0,0,0,0,0,43,0,19,0,35
"5579452b3e48a6507174b8add11f30bb",0,0,0,0,0,0,0,5,0,0,0,0,0,0,0,0,0,0,0,0,0,0
"55b58124016596c4a6b7b2c4b7633efb",4,2,0,39,11,3,0,0,0,7,48,11,8,0,0,0,0,25,43,8,6,19
"55dc227df61b5886c6219fc13e273064",0,0,0,0,0,0,0,0,0,0,0,0,0,0,0,0,71,0,0,0,0,0
"55ddd43c22951df6f258f5c7e78d8241",17,0,77,0,23,59,0,54,3,0,14,0,0,12,26,6,0,0,0,0,0,0
"55e8e0fb06bcd13c165ab6e4d7a69454",0,0,0,0,0,0,0,0,0,0,0,0,0,0,0,0,0,4,0,0,0,0
"5605fd1628fe3606f204b56d55622ce2",0,1,0,0,0,2,0,4,0,0,0,0,0,0,0,0,0,0,0,0,0,0
"5647003638a528ef4b1ddcf5ff19fbe7",0,0,0,0,0,0,0,0,0,0,0,0,0,0,2,0,0,0,0,0,0,0
"57bdaf7acf546676afff67df37e9a1b5",26,0,32,0,10,8,0,0,9,0,0,0,0,0,0,0,0,0,0,0,0,0
"57f88509141dd7b2173f2dd7050ae2e7",10,0,0,0,0,0,0,0,0,0,0,0,0,0,0,0,0,0,0,0,0,0
"594353f8734787e3110583910b418374",0,0,0,0,0,0,0,0,0,0,0,0,1,0,0,0,0,0,0,0,0,0
"59df2c588f0059fa316d9fe920acff2f",0,0,0,4,0,0,0,0,1,0,0,0,0,0,7,0,0,0,0,0,0,0
"5be4a273e1c77677b372ec4c640287e1",0,0,0,0,0,0,0,0,0,0,0,0,0,1,0,1,0,0,0,0,0,0
"5da6db7d5475532af1e5e5bffb5c75f1",0,0,0,0,0,0,0,0,0,0,0,0,0,0,2,0,0,0,0,0,0,0
"5e0b1e533d803d7c69e76c2c42359773",6,0,0,0,0,0,0,0,0,0,0,1,0,0,0,0,0,0,0,0,0,0
"6038cbf29d9df32a9c04c69b9aec44cb",8,4,7,0,0,0,0,0,1,3,0,9,0,0,0,0,1,0,0,0,0,4
"61e69e1a969f3c88114b6681867e91c4",0,0,0,0,3,0,0,0,0,0,0,0,0,0,0,0,0,0,0,0,0,0
"61ee8c68c8935743ab3485315d93e44d",0,0,0,0,0,0,0,0,0,13,132,0,0,0,0,0,0,0,0,96,0,98
"622229ca182cb54d8b7d3800a52de41c",0,0,6,0,0,0,0,0,0,1,0,0,0,0,0,0,0,0,0,0,0,0
"62653027548ae1a31505cc56af3ae4cd",211,0,0,0,0,0,1,141,0,0,0,0,0,0,17,2,0,0,0,0,0,0
"628f583c3e17509bc0392a7c44f8a19e",0,2,0,0,0,0,0,0,0,0,0,0,0,0,0,0,0,0,0,0,0,0
"62e713a6820fa9b819ef575ab3014c5f",0,0,0,0,0,0,0,0,0,0,0,0,0,0,0,0,0,1,0,0,0,0
"632d5af6665c1e5661aab23b27715ee6",0,6,0,0,0,0,0,0,0,0,0,0,3,0,0,0,0,0,0,0,13,0
"634fc1119ef516c043248ec7ab7862b4",0,0,0,5,0,0,0,0,0,0,0,0,0,0,0,0,0,0,0,0,0,0
"652177b74e1009d99f81843a80698de3",0,0,0,0,0,0,0,0,0,0,0,0,0,0,0,0,0,4,0,0,0,0
"656c933da831cb76a951cdf8e51581c7",0,0,0,4,0,0,0,0,0,0,0,0,0,0,0,0,0,0,0,0,0,0
"658263d1a05a1ce818b2886cb69ad587",0,0,0,0,0,1,3,6,0,0,0,0,0,4,6,1,0,0,0,0,0,0
"65a82a5c911961c932169c0e220e77b2",0,0,100,0,0,0,49,0,0,0,0,0,0,0,0,0,0,0,0,0,4,11
"65fae1cc8350d0a68fc428a88029ab6b",0,0,0,0,2,0,3,2,0,0,4,0,0,0,0,0,0,0,0,0,0,0
"67dbb76f582ee5bf148f1cbd5681492d",0,0,0,0,0,0,0,0,0,0,0,0,0,0,0,0,0,0,2,0,0,0
"68aaa816a09bddf77302d383796b276c",0,0,0,0,0,0,0,0,0,0,0,0,0,0,0,0,0,0,1,1,0,0
"6942704434a505ba317ab4d27f103bb4",0,0,0,0,0,0,0,2,25,0,0,0,0,0,0,0,2,0,0,0,0,0
"6ab700bd29db8f5769564ce0793ab73b",0,0,0,0,0,0,0,0,0,0,0,0,0,1,0,0,0,0,2,0,0,0
"6b283e64341526a8b63ca659dfef98e5",0,0,0,0,0,0,0,0,0,3,1,0,1,0,0,0,0,0,0,0,1,3
"6b35850428fbd3b320f25fe218af3a78",0,0,0,0,0,0,0,0,0,0,0,0,0,0,0,0,0,0,2,0,0,0
"6b51ff66089cf55810ad6ce88b57b7cc",0,3,0,0,0,0,0,0,0,0,0,0,0,0,0,0,0,0,0,0,0,0
"6d5f29dd52b4561905067ff97092fd44",0,7,8,0,0,0,0,0,0,0,0,0,0,0,1,0,0,0,0,0,0,0
"6e04eb0b099d89855e4e229caca943a4",0,0,0,0,0,0,0,0,0,2,4,2,5,0,0,0,0,0,0,0,0,0
"6e14aa93e976f784b5235093a71d2f92",0,0,0,0,0,0,0,0,0,8,0,0,0,0,0,0,0,0,1,0,1,0
"6e28ba17b7b0e0bb43a0bf751695f359",0,0,0,0,0,8,0,0,0,0,0,0,0,0,0,0,0,0,0,0,0,0
"708216a98c09c4f783e6909da2ae8a8d",0,0,0,0,3,0,0,0,0,0,0,0,0,0,0,0,1,0,0,0,0,0
"70b1d53995e11a3784ad8f0b5b37587c",0,0,0,0,14,0,0,0,0,0,0,0,0,0,0,0,0,0,0,0,0,0
"71a23410090543485e2fc7f9dc4b01ab",0,0,0,0,0,0,0,0,0,0,0,11,6,0,0,0,0,0,0,0,0,0
"72663adb78a1b10cc8deaeb60fe50f8e",0,0,0,15,35,0,17,0,0,0,0,0,0,1,0,3,45,0,0,0,0,0
"72e56a4a661eadae7fa982e4fd1b0ed0",1,0,0,0,0,0,0,0,0,0,0,0,0,0,0,0,0,0,0,0,0,0
"76f45a2c24394cc20bcddc70e161cd19",0,0,1,0,0,0,0,0,0,0,0,0,0,0,0,0,0,0,0,0,0,0
"7788ec9eddc5562d91e3fd1851aa6213",305,1,0,0,0,0,0,0,0,0,0,0,0,0,0,0,0,0,0,0,0,0
"77a077fcf2ffd409485ebe1955b3823d",0,1,0,0,0,0,0,0,0,0,0,0,0,0,0,0,0,0,0,0,0,0
"7915e904854d62bb98a3ea97da1caa55",10,0,3,5,2,0,5,17,0,0,0,0,3,0,26,9,24,0,0,0,0,0
"79b7e3faaf31afd8cffed6f23ce67837",0,0,0,0,0,0,0,3,0,0,0,0,0,0,0,0,0,0,0,0,0,0
"79cf246d95e57fc55d2c8e8e08defcde",0,0,0,0,0,0,0,0,1,0,0,0,0,0,0,0,0,0,0,0,0,0
"7a42a710f96456fb475a7d48b9d4c16a",0,0,0,0,0,0,0,0,0,0,1,0,0,0,0,0,0,0,0,0,0,0
"7cc7a38e8cf0616a3f6f1d79f3689334",0,0,0,0,0,0,0,0,0,0,7,32,0,0,0,0,0,0,0,0,0,5
"7ed15f94370ddcaa0d8781924978e3dd",4,0,0,0,0,3,0,3,3,0,0,0,0,0,0,0,0,0,0,0,0,0
"80de25715ab3930d4ca22131f051a4f8",3,0,0,0,0,0,0,0,0,0,0,0,0,3,0,0,0,0,0,0,1,0
"80e06b2036a459dadbcfaab12f6c2211",3,1,23,228,156,26,5,17,1,1,2,5,30,144,1,0,104,0,1,0,9,10
"819695b9f19e3ce24ad4083e838c4026",0,0,0,0,0,0,0,0,0,1,0,0,0,0,0,0,0,0,0,0,0,0
"81eace73448014b04931fe4155306f87",13,12,17,0,0,0,0,0,0,1,6,2,0,0,1,0,0,0,0,2,4,0
"82788aa8b553c94bcdda7cb288a55f0e",0,0,0,0,29,0,0,0,0,0,0,0,0,0,0,0,0,0,0,0,0,0
"82a563c106adf542cadf1d99a106fa6d",0,0,0,0,0,0,0,0,0,0,0,1,0,0,0,0,0,0,3,0,0,0
"82d6d3ac7538e2c371fd436c703630a1",0,0,0,0,0,0,0,0,0,0,0,0,0,0,0,0,0,0,0,0,0,1
"82f4c04442a2a19515d138b96814cc93",0,0,0,0,0,0,0,0,0,0,0,0,0,0,0,0,0,0,1,0,0,0
"834990a492f476e58aed535214de8533",0,0,0,4,0,0,0,0,0,0,0,0,0,0,0,0,0,0,0,0,0,0
"83b714cc07a11fd7e0c90f09fb6a0f22",0,0,0,0,0,0,0,0,0,1,0,0,0,0,0,0,0,0,0,0,0,0
"846cbe585d116adf32471c9ce2fefd58",0,0,0,117,0,57,1,0,0,0,0,0,0,0,0,0,0,0,0,0,0,0
"84b6319cc04e29b3d9fd9017fb8c1d5e",4,160,7,0,0,1,1,0,3,0,4,1,4,0,4,0,1,0,2,0,26,0
"84d26f91c49eb275610efc89a9b2fba4",0,1,0,12,0,0,0,17,0,0,4,0,0,0,0,0,2,0,0,0,0,0
"8515468dfd4d318c5bc5d748f1ccd16c",0,0,2,0,2,0,0,0,0,3,1,0,7,0,0,0,12,0,23,13,19,43
"8532e5056f1918fccfdf4a3bbb02d6f8",0,0,0,0,0,0,1,0,0,0,0,0,0,0,0,0,0,0,0,0,0,0
"85333842060f041bced98bf5ec4ebac7",0,0,0,0,0,0,0,0,2,0,0,0,0,0,0,0,0,0,0,0,0,0
"853829edbd5d62a53ca36d247785f8dd",3,0,0,0,1,5,11,5,0,0,0,5,21,0,0,1,0,0,0,0,0,3
"869394fad64d37a90f7a5f5dbfe86368",4,0,0,0,0,0,0,0,0,0,0,0,0,0,7,3,0,0,0,0,0,0
"86cefe15bf9186d9841e52b8d2140dea",0,0,0,0,0,0,0,0,0,0,0,0,0,0,0,0,0,0,0,0,1,3
"86d0d8e0ea1996a14615eae54f3ef096",1,0,0,0,1,0,0,0,0,0,0,0,0,0,6,0,0,0,0,0,0,0
"87dd5da7018d55008a9facf9a37d9db7",35,0,0,0,0,0,0,0,0,0,0,0,0,0,0,0,0,0,0,0,0,0
"888d6d6570346b2d3d7f656cd8295747",0,0,0,1,0,0,0,0,0,0,0,0,0,0,0,0,0,0,0,0,0,0
"89290e92c498ac72b3c0f055dd2aff12",0,5,0,0,0,0,0,0,0,0,0,0,0,0,0,0,0,0,0,0,0,0
"899ba4404973108836172f918df1ac61",0,0,0,0,0,0,0,0,0,0,0,0,0,0,0,0,0,0,0,0,1,0
"8a6e58a8b5fad36a66917a70e3861cfe",0,0,0,0,0,0,0,0,0,0,0,0,52,0,0,0,0,0,0,0,0,0
"8afe4fa622a80f956bf0a33130e0f708",0,2,0,0,0,0,0,0,0,0,0,0,0,0,0,0,0,0,0,0,0,0
"8b5ecd57089cba9b733889ce44f0668c",4,0,18,0,0,0,0,0,0,0,0,0,0,0,0,0,0,0,0,0,0,0
"8b84174f2fa22132c7700c3c9f94d264",25,8,5,10,18,86,6,0,0,14,0,0,39,4,0,0,0,0,0,0,49,0
"8c694aec46d18add999eab7efd4cc97e",0,0,0,0,0,0,0,0,0,0,0,1,0,0,0,0,0,0,0,0,0,0
"8d305f7981e94dc92c1fbb7f365ef107",4,0,11,30,0,99,39,100,9,0,0,0,0,22,0,0,0,0,0,0,0,0
"8d306dae49aa70c494a31292f93cd178",0,0,0,0,10,0,0,0,0,0,0,0,0,0,0,0,0,0,0,0,0,0
"8d4eba2bdd46f28c2b0640b73dc4961b",0,0,0,0,0,0,0,0,4,0,0,0,0,2,0,0,0,0,0,0,0,0
"8dc9d88ee425a44fddde07db3fdd300f",0,0,0,0,0,0,0,0,0,0,0,0,0,0,0,0,0,0,0,0,0,19
"8e37354696baa7b3141bce1df5375443",0,0,0,0,97,0,0,0,0,0,0,0,0,0,0,51,0,0,0,0,0,0
"8f28ebcb5019b421668638927de8edaa",0,0,7,0,0,0,10,17,0,0,0,0,0,0,4,0,3,0,0,0,0,0
"8f325bf51a0d50864541831d59c18210",0,2,0,0,0,0,0,0,0,0,0,0,0,0,0,0,0,0,0,0,0,0
"90814a0acc11053d2183c35b7eedc5c3",0,0,0,0,0,0,0,0,0,0,0,0,0,0,0,0,0,0,78,0,0,0
"90ec057268d05657906e5470ad8844cd",0,10,0,0,0,0,0,0,0,0,0,0,0,0,0,0,0,0,0,0,0,0
"91901940638fe1568a6c314f2e3ee77a",0,0,0,0,0,0,0,0,1,0,0,0,0,0,0,0,0,0,0,0,0,0
"91b096d235ee04c097596d94d00a896c",0,0,0,0,0,0,0,0,0,0,0,1,0,0,0,0,0,0,0,0,0,0
"91b4cb04a6e91afc2b29d05ba61b5096",0,0,0,0,0,0,0,0,0,0,0,0,0,0,0,0,0,13,0,0,0,0
"944ece5e22953aba3e18bbee7bc19f2e",0,0,0,15,0,0,0,0,0,0,0,0,0,0,0,0,0,0,0,0,0,0
"94a2cff5da69c3e200f532af67feefaf",0,0,0,0,0,0,0,0,0,0,0,31,0,0,0,0,0,0,0,0,0,0
"95db23a57306bc528b998b18bdd3e170",0,0,0,0,0,5,26,2,2,0,8,1,0,0,0,0,0,45,63,2,28,3
"9722eb5b9717ef530fc2b55d25e00b03",0,0,0,0,0,0,0,0,0,0,0,0,0,0,0,0,1,0,0,0,0,0
"9753712028f3ce03dbdf5087ae93e7e6",0,0,0,0,5,0,0,0,0,0,0,0,0,0,0,0,4,0,0,0,0,0
"97c442e76bcbc8c808540737603edbdb",0,0,0,0,0,62,0,0,0,0,0,0,0,0,0,0,0,0,0,0,0,0
"9998c38766c73b76831c9ecf5444d902",0,0,0,0,25,0,0,0,0,0,0,0,0,0,0,2,0,0,0,0,0,0
"99cd99d2b9f141a137435f49472c16e4",0,0,0,0,0,0,0,0,0,0,0,0,0,0,0,0,0,0,0,1,0,0
"9a4520e160447e20378bf37ef5ca3cea",0,2,0,0,0,0,0,0,0,0,0,0,0,0,0,0,0,0,2,0,0,0
"9a8f873ad1836293cbcddc1229fa9f51",0,0,0,0,0,0,612,0,0,1261,106,0,326,0,132,0,494,619,0,0,92,0
"9ab9c32ce47ae58e04c2b1ddff90e0d6",0,0,0,0,0,0,0,0,0,0,0,0,27,0,0,0,0,0,0,0,45,0
"9b10804c5333f9734d1596266ccbf261",6,0,0,0,0,0,0,0,0,0,0,0,0,0,2,0,0,0,0,0,0,0
"9b69a1058c01d37dd92e6ca0ddaaa87a",0,1,5,0,0,0,0,0,3,0,0,0,0,1,2,0,1,0,0,0,0,0
"9b9a4c0d38bfd1cbca13ad7ca796e121",0,0,0,0,0,0,0,0,0,0,0,1,0,0,0,0,0,0,0,0,0,0
"9baadd58cbfe73844b4d5c0947cabf3d",5,1,0,0,0,26,0,0,5,0,0,0,0,0,0,0,0,0,0,0,0,0
"9bb907b226a49bc94a95a1024ec6ec82",0,1,0,0,0,0,0,0,0,0,0,0,0,0,0,0,0,0,0,0,0,0
"9d134ec6a4b4c7815a2a01de86a0ebdf",0,0,14,0,0,0,0,0,9,0,0,0,0,16,0,0,0,0,0,0,0,0
"9d6eb0563ab11c55a561e5470faea5ad",2,0,2,0,0,0,0,5,2,0,0,0,0,0,0,0,0,0,0,0,0,0
"9e7286033c5e41578cbdc392eb9969f5",0,2,0,0,0,0,0,0,0,0,0,0,0,0,0,0,0,0,0,0,0,0
"9ed30fda4750460428d8691c8c947177",0,0,0,0,0,0,0,0,0,0,1,0,0,0,0,0,0,0,0,0,0,0
"9f073c7d9d421aecbccef9482ddaa256",35,59,165,6,0,4,0,1,2,12,0,2,4,0,19,0,0,0,1,1,68,0
"9f2216ede4abe1dc82fbd060ba4f0921",0,0,0,25,10,0,17,0,0,33,26,17,29,0,7,0,0,0,4,8,0,2
"9fab353850dce58ef746cdb5cae48899",0,0,0,0,0,16,0,0,0,0,0,0,0,0,0,0,0,0,0,0,0,0
"9ff33063f5a014c87f1836ac0a4b1d21",0,0,0,0,0,0,0,0,0,0,0,0,0,0,0,0,0,0,0,3,0,0
"a1969ae69dad9185b794869330caa6a0",4,0,13,0,0,0,4,0,0,0,0,0,0,0,0,0,0,0,0,0,0,0
"a26b541f11c4660161785b12f43242a3",0,0,0,0,0,0,0,0,0,0,0,0,0,0,0,0,0,0,0,0,0,6
"a2c357a0da9e05120d4bf4ea5d207424",0,7,17,0,14,0,0,0,0,8,19,10,0,0,0,0,0,14,3,4,1,11
"a2cf28a47d280b000d10943bbad1a966",37,0,0,0,11,0,0,0,0,0,0,0,0,0,0,0,0,0,0,0,0,0
"a394bf038e3bc979490ab6d5715df9f2",0,0,0,6,0,0,0,0,0,0,0,0,0,0,0,0,0,0,0,0,0,0
"a3ada875cb829435e99a7a9d61c52e8b",1,0,0,0,0,0,0,0,0,0,0,0,0,0,2,0,0,0,0,0,0,0
"a3b081ba449377e89f03e3a5b7894d71",0,0,4,447,287,253,0,4,290,0,0,0,0,19,93,423,97,0,0,0,0,0
"a5051e031678ea4b7a65e40448c1c3d4",0,0,0,0,0,0,0,0,0,0,0,1,0,0,0,0,0,0,0,0,0,0
"a519288effae59e55a93ff86ca419506",0,0,0,0,2,0,0,0,0,0,0,0,0,0,0,0,0,0,0,0,0,0
"a5e1c792001283c010d3ce0f0095bf24",0,0,0,0,0,0,0,0,0,0,123,0,0,0,0,0,0,0,0,0,0,0
"a7492f328db73571d15ddc6764974771",0,1,0,0,0,0,0,0,0,0,0,0,0,0,0,0,0,0,0,0,0,0
"a76143fcccaa547f6ee2ce7505c72528",4,0,39,0,0,9,0,0,13,0,0,0,0,0,0,0,0,0,0,0,0,0
"a7b61438ec5e2fd08ca8cf3d5c3ed7e1",0,0,0,0,0,0,0,9,0,0,0,0,0,0,0,0,0,0,0,0,0,0
"a7c1431ffcb7525a014923bc2ef0f491",0,11,0,0,0,0,0,0,0,0,0,0,0,0,0,0,0,0,0,0,0,0
"a954fdc7a4eaf0cdbd264839a41d2917",0,0,0,0,0,0,0,0,0,1,0,0,0,0,0,0,0,0,0,0,0,0
"a9ec41c505632a40fbd0730db5a7c8c9",0,0,0,0,0,0,0,0,0,0,0,0,0,0,0,0,0,0,1,0,0,0
"aabd0a0f961679ce968989ce32d8a482",31,0,1,0,0,4,0,47,3,0,0,0,0,26,0,16,4,0,0,0,0,0
"ab1345c4db7fcf14e9a3cabf552ea274",0,0,42,0,0,10,0,14,0,0,0,0,0,0,5,0,0,0,0,0,0,0
"aba57e8a118a08ec805ff9c1fa2c7d7b",0,0,0,0,0,0,0,0,0,0,0,0,0,0,0,0,0,0,1,0,0,0
"abc4f61d0f16b9063c9957c2342a95b4",0,0,0,0,0,0,0,0,0,0,0,0,0,0,0,0,0,2,0,0,0,0
"ac4b9ad907d58a4fdb7b609edcfa5c2e",0,0,0,0,0,0,0,0,0,0,0,0,142,0,9,0,0,0,8,0,0,0
"ac59bf53ae368ea1e02804f7ee0b7fb1",0,0,0,0,0,0,0,0,0,0,1,0,0,0,0,0,0,0,0,0,0,0
"acd98eacbbcaea8188b889bbfd7eefcb",0,5,0,47,0,0,10,11,0,0,0,0,0,0,0,0,0,0,0,0,0,0
"ad009f3cefba7b9c463f259b52dad5eb",0,0,0,0,0,0,0,0,0,0,0,0,1,0,0,0,0,0,0,0,0,0
"ade15f2fea9e4bed82f61a6f0e8c8326",7,0,0,0,0,0,0,0,0,0,0,0,0,0,0,0,0,0,0,0,0,0
"af5c0160e1e3fff8cced008eaab0367a",0,0,0,0,0,0,0,0,0,1,0,0,0,0,0,0,0,0,0,0,0,0
"af8f5389893b29f08c57934c2908d3e3",0,0,0,0,0,0,0,0,0,0,0,0,16,0,0,0,0,0,0,0,0,0
"b08fabd6adc6905c18511831de81fc43",0,0,0,0,0,0,0,0,0,5,0,5,0,0,0,0,0,0,0,0,0,0
"b15f4b0376ee671573d77c88882f224a",37,0,0,0,0,0,0,0,0,0,0,0,0,0,0,0,0,0,0,0,0,0
"b22c4bfbed9705913d76ee036c4d32ae",0,0,0,0,0,0,79,44,0,0,0,0,0,0,0,0,0,0,0,0,0,0
"b2676f0d2c59d13162d706517894ae1c",0,14,0,0,0,0,0,0,0,0,0,0,0,0,0,0,0,0,0,0,0,0
"b2bb9ca687c6c852d5daf5223444179f",74,0,0,0,0,0,0,0,0,0,0,0,0,0,0,0,0,0,0,0,0,0
"b3305678ca476b0d3ac85ceef00965e3",0,0,0,0,0,0,0,0,0,0,3,41,0,0,0,0,0,0,0,0,0,0
"b3d7027b6baa99b2d81c1cf36ec7ae5d",0,0,0,0,0,0,0,0,0,0,9,0,0,0,0,0,0,0,0,0,0,0
"b5c664a0164d4208088951904ee2836c",0,0,0,0,0,0,0,0,0,15,0,0,13,0,0,0,0,0,0,21,1,0
"b5c6c6ea2b321c2ccbc1b5c48da2edbe",72,0,0,0,0,0,0,0,0,0,0,0,0,0,0,0,0,0,0,0,0,0
"b5fb6f373519b2f45cb92a5e666fd7fe",0,0,0,11,0,0,0,0,0,3,1,0,0,0,0,5,0,0,0,0,0,0
"b6d2843a06f66743330baef1b397b09f",1,0,0,0,0,0,0,0,0,0,0,0,0,0,0,0,0,0,0,0,0,0
"b704e8b262581e66feeb69ffbfb40916",0,0,0,0,0,0,0,0,612,0,0,0,0,0,0,0,12,0,0,0,0,0
"b74d39c7526771dc642ca2bbc0d40ccd",0,0,0,0,0,0,0,0,0,0,0,0,0,0,3,0,0,0,0,0,0,0
"b7bf33cc5e2849032c33db0d45a24111",0,5,0,0,0,0,0,0,0,0,0,0,0,0,0,0,0,1,0,0,0,0
"b804737c1fe4745495c284e73601befb",0,0,0,3,0,0,0,0,0,0,0,0,0,0,0,0,0,0,0,0,0,0
"b83b207c52cb6b099f766bcab3546a55",0,0,0,0,0,0,0,0,0,0,0,0,0,0,0,0,0,0,0,0,0,1
"b890bed803678ce63162050dbafedd03",0,0,0,0,49,0,0,0,0,0,0,0,1,0,0,5,7,0,0,0,0,0
"b89c597133fd59036dba0d4664cdcf0d",152,40,0,0,3,21,0,0,38,0,0,0,0,0,0,0,0,0,0,0,0,0
"b914d693b3f09f04015430e09b803576",0,0,0,0,0,0,0,0,0,0,1,0,0,0,0,0,0,0,0,1,0,0
"bb6ccf76f7a1b278da9ebdfd8ecb9799",0,0,0,0,0,0,0,0,0,27,0,13,37,0,0,0,0,0,2,2,0,16
"bbb724d663f39ce2ff3305ae12f801cc",0,5,0,0,0,0,0,0,0,0,0,0,0,0,0,0,0,0,0,0,0,0
"bbfc412e61b83ccf64d8fe364c108734",0,0,0,0,0,11,0,29,3,0,47,0,7,13,0,16,7,0,0,0,0,0
"bc185faf9ec7ee88f4fff10dd05725f3",0,0,3,0,0,0,0,0,0,0,0,0,0,0,0,0,0,0,0,0,2,0
"bc63fbe78fc164d871668db30c3f82d4",0,0,0,3,0,0,0,0,0,0,0,0,0,0,0,0,0,0,0,0,0,0
"be44ca7830cb0eabfb800a5a67a6a756",0,0,0,0,0,0,0,3,0,0,0,0,0,0,0,1,0,0,0,0,0,0
"beb94758d0e96b2bdc0edea329b4936a",0,0,0,0,0,0,0,0,0,0,0,0,0,0,3,0,0,0,0,0,0,0
"bf8af00eb75e1537968ea326252c5407",0,0,0,0,0,0,0,0,0,7,0,0,0,0,0,0,0,0,0,0,0,0
"bfc29e1688cde5b05ab557c628b24cb3",7,0,0,0,0,0,0,0,0,0,0,0,0,0,0,0,0,0,0,83,6,0
"c01c8d9b4dbab291186f7387bce000ba",0,0,0,0,0,1,0,0,0,0,0,0,0,1,0,0,0,0,0,0,0,0
"c03ecc65e5122ef5eb8f3ff681f3c59f",0,0,0,0,0,0,0,0,0,0,0,0,0,0,0,0,0,0,0,0,1,0
"c03ed6036b8796df6ad9788f1946eae2",0,0,0,0,0,0,0,0,0,0,0,0,0,0,0,0,0,0,0,40,0,0
"c0df105a43db9827405a3c4d652c16da",0,0,0,0,0,0,0,0,0,297,319,420,38,0,0,0,0,103,302,147,117,212
"c2ee2c7c136154a676840ec23002d034",0,0,94,0,15,0,34,19,3,0,0,0,0,0,0,0,1,0,0,0,0,0
"c34159ec69cbe492d17dbdebff10bbe7",0,0,0,0,0,0,0,0,35,0,0,0,6,0,0,0,0,0,0,0,0,0
"c37e673f2d76f2674e84c67397c47362",0,0,0,30,0,1,0,9,0,0,0,0,0,0,0,79,0,0,0,0,0,0
"c3ca415256b58b57050a8dcf1d01b4e9",0,0,0,0,1,0,0,0,0,0,0,0,0,0,0,0,0,0,0,0,0,0
"c41eed8fea59bd6b96eae5cc59a8a795",0,0,0,0,0,0,0,0,0,0,0,0,0,0,0,0,0,1,5,0,4,0
"c456e1a324bf1866cf2eec21fdb3e273",1,0,0,0,0,3,0,0,0,0,0,0,0,0,0,0,0,0,0,0,0,0
"c4eab74b600a1011404a0e6be5954b0c",0,0,0,0,6,0,0,0,0,0,0,0,0,0,0,0,0,0,0,0,0,0
"c56399fcfb2be2732188758a10ba7702",0,3,0,0,0,0,0,0,0,0,0,0,0,0,0,0,0,0,0,0,0,0
"c595a6f3431803bf7101317fd85ec23b",0,0,0,0,0,0,0,0,2,0,0,0,0,0,0,0,0,0,0,0,0,0
"c6292261aef296d5088023149bb308e4",0,0,0,0,0,0,0,0,0,0,0,0,0,0,0,0,0,781,978,524,1014,1
"c6735b6edc8917ab7e280e7166d01d24",5,0,28,0,0,0,0,0,0,0,0,0,0,0,0,0,0,0,0,0,0,0
"c6d9ed70e1b4ccd9b8c755dfc5dd732b",0,0,0,0,0,2,0,0,0,3,0,0,0,0,0,0,0,0,0,0,0,0
"c7e0d0ec7db5ff6b347c3c4e24d0adc7",60,38,51,97,30,18,71,19,10,4,0,17,30,45,32,38,29,3,11,11,9,5
"c9ff3a6c71d7ed5891a217724beb1934",0,0,0,0,0,7,0,0,0,0,0,0,0,0,0,0,0,0,0,0,0,0
"cab3a61f10daa6125454d130f52d6d56",0,0,0,0,0,0,0,4,0,0,0,0,0,0,0,0,0,12,42,0,0,0
"cabbe72bb85bda9646b88fde34da279b",0,0,0,0,3,0,0,0,0,0,0,0,0,0,0,0,1,0,0,0,0,0
"cbc4c77e61ae22c1dc6c41c6fa7af4db",0,0,10,0,0,0,0,0,0,0,0,0,0,0,0,0,0,0,0,0,0,0
"cda8f7a570e8a30c608090d046048bc6",0,0,0,0,17,0,0,0,0,0,0,0,0,0,0,35,7,0,0,0,0,0
"cdcc84e73bd7af2a8a1e6af59f2b25bb",0,0,0,7,0,0,0,0,1,0,0,5,0,0,7,1,0,0,0,0,0,0
"cfa5e82da30698525c03b145bd75934e",0,0,0,0,0,5,0,0,0,0,0,0,0,0,0,0,0,0,0,0,0,0
"d088d7e80b196d72f75080a812d08264",0,0,0,0,0,0,0,0,0,0,0,1,0,0,0,0,0,0,0,0,0,0
"d0d49a868d682ae745d71f4fbfba71b1",0,3,0,0,0,0,0,0,0,0,0,0,0,2,0,0,0,0,0,0,0,0
"d21710911b184d6eee705efbd62291d6",0,0,4,0,0,0,0,0,0,0,0,0,0,0,0,0,0,0,0,0,0,0
"d2ca6be9f93f3134c519900baa78261e",0,0,5,0,0,0,0,0,2,0,0,0,0,0,0,0,0,0,0,0,0,0
"d2daa7ad84c9fc90b712f65860e9d46d",0,0,0,0,0,0,0,9,0,0,0,0,0,0,0,0,0,0,0,0,0,0
"d35d7dc070eabaf10449c3d2f3c7eec7",0,0,0,0,0,1,0,0,0,0,0,0,0,0,0,0,0,0,0,0,0,0
"d45a5d98f71b04e8c7049cddea219801",5,0,0,0,0,0,0,14,0,0,0,0,0,0,5,0,0,0,0,0,0,0
"d46a67f0137b31e0f7cb711fd6590689",0,0,0,0,0,0,6,0,0,0,0,0,0,0,0,0,0,0,0,0,0,0
"d54633f6b6b99aa2050708251830a20a",0,0,0,0,0,0,0,0,0,0,0,0,0,106,0,0,0,0,0,0,0,0
"d5c936833ea6d34c4a963b7feaf9a94d",0,0,4,0,0,0,8,0,0,0,0,0,0,0,1,0,0,0,0,0,0,0
"d6641e2cd69f9a31a18950bc33e1c7b8",0,0,0,0,0,0,5,0,0,0,0,0,0,0,0,0,0,0,0,0,0,0
"d6bfb4a12ae37cc3afa209f64b766bdb",8,0,0,0,2,12,0,0,0,0,0,1,0,6,0,0,0,2,0,0,0,0
"d775459d24ec49b0991237c99412c0c2",1,0,0,0,0,0,0,0,0,0,3,0,0,0,0,0,0,0,0,0,0,0
"d8fb9ae030e1b8c35452cd8897bcfa19",0,12,0,0,0,14,0,0,0,0,5,0,0,2,0,3,1,1,0,0,0,2
"d927c1e46f89c7ec615f6d9f7bf71e4b",55,13,25,60,2,10,26,16,14,1,0,8,2,25,16,17,2,4,2,9,0,0
"d93de9b9832e27e3f09251f87e639826",0,5,0,0,0,0,0,0,0,0,0,0,0,0,0,0,0,0,0,0,0,0
"d959c19da2d9dfa3b26e12f99061ed79",0,0,3,0,0,0,0,0,0,0,0,0,0,0,0,0,0,0,0,0,0,0
"dccef9dc8c107ad79b6c938cabac82d2",0,0,0,0,0,5,0,1,0,0,0,0,0,0,0,0,0,0,0,0,0,0
"dd7008e8576eac2369d61ea6be4201f9",1,0,0,0,0,0,0,0,0,0,0,0,0,0,0,0,0,0,0,0,0,0
"dd8776485182d9f61a7c51634684dd15",0,2,0,0,0,0,0,0,0,0,0,0,0,0,0,0,0,0,0,0,0,0
"dda97ad6e3f747f14e09d0b1512862fe",8,0,0,0,0,0,0,0,0,0,0,0,0,0,0,2,0,0,0,0,0,0
"ddb92a10e6534e91f64b377f6db853d4",0,0,0,0,0,0,0,0,0,0,0,0,0,0,69,0,0,0,0,0,0,0
"de87fc1c99274fb37424fee5361df498",0,0,7,0,0,0,0,0,30,0,47,10,0,0,0,32,0,0,0,0,29,40
"de9be834fc7b42169a00cab2af100d2f",0,0,0,0,4,0,0,0,0,0,6,0,0,7,0,0,5,0,0,0,0,3
"df18a9bc28321db49b0e7c3e3faad4cc",0,0,0,0,5,0,5,0,0,0,0,0,0,0,0,0,0,0,0,0,0,0
"e163e14d95c3a3913029daad7e78682f",0,0,0,0,0,0,0,0,0,0,0,0,0,0,0,0,0,11,0,24,0,0
"e175e711a4bc01e270856fbf30cb3ff3",0,0,0,0,0,0,0,0,0,0,0,0,0,0,0,0,8,0,0,0,0,0
"e558755bda4c68b9947e37aeb4e2010e",43,0,116,214,82,60,58,188,143,67,43,16,133,29,67,216,131,84,119,35,0,5
"e56705fc7879985b1c3642c9fc907221",0,0,0,0,0,0,0,0,0,0,0,0,0,0,2,0,0,0,0,0,0,0
"e746b3149463dd60cbdb1e685c0e93db",2,0,0,0,0,0,0,0,0,0,33,1,0,0,0,0,0,0,0,0,0,21
"e8be8273c24834ca59aac18e88774862",0,34,12,0,0,0,0,0,0,11,8,7,0,0,0,0,0,0,1,3,1,61
"e8fa2570b8ffa344f36cb66632fc2049",1,0,0,0,0,0,0,0,0,0,0,0,0,0,0,0,0,0,0,0,0,0
"e9e62dde263b78ff9784c694189bf035",0,0,0,0,0,0,0,0,0,6,0,0,0,0,0,0,0,0,0,8,0,0
"ec1cd948cb2dfff0277c6d1dc5f7035f",0,0,0,0,3,0,0,6,0,0,1,0,0,0,0,1,0,0,0,0,0,0
"edfa2b680a42826e7668ac1136b86fbc",1,0,0,0,0,0,0,8,0,0,0,0,0,0,0,0,0,0,0,0,0,0
"eef9720f85351cccb51066bd6b28934c",0,7,0,0,0,2,0,0,0,0,0,0,0,1,0,0,0,0,4,0,0,0
"ef09a46243eeba964fc629350eaaae36",0,1,2,0,0,0,0,0,0,0,0,0,0,0,0,0,0,0,0,0,1,0
"f00f0b970258e142c6d476657f2d0c16",0,1,0,0,0,0,0,0,0,0,0,0,0,0,0,0,0,0,0,0,0,0
"f0d2a7581c4bd7f58692d33441b0136e",0,0,0,0,0,0,0,97,0,56,0,27,0,0,0,40,154,0,24,64,0,73
"f27b4e30ad42a6d1b2e393abcd9dd063",27,0,6,1,0,0,0,0,71,0,0,0,1,6,6,0,0,0,0,0,0,0
"f3155ca1b4e5abf9ef4d4f7c3c3feca1",0,4,0,0,0,0,0,0,0,0,0,0,0,0,0,0,0,0,0,0,0,0
"f3c67ba0c408a8f7844d603910d8a263",2,23,69,1,19,6,0,0,1,0,8,2,7,0,0,0,0,13,5,10,0,2
"f66c6161365d99970dffa5e3a4985fa7",5,0,0,0,0,4,0,0,13,0,0,0,0,0,0,0,0,0,0,0,0,0
"f6871bba797d410b7d4c083f489c30d3",0,0,0,1,0,0,1,0,0,0,0,0,0,0,0,0,0,0,0,0,0,0
"f69cf3da1d5ffcc7e6422bf34cc837e1",0,0,0,0,0,0,0,0,0,4,0,1,0,0,0,0,0,0,1,2,0,2
"f6cd548313198ef82ac1874ebf448ed5",0,0,0,0,0,0,0,0,0,0,0,0,0,0,0,0,0,5,0,0,4,0
"f72978893c85cd6f3a89598b280923a3",0,0,0,0,0,0,0,0,3,0,0,0,0,0,0,0,0,0,0,0,0,0
"f7c46d8b4100b5f92040dfbb279fad6c",0,7,0,0,0,0,0,0,0,0,0,0,0,0,0,0,0,0,0,0,4,0
"f9d32b172ae04cea995e90f9ab0e2060",0,0,14,0,4,0,0,0,0,0,0,0,0,1,0,0,0,0,0,0,0,0
"fae3a2dfe7415bba1e1ca8ac665f904f",0,0,8,0,0,0,0,0,1,0,0,0,0,16,0,0,0,0,0,0,0,0
"fb57ce6e6e5fee8e61bee068c701b65d",0,14,0,0,0,0,0,0,0,0,0,3,0,0,0,0,0,0,0,0,0,0
"fb93e62a9afdfdc54645109326810226",0,0,0,0,0,0,0,0,0,4,9,12,6,0,0,0,0,0,0,0,0,0
"fc01bc2caefb364de5acb92cd3599161",2,0,0,0,0,0,0,0,0,0,0,0,0,0,0,0,0,0,0,0,0,0
"fcaaf23dff4ac9c7329739b5d9ee7bcb",0,0,0,0,0,0,0,0,0,0,0,0,0,0,0,0,0,0,0,0,0,1
"fd88d355676826758b3975652fddfd77",0,0,0,0,0,0,0,0,0,0,0,0,2,0,0,0,0,0,0,0,1,0
"fdbcacb8e04442a9e3ab237af4cb54c4",0,0,0,0,0,0,0,0,0,0,0,0,1,0,0,0,0,0,0,0,0,0
"fe290e7cb731760d74c04b4df1af9a9b",0,0,0,0,0,0,0,0,0,33,0,0,0,0,0,0,0,0,0,0,0,0
"fe5f794b96860f4f07a51140d3fd09d5",0,0,0,0,0,0,0,0,0,0,0,0,0,0,0,0,0,0,0,1,1,0
