"","HPC1611","HPC1612","HPC1615","HPC1618","HPC1619","HPC1621","HPC1622","HPC1623","HPC1625","HPC1626","HPC1627","HPC1628","HPC1629","HPC1630","HPC1631","HPC1632","HPC1633","HPC1634","HPC1635","HPC1637","HPC1638","HPC1639","HPC1640"
"00b9f7cfaad6714a0a740d4a6d92c2e7",0,0,0,0,0,0,0,0,0,0,0,0,0,0,0,0,0,0,20,0,0,0,0
"00db141e7cf1c2a9de519b6703d3301a",0,0,8,6,0,8,0,0,23,0,0,0,0,0,0,0,3,0,0,0,0,0,0
"00fb68e47adfc60c29b079702dd3a7e0",0,0,0,0,0,0,0,0,0,0,0,0,0,0,0,0,0,0,0,0,19,0,0
"01404cb98895d58a0181327432d1777d",0,0,0,0,0,0,0,0,0,0,0,2,0,0,0,0,0,0,0,0,0,0,0
"0185932c3c7166d85ef932de1b14cfe1",0,0,0,0,1,7,0,0,0,0,0,0,0,0,0,0,0,0,0,0,0,0,0
"02217ce5774022c7404c6bd0d4a2ccf9",0,0,0,2,0,0,2,8,10,0,7,0,0,0,0,4,9,0,0,1,0,0,0
"02220fccc405a8b8f9b18ba70c9ab6b2",0,0,0,0,0,0,0,0,0,0,0,0,0,0,0,0,0,0,0,2,0,0,0
"02572cbf807aaf23803bc3e7e6926af9",0,0,0,0,0,0,0,0,0,0,0,2,0,0,0,3,0,0,0,0,0,0,0
"02b1f2a0da8827e721e10015f98811e6",0,0,0,0,0,0,0,0,3,0,0,0,0,0,0,0,0,4,0,0,0,0,0
"033f5bd5245fd93273db013ecfaf1fb0",0,0,0,0,10,0,0,107,0,16,2,0,0,0,0,0,0,0,0,0,0,0,0
"035bcd1d9af45acab031b1b03fdb7aac",0,0,0,0,0,0,0,0,0,0,0,0,0,0,0,0,0,0,0,10,0,0,0
"03b7772f2168ac3e041fec207cd257cf",0,0,0,0,0,0,0,0,8,0,0,0,0,0,0,0,0,0,0,0,0,0,0
"0439d6960acb7b6a6f194f6396f3cc1d",4,0,0,0,0,0,0,0,0,0,0,0,0,0,0,0,0,0,0,0,0,0,0
"05703ed30530df3decdded2e69235587",0,0,1,0,0,0,0,0,0,0,0,0,0,0,0,0,3,92,0,0,0,0,0
"069563643cf6909aa9670ae7c0588c74",0,0,0,0,0,0,0,0,0,9,0,0,0,0,0,0,0,0,0,0,0,0,0
"069f183ab5a5cf8d67d73bc695809c6b",0,0,0,0,0,0,0,372,50,0,0,0,0,0,0,0,0,0,0,0,0,0,0
"06e93a1ef1306c65d6e2a68a039d0039",0,0,8,0,0,0,4,0,0,1,2,0,0,2,0,3,4,0,38,3,1,0,0
"06fbddb56fbc5b3ca6e2b71ea921bd50",0,0,0,1,0,0,0,0,1,0,3,7,0,0,0,0,2,0,0,2,0,0,0
"0798bc4b2b5f721f76fce95fa7c4ad65",0,0,0,0,0,0,0,0,0,0,0,0,0,0,0,0,2,0,0,0,0,0,0
"0837b657c1d1f43f280ef2435311c939",0,0,0,0,0,0,0,0,0,0,0,0,0,0,0,0,0,6,0,3,0,0,0
"088afd5a3a18b602d8b1603556719420",0,0,0,0,0,0,0,0,0,0,0,0,0,0,0,0,0,0,0,0,1,0,0
"089e7f00e2341df2db9e7129ee161aa1",0,0,0,0,0,0,0,0,0,0,0,0,0,23,0,0,0,0,0,0,0,0,0
"08ca358ce38892e235f7054771e57b93",0,0,0,2,18,0,2,0,0,85,0,0,0,0,0,0,0,0,0,3,0,0,0
"09c7a9b0d7e4534dd1b9563ecb91de1f",0,0,0,0,0,2,0,9,0,0,0,1,1,0,0,0,0,0,0,0,0,9,0
"0a55820148562eef7c47af5ab05610b8",0,0,1,17,2,4,8,16,0,15,0,6,25,3,0,0,0,0,0,0,0,2,0
"0a7fe3595e40caeafecb26f55ecf526d",0,0,0,0,0,0,2,0,1,0,0,0,0,0,0,0,2,1,0,192,0,0,0
"0aeeef473c13d3b4fd4fd74efec556e4",0,0,0,0,0,0,0,0,4,0,0,0,0,0,0,0,0,0,0,0,0,0,0
"0b19538c4616c2e4675c64cbf73a3372",0,0,9,88,11,15,11,2,0,0,0,0,0,0,0,0,0,0,0,0,0,0,0
"0b3ca4470e07693f7027a1ef404c9c24",0,0,0,0,0,0,0,0,0,1,0,0,0,0,0,0,0,0,0,0,0,0,0
"0d64e0170fd5c43d58714adb75f53603",0,0,2,3,2,2,0,0,0,1,0,3,0,2,0,0,1,0,0,0,4,10,1
"0ddc4f9500212f1dda7e91831770186a",4,0,0,0,0,0,0,0,0,0,0,0,0,0,0,0,0,0,0,0,0,0,0
"0eaea4817728b1b9fc908a08e1fba154",0,0,0,0,0,0,0,0,0,0,0,0,0,0,0,0,0,0,0,9,0,0,0
"0f29aec4e7dafdd70a57ac1e3c3f6dcf",0,0,0,0,0,1,0,0,0,0,0,0,0,0,0,0,0,0,0,0,0,0,0
"0f5c88a54d6007485912717d5bafb999",0,0,0,0,1,0,0,0,0,0,0,0,0,0,0,0,0,0,0,0,0,0,0
"0fd24fb9edc352a688fa95e24733afdf",0,0,0,0,0,0,0,0,0,0,0,0,0,0,0,0,0,0,11,0,0,0,0
"0fd321a89348e331185791939bd83635",0,0,9,0,0,0,0,0,0,0,0,0,0,0,0,0,0,0,0,0,0,0,0
"105c0710d035b53930b0bad9a8daa8a1",0,0,0,0,0,0,0,0,0,0,0,0,0,0,0,0,0,3,0,0,0,0,0
"10839859eac5ca8431ee848d9f00803f",1,0,0,0,0,5,0,0,0,0,0,0,0,0,0,0,0,0,0,1,0,0,0
"108cbc975ea4ac83a7fa3c8220bc89d7",1,0,0,0,0,0,0,0,0,0,0,0,0,0,0,0,0,0,0,0,0,0,0
"109c12009b32f821a32af4cc62599596",0,0,0,0,0,0,0,0,0,2,0,0,0,0,0,0,0,0,0,0,0,0,0
"10e5f4a0a45782e74568a9ed32c54bbe",0,0,0,0,0,0,0,0,5,0,0,0,0,0,0,2,0,0,0,0,0,0,0
"10f6ec05551665bce8f1942bbdded715",0,0,0,0,0,0,0,0,0,0,2,0,0,0,0,0,0,0,0,0,0,0,0
"1168bb363a67a1cfdc8133ccf81b8e13",0,87,0,0,0,0,0,0,0,0,0,0,0,0,0,0,0,0,0,0,0,0,0
"12568fd361529a405bbd54a1bb356e8b",0,0,0,0,0,3,0,0,0,0,0,0,0,0,0,0,0,0,0,0,0,0,0
"127297ee519e246131a0ec2f6e7f224c",0,0,0,1,24,0,0,0,0,16,0,0,0,0,0,0,0,0,0,0,0,0,0
"128ed17cb7931cd03f546d81102936b6",0,3,3,0,13,0,1,2,0,0,2,3,0,0,2,0,8,0,0,0,0,0,0
"13e7d8f598035447d123840e986a771a",217,0,1,0,0,0,8,0,0,0,0,0,0,7,0,0,0,0,0,0,0,0,6
"13fed5d2205932c2e96bc819c9c15c5c",2,0,0,0,0,0,0,0,0,0,0,0,0,0,0,0,0,0,0,0,0,0,0
"156b18a672954bed155804f37327c646",0,0,0,0,0,0,0,0,0,0,0,0,0,0,0,0,0,0,0,10,0,0,0
"157a3ae68f649aa19985b36aeb2b5cc6",0,4,0,0,0,0,0,0,0,0,0,0,0,0,0,0,1,0,0,0,0,0,0
"15f9cad32a8eafb595661e2fcb980551",0,0,0,0,0,0,0,0,0,0,0,0,0,0,0,0,0,5,0,0,0,0,0
"167696ae6e3b36b97b3525082d6ba727",0,0,0,0,0,0,0,0,0,0,0,0,0,0,0,0,0,0,0,0,1,0,0
"16c588d8b393e723d6214d8d5ac7dc6f",0,0,0,0,0,0,1,0,0,0,3,0,0,0,0,0,0,0,0,0,0,0,0
"16f020830e952b571bc6361e7506bdc6",0,0,0,0,0,0,0,2,0,0,0,0,0,0,0,0,0,0,0,0,0,0,0
"17332728e59dc0a6d6015eb75b324a49",0,2,1,1,0,0,0,0,0,14,1,27,11,44,8,30,24,6,46,4,0,0,10
"17341c3f81b15964ae27a0ac50579d19",0,0,0,0,9,0,0,0,0,0,0,0,0,0,0,0,0,0,0,0,0,0,0
"180a6e40f560e205f1e90c9b175c6ed3",0,0,0,0,0,0,0,0,0,0,0,0,0,0,0,0,0,0,0,9,0,0,0
"18cadcffaff74a9880cf0d2b09896f19",0,8,0,0,0,0,2,0,0,12,5,0,0,0,0,0,0,0,0,0,0,0,0
"1aca3264ec91d514a4c11c3cb321f3e0",0,0,0,0,0,1,0,0,0,0,2,0,0,0,0,0,0,0,0,0,0,0,0
"1af55106dc6628682b51d314f68857a6",0,0,0,0,0,0,2,0,0,0,0,0,0,0,1,0,0,0,0,0,0,0,0
"1bdd207c2b5a6578f4698c9002dcd069",0,0,0,0,0,0,0,0,0,0,0,0,0,0,0,0,0,0,1,0,0,0,0
"1bfac9024b73f6407173a808838dfa94",0,0,0,1,0,0,0,0,0,4,1,0,0,0,0,3,0,0,0,0,0,0,0
"1c2c4481171be567789843de77e41d11",0,0,0,0,0,0,0,0,0,0,0,0,0,0,0,0,0,0,0,35,0,0,0
"1c4cd61e295870e81876450db56481a5",0,0,0,0,0,0,0,0,0,0,0,0,0,0,0,0,0,0,0,0,0,2,0
"1ca718193828f4008b20c245b8e73f48",0,0,0,0,0,0,0,0,1,0,0,0,0,0,0,0,0,0,0,10,0,0,0
"1d4e962f0cb28b17623d5ce153bf3da0",0,23,0,23,93,0,5,0,4,0,14,0,0,0,79,0,0,0,0,0,0,0,0
"1d5db8b43506538dc873100dbf1babe9",0,0,2,0,0,0,0,0,0,0,0,0,0,0,0,0,0,0,0,0,0,0,0
"1db34a3c2faac40962039ce55ddf2e6c",0,0,0,0,0,0,0,0,0,0,0,0,0,0,0,0,0,0,0,5,0,0,0
"1db82d63bce8ec53993890c9e44bf041",4,0,0,0,0,0,0,0,0,0,0,0,0,0,0,0,0,0,0,0,0,0,0
"1e3664d43cb955b61387aa11d1dddfd0",201,0,0,0,0,0,539,0,0,0,0,0,0,1,0,0,0,0,34,0,0,0,0
"1f1af3da57301b485bd01347a2b71bbc",0,0,0,0,0,0,0,0,0,3,0,0,0,0,0,0,0,0,0,0,0,0,0
"1f40236cdff722a5116eb9457f8dabd3",0,0,0,0,0,0,0,0,0,0,1,0,1,0,0,0,3,0,0,0,5,0,0
"1f41f115cb405f2ac7a1db6f0d47013a",0,0,0,0,0,31,0,0,0,0,0,5,0,0,0,0,0,0,0,0,0,0,0
"1f7c2d848e18b62b3508f645fe387cb6",0,0,0,0,0,0,0,0,0,0,0,0,0,0,1,0,0,0,0,0,0,0,0
"202dd22d09a1f87885be2fdae3f0be68",0,0,0,0,0,0,1,0,0,0,0,0,0,0,0,0,0,0,0,0,0,0,0
"2031af0ed6bc6004eb969e62bd0624b4",0,0,0,0,0,0,0,0,0,7,0,0,0,0,0,3,0,17,0,0,0,0,0
"2046bb0f26fadcdf415fc402a9d93679",0,0,0,0,0,0,0,0,4,0,0,0,0,0,0,0,0,0,0,0,0,0,0
"205689b524b6f04b260bfa6f080179bd",0,6,0,0,0,0,0,0,0,0,0,0,0,0,0,0,26,0,0,0,8,52,0
"207647183ba0333a1ed361c02ea50d0f",0,0,0,0,0,0,0,0,3,0,0,0,2,0,0,0,0,8,0,36,0,0,0
"228e7ae35ddea86db1e312de22a46b5b",0,0,0,0,0,0,0,0,0,0,0,0,0,0,0,0,8,0,0,0,0,0,0
"22bfdf922188ba93ee555cd3a5ac5d48",0,0,0,0,0,0,0,3,0,0,0,0,0,0,0,0,0,0,0,0,0,0,0
"23c0fc711c6d74e4ad7902b34c084b5a",0,9,0,0,0,0,0,0,0,0,0,0,0,0,0,1,0,0,0,0,0,0,0
"23edb4fd44dea85d661464ae7125f257",0,0,0,0,0,0,0,0,0,0,0,0,0,0,0,0,0,0,0,0,0,0,2
"243878730eba8e846f5a2ab8f1544bd2",0,0,0,0,0,0,0,0,7,1,4,0,0,0,0,0,0,1,0,0,0,0,0
"24791d3d91858737c317d435d768b6aa",0,0,0,0,0,0,0,0,0,0,0,0,0,0,0,0,0,0,4,0,2,0,0
"24b4ea001944ba76e643be9e7b75cb86",0,0,0,0,0,0,0,0,1,0,0,0,0,0,0,0,0,0,0,0,0,0,0
"261935bf4d4df64dc9206ab7ccfd645e",0,18,0,0,0,0,0,0,0,8,0,0,0,0,0,0,0,2,0,0,0,5,0
"2628bc3ce0449352d3090092eba9ebc8",0,54,17,22,7,0,7,6,10,25,9,11,1,2,0,0,3,3,0,0,1,20,6
"26c442a2046841de80134893bc0915a1",0,0,0,0,0,0,0,2,0,0,0,0,0,0,0,0,0,0,0,0,0,0,0
"26f339506d88e7b057613ee1c5bc510d",5,21,19,12,0,3,0,0,0,0,0,0,0,0,0,0,0,0,0,0,9,5,4
"2826584c4dae42748e6c34f9a192d6ab",0,0,0,0,0,0,0,0,0,0,0,0,0,0,0,0,0,0,0,13,0,0,0
"2835e6b3ed880a518c4a7cc45aa2492d",0,0,0,0,1,0,0,0,0,0,0,0,0,0,0,0,0,0,0,0,0,0,0
"2849ae4e04864aa470fcafd5f8c86473",0,0,0,0,0,0,0,0,17,0,0,0,0,0,0,0,0,0,0,0,0,0,0
"287293cee135b9998709bda1f33c2e49",0,0,0,0,0,0,0,0,0,0,0,0,0,0,0,4,0,0,0,0,0,0,0
"2a6d594e52c9b6334bcffef4db6a2fc2",0,0,0,0,0,0,0,0,0,0,0,0,1,0,0,0,0,0,0,0,0,0,0
"2b4970ca6af26e91607595a26a75099b",0,0,0,0,0,0,0,0,0,0,0,0,0,0,0,0,0,0,0,53,0,0,0
"2b62fe8b3f8211040e64fa8fc5b36b27",0,0,0,0,0,0,0,0,2,0,0,0,0,0,0,0,0,0,0,0,0,0,0
"2ba90b0be01177328bfba05450b59ed7",0,0,0,0,0,11,3,0,0,0,13,0,0,0,0,0,0,0,0,0,0,0,0
"2bc3a8be44773e80d2ad7e283df00376",0,0,0,0,4,0,0,2,0,0,0,0,0,0,0,0,0,0,0,0,0,0,0
"2c03065f3acff133c9c05e0488a8e458",0,0,0,0,0,0,16,0,0,0,0,0,0,0,0,0,0,0,0,0,0,0,0
"2d949d1ac2c7bd016db42d26914c12a1",0,0,0,0,0,0,0,0,25,0,0,0,1,0,0,0,0,0,0,18,0,0,0
"2e10669d21778c6c943dd10801ceb60a",0,0,0,0,0,0,1,0,0,0,0,0,0,0,0,0,0,0,0,0,0,0,0
"2e9647a26f7602fa1bfeb52e4b5f74f1",0,2,0,0,0,0,0,0,0,0,0,0,0,0,0,0,0,0,0,0,0,0,0
"2f37611fbd002402d0d7bc5694578944",0,0,0,0,0,0,0,0,0,0,0,0,0,11,0,0,0,0,0,0,0,0,59
"2f49610f9b40af4a510bd644f3efad4b",0,2,2,0,0,0,0,0,2,0,0,0,0,0,0,0,0,2,0,0,0,0,0
"2f7354a4691dc830628e1137b50fb7ce",0,0,0,0,0,0,0,0,0,0,1,0,0,0,0,0,0,0,0,0,0,0,0
"2f8d47332b12dd771e9fefc4167c4680",0,0,0,0,0,0,0,0,0,0,0,0,0,0,0,0,0,135,0,0,0,0,0
"2fbc442b36aab24b8a84edccd0bdc4f1",0,0,1,17,1,0,0,0,0,0,0,0,0,0,0,0,0,0,0,0,0,0,0
"302c25410e905a32fac3f59019a52c7a",0,2,0,1,1,0,0,1,0,5,5,0,4,5,15,3,4,0,7,0,0,2,0
"30e3d72fcbd951def5a57611527d2a91",0,0,0,0,0,0,0,0,0,0,0,0,0,0,0,1,0,0,0,0,0,0,0
"31e8701d31c3e62c1b346677d0fbb769",0,0,0,0,0,0,0,0,0,0,0,0,0,0,0,0,1,1,0,0,0,0,0
"325553effac2caa0a5684f0650893e49",0,0,0,0,0,0,0,0,7,0,0,0,0,0,0,0,0,0,0,172,0,1,0
"3262a7e70e1dd963244d1d00a2b9281a",166,27,12,11,20,75,6,30,5,49,12,3,0,48,12,2,12,0,0,0,1,12,1
"328cdb0f35f0207ed4e3a37e77886853",0,0,3,0,0,0,0,0,0,0,0,0,0,0,0,0,0,0,0,0,0,0,0
"333bbc214b6947b8d7796ace0aefa3bf",0,0,3,1,0,0,1,20,3,44,0,0,0,0,0,0,0,0,0,0,0,0,0
"33821016e68ce838bdff3bcb57daf11b",0,0,0,0,0,0,0,1,0,0,0,0,0,0,0,0,0,0,0,0,0,0,0
"338c1b853eb62521e948eea620bd694e",0,0,0,1,0,1,3,0,0,0,0,0,0,0,0,38,33,1,0,0,0,0,0
"3424612315ed0a562bbdd7a35c5591e1",6,8,4,0,0,0,0,2,0,0,2,5,4,6,0,2,2,2,11,2,5,4,0
"34d87c87118ec297dd0e889d2a2ff2ac",0,0,0,0,0,0,2,0,0,0,0,0,0,0,0,0,0,0,0,0,0,0,0
"355467c1358ae54626efbeb1ede7dc0d",0,0,0,0,0,1,4,0,0,0,0,0,0,0,0,0,4,0,0,4,0,0,0
"35e9627ed3c81ea8f1a6c20155e8191a",0,0,0,0,0,0,12,0,0,0,0,0,0,0,0,0,0,0,0,0,0,0,0
"363cc719a76f2d65f7cc6058c48ffe8d",0,0,0,0,0,19,0,0,0,0,0,0,0,0,0,0,0,0,0,0,0,0,0
"3763617a6117adc2b98525dea5f83538",0,0,0,0,0,0,0,0,0,0,0,0,0,0,0,0,0,0,0,0,7,0,0
"3793c501bf0a541418452baa5b8abff2",0,0,0,0,0,0,0,0,0,0,0,2,0,0,0,0,0,0,0,0,0,0,0
"37a735a589da0a94a2ba7b17f800101d",0,1,3,10,13,0,0,0,14,4,6,11,5,1,0,0,0,2,0,0,7,3,0
"3853ce2fe08302838f7d5e01e5ace755",0,0,0,0,0,0,0,0,0,0,0,0,0,0,0,1,0,0,0,0,0,0,0
"385a1ba4cef54506cb0123b81c9d802a",0,0,2,3,5,0,2,13,0,0,0,0,0,0,0,0,0,0,0,0,0,0,0
"3889c757cbbb522208de62cf9892f10b",0,0,0,0,0,0,0,0,0,0,13,0,273,0,0,0,0,0,0,0,0,0,0
"38b410162db7672a1249238acbcaab23",0,0,0,0,0,4,0,0,0,0,0,0,0,0,0,0,0,0,0,0,0,0,0
"38ccc9b4b8603b38469c32ab1a7a2c24",0,0,0,0,0,0,0,0,4,0,0,0,0,0,0,0,0,1,0,3,0,0,0
"3903dfd1b6cb63d6edd12f208615ccf3",0,0,0,0,0,0,0,0,0,0,0,0,0,12,0,0,0,0,0,0,0,0,0
"3932d0e46a4d42546a84688e5b794142",0,0,0,0,0,0,0,0,0,0,0,0,0,0,0,0,0,0,0,0,8,0,0
"3990019a6040874110a72374eb15b139",0,0,0,0,2,11,0,0,3,0,0,5,8,2,0,0,0,1,0,2,0,1,0
"3b180b5dd5fed6eac59f8908b236b689",2,1,0,2,0,0,0,0,0,0,1,0,0,0,0,2,0,0,2,0,2,3,0
"3b6e6d03c26addb29bc6157c38b2e536",0,0,0,0,0,0,0,37,0,0,0,0,0,0,0,0,0,0,0,0,0,0,0
"3bc45e0457d8222f3b53ff5257312107",0,0,0,0,0,0,0,0,0,0,0,0,0,2,0,0,0,0,0,0,0,0,0
"3bccbc77e7dd2ab37755eab737c70f9f",0,0,0,0,0,0,0,0,1,4,0,0,0,0,0,0,0,0,0,0,0,0,0
"3c3fd1b0bbd9f4e23e6d0abb65346a7a",0,0,0,0,0,0,0,0,0,0,0,0,0,0,0,0,0,0,0,2,0,0,0
"3d47bf23798d66c7c6c726b136df5e31",0,0,0,376,0,0,0,0,0,0,0,0,0,0,0,0,0,0,0,0,0,0,0
"3d7fd8a1b7c690baeb988682bbbd1a64",0,0,0,0,0,0,0,3,0,0,0,0,0,0,0,0,0,0,0,0,0,0,0
"3e70d124741af565e6195ad7f1827a22",0,0,0,0,0,0,0,0,0,0,0,0,0,0,0,0,3,0,0,0,0,0,0
"3ed42a2a6a97d92ca05a9def60ae129a",0,0,0,0,3,0,0,3,1,2,5,0,0,3,7,7,1,0,0,0,1,0,0
"400933aaafc7f52e4ee194cba7712b35",0,0,0,0,0,0,0,0,0,0,0,0,0,0,0,0,0,0,0,0,3,2,0
"41152e8a5f5f452a0b48ae0be59bbf64",0,18,2,1,0,0,0,0,8,11,11,8,0,0,0,8,8,3,12,2,0,0,4
"412deab72957958fc5ccba311df01c77",0,0,2,0,9,0,8,0,0,7,0,0,29,0,0,0,0,0,37,27,0,0,0
"41611cc955196b78440f38958466937f",0,0,12,0,0,0,83,77,0,11,2,131,24,0,11,187,97,0,256,0,0,0,0
"41a8e284802f5e9202cfa5f842e43b4e",0,0,0,0,3,0,0,0,0,0,0,0,0,0,0,0,0,0,0,0,0,0,0
"41dcffb21d6fa07760f8602154567510",0,0,0,0,0,0,0,0,2,7,0,0,0,0,0,0,0,0,0,0,0,0,0
"4243d90941dd5826c6601bd0d628e752",0,0,12,0,0,3,0,1,1,4,0,0,1,2,0,0,2,0,0,0,0,0,0
"42f44f2edb9c0e7410229cd2b8495308",0,0,0,0,0,0,0,0,0,0,0,0,0,0,0,0,0,0,0,0,0,2,0
"42f6f0a22e628bb23bc824261f91e871",8,0,0,0,0,6,0,0,0,0,6,0,0,0,0,0,3,0,0,0,0,6,0
"435c503719560e757317f6da116c2533",0,0,0,0,0,0,0,0,0,0,0,0,0,0,0,0,0,0,0,0,0,4,0
"44be4c7bdd680e21b5d6aa4223ed66a9",0,0,0,0,0,0,0,0,0,0,0,0,0,0,0,0,0,0,0,2,0,0,0
"44d03b7de750db6268d79bf3b7b3f565",0,0,22,3,15,20,8,12,0,14,44,0,0,0,52,0,0,0,0,0,0,0,0
"44fb84495a3bec4529e369e18c8d0165",0,0,0,0,0,0,0,0,0,0,32,0,0,0,0,0,0,0,0,0,0,0,0
"4661c4c5ce90dcc1067d11eb6a6cbaa4",0,0,0,1,16,0,5,0,4,0,0,0,0,0,0,0,0,0,0,0,0,0,0
"4708ba7577269496637a3524a71e3057",0,0,0,0,12,0,0,0,1,0,0,0,0,0,0,0,0,0,0,0,0,0,0
"474958a0926828720ab070eea123ccac",0,0,0,0,0,0,0,0,0,0,0,0,0,0,0,0,1,0,0,0,0,0,0
"479c85bd49b21ba6a5a00d7b13766555",0,0,8,0,0,0,7,16,0,13,6,0,0,8,0,0,0,0,0,0,0,0,0
"47b0a4c9c653312dfaa86146ae9e07b6",0,1,0,0,0,0,0,0,0,0,1,3,0,0,0,0,0,0,0,0,0,0,0
"4832d5e8bbdf4b088316c74366493854",0,0,0,0,5,0,0,0,0,0,0,0,0,0,0,0,0,0,0,0,0,0,0
"489855189d9686629879eb3ede9486f8",0,0,1,0,12,0,0,0,0,0,0,0,0,0,0,0,0,0,0,0,0,0,0
"490a78d87e4bb5ac65c139c42d0a1728",0,0,0,0,0,0,0,46,0,0,0,0,0,0,0,0,0,0,0,0,0,0,0
"492419a96e35e609cf01553cd966835d",0,0,0,0,0,0,0,0,0,0,0,0,0,0,0,3,0,0,0,0,0,0,0
"498360bf0e3bea63817172cc8e57f786",0,0,0,0,0,0,0,0,0,0,0,0,0,0,0,0,0,8,0,0,0,0,0
"499b187b1bfd265489cfda4b4cb4d8c7",70,0,0,0,0,0,0,0,0,0,0,0,0,0,0,0,0,0,0,0,0,0,0
"4a0b87e83c78e60b7434ae4d2291b0f2",0,2,0,0,0,0,0,0,0,0,0,0,0,0,0,0,0,0,0,0,0,0,3
"4aa24e7a15922e1b6971014a2889877d",0,0,0,0,0,0,1,0,0,0,0,0,0,0,3,0,1,0,0,0,0,0,0
"4b045fdd81a50cbe7916c2793381ce4d",0,0,0,0,0,0,6,6,60,0,0,0,0,0,0,0,4,1,0,4,0,1,0
"4b0ead77f523ebf0b906dc66687e5813",0,0,0,0,0,0,0,0,6,0,0,0,0,0,0,0,0,0,0,0,0,0,0
"4c3f744326739cfcb797c290083783e5",0,0,0,0,0,0,0,0,0,0,0,0,1,0,0,0,0,0,0,0,0,0,0
"4d06fd961ccde5a149ee9949629301a4",0,0,0,0,0,0,0,0,0,0,0,0,0,0,0,2,0,0,0,0,0,0,0
"4d48d7ff5be648dbff5d977be48b6c8e",0,0,0,3,5,0,0,0,12,0,6,6,0,0,0,0,0,0,0,0,0,0,0
"4f3f7553321dafa33ac225746aecc366",0,0,0,0,0,2,2,1,0,0,0,0,0,0,0,0,0,0,11,0,0,0,0
"4f5678f16e6e19f7f6638d8f5dd476ef",0,0,0,0,0,0,0,0,0,7,0,0,5,0,0,0,0,0,0,0,0,0,0
"4f8c8e41fa14dc280582fc9bd26bcbab",0,0,0,0,0,0,0,0,0,0,0,0,4,0,0,0,0,0,0,0,0,0,0
"4fd4520ef55489d25bcd2fe1d4748612",0,0,0,0,0,0,0,0,0,0,0,0,0,0,0,0,0,9,0,0,0,0,0
"4fe5efefb811ac9a2b2759ab0ccd9fd6",0,0,0,0,0,0,0,0,0,0,0,0,1,0,0,0,0,0,0,0,0,0,0
"50757f7f60944cfbcd89d12caf5751ce",0,0,0,0,0,5,0,0,0,0,0,2,0,0,0,0,0,0,0,0,0,0,0
"51194b8233acaff275c41bf94ca2c735",43,58,5,13,0,25,0,1,2,1,3,16,125,14,75,183,245,26,173,101,18,1,77
"51908ef8c74539aa92b2b9786e011934",0,0,0,0,0,0,0,0,0,0,0,0,0,0,0,0,0,1,0,0,0,0,0
"520e6d778a42a778800e637a92a3f7a8",0,0,0,0,0,3,0,0,0,0,0,0,0,0,0,0,0,0,0,0,0,0,0
"52197dca75d1808bd2fa7e5d033f310f",0,0,0,0,0,0,0,0,6,0,0,0,0,0,0,0,0,0,0,4,0,0,0
"522f17a20b884e53b7e2693b431fce4c",2,0,0,0,0,0,6,0,2,5,0,0,0,0,0,3,2,0,0,0,0,0,0
"5325b623f48091942b79da221094c206",0,0,9,0,0,0,56,0,0,0,1,0,0,0,0,6,0,0,0,0,0,0,0
"53b6ba92f3934bb0f4618a8afcc2d86e",0,0,0,0,0,0,0,0,0,0,0,0,0,0,0,0,0,0,0,0,0,1,0
"54305693ac20167cca877f883539d0a4",0,15,28,2,19,2,5,32,1,7,8,12,0,2,67,29,9,0,0,0,0,0,0
"54e1df2289e6a784eaebc42527234aad",0,0,0,0,0,0,0,13,0,1,0,0,0,0,0,0,0,0,0,0,0,0,0
"55062e73de4a329a87628ff9f37b1ad7",0,0,0,0,0,0,1,0,0,0,0,0,0,0,35,0,0,0,0,0,0,3,0
"55b58124016596c4a6b7b2c4b7633efb",0,0,2,1,0,4,6,1,26,0,4,0,0,5,13,0,0,0,0,0,0,0,11
"55dc227df61b5886c6219fc13e273064",0,0,2,1,0,0,0,0,0,0,3,1,0,0,0,0,0,0,0,4,0,0,0
"55fe9c03d4607d3aad26545e3a255064",0,0,0,0,0,0,0,0,0,0,0,0,0,0,2,0,0,0,0,0,0,0,0
"576f3484c01ea42719faa59621a46404",0,0,28,0,0,0,0,0,0,0,0,0,0,0,0,0,0,0,0,0,0,0,0
"58d1fb1381134f57de1763362ac89570",0,0,1,0,0,0,0,0,0,0,4,0,0,0,3,0,0,0,0,1,0,0,0
"5977ffe9b8a552672171aff53bcf1152",0,0,0,0,0,0,0,0,0,0,0,0,0,0,0,0,0,1,0,0,0,0,0
"5a20b9f9b38234c1dac21cd942876080",0,0,0,0,0,0,0,0,0,0,0,0,0,0,0,0,0,0,0,1,0,0,0
"5b26a49a4253516b41f51345009b2ab7",0,0,0,0,0,0,0,0,0,0,0,2,0,0,0,0,0,0,1,0,0,0,0
"5b47792bdbd213c22084c334ce7e0238",0,0,22,3,0,0,6,30,0,0,2,0,0,0,0,96,0,0,0,0,0,0,0
"5bc648bddeb33a57dc2d0c1c85d2e8e7",0,1,2,0,0,103,0,0,0,16,0,0,0,0,0,8,0,0,0,0,119,0,0
"5be4a273e1c77677b372ec4c640287e1",0,0,0,0,0,1,1,0,0,0,0,0,0,0,0,0,0,0,0,0,0,0,0
"5c2ce7954d21e6c971c61369fc9fbfca",0,0,0,0,1,0,0,0,0,0,0,0,3,0,0,4,10,0,0,0,0,1,0
"5ce6b0274af40b261ae9ea2a5cd9aa45",0,0,0,0,1,0,0,0,0,0,2,0,8,0,0,6,8,0,0,0,0,1,0
"5d51b87ca19401d742cc4419b0f302b1",0,0,0,0,0,0,0,0,0,0,0,0,3,2,0,0,3,0,0,0,0,0,6
"5d946718213cc12cfb40882a944b8e1f",0,0,0,0,0,0,0,0,1,0,0,0,0,0,0,0,0,0,0,0,0,0,0
"5da6db7d5475532af1e5e5bffb5c75f1",0,10,0,0,0,0,0,0,0,0,0,0,0,0,0,0,0,0,0,0,0,0,0
"5f55d5c59eb1f4a61aeac6deb998002c",0,0,0,0,0,0,0,0,0,0,0,0,0,0,0,0,0,3,0,0,0,0,0
"5f9270e492afaa0d07c4de501ea92b69",0,0,0,0,0,0,0,0,0,0,0,1,0,2,0,0,11,0,0,3,3,0,0
"6038cbf29d9df32a9c04c69b9aec44cb",2,0,3,1,0,1,1,0,0,1,0,0,4,1,0,0,6,0,0,0,0,0,0
"604beacd88008ef2b764c7cc94ceaf29",0,0,0,0,0,0,0,0,5,34,0,0,0,0,0,0,0,0,0,0,0,0,0
"60c3d644187c0e3533afb230533308b5",0,0,0,0,0,0,0,0,0,0,0,0,0,0,0,1,0,0,0,2,2,0,0
"617bfc2a519c95eee7da114b673fa279",0,0,0,0,0,0,0,0,0,0,0,0,0,0,0,5,0,0,0,0,0,0,0
"61c61a80c63abaac48d84420c7ee8be3",0,0,0,0,0,0,0,0,0,9,0,0,0,0,0,0,0,0,0,0,0,0,0
"62653027548ae1a31505cc56af3ae4cd",0,0,0,0,0,0,0,7,0,0,0,0,0,0,0,0,0,0,0,0,0,0,0
"62b86794f0b0689df647fcb04b927b0b",0,0,0,0,0,0,0,0,0,1,0,0,0,0,0,0,0,0,5,0,0,0,0
"62d97a11dff2e17a59a4b30d8a971175",0,0,0,2,0,0,0,0,0,0,0,0,0,0,0,0,3,0,0,0,0,0,0
"62e713a6820fa9b819ef575ab3014c5f",0,0,0,0,0,0,0,0,0,0,4,0,0,0,0,0,0,0,0,0,0,0,0
"637edf99ff618b00f7f101ccee9720e4",0,0,0,0,0,0,0,0,0,0,0,0,0,0,0,0,0,0,0,4,0,0,0
"64a4120ad60a06da523fc690d3b62003",0,1,0,0,0,0,0,0,0,0,1,0,0,0,1,0,0,0,5,0,0,0,0
"64c217e69e7609aab725bda47022f406",5,1,0,0,1,0,0,0,0,0,0,3,0,1,0,0,0,8,4,3,0,0,1
"64e18580c5f31ef30a12aafc71dff00f",0,0,0,0,0,0,0,0,0,5,0,0,0,0,0,0,0,4,0,0,0,0,0
"652177b74e1009d99f81843a80698de3",0,0,0,0,0,0,0,0,0,0,0,0,0,0,0,0,0,5,0,0,0,0,0
"65316b075919a823fbe3dee2177b2662",0,0,0,0,0,0,0,0,0,3,0,0,0,0,0,0,0,2,0,0,0,0,0
"6543568ae01fa1604bc331dd56a0ef35",0,0,0,0,0,0,0,0,0,0,0,0,0,0,0,0,0,0,0,0,6,0,0
"65a82a5c911961c932169c0e220e77b2",0,0,0,0,0,0,0,0,0,0,0,0,0,0,0,0,0,1,0,0,0,0,0
"65c3609dc0d57f9ea75f577ce7e1f567",0,1,0,0,0,0,0,0,0,0,0,0,0,0,0,0,0,0,0,0,0,0,0
"65fae1cc8350d0a68fc428a88029ab6b",0,0,0,0,3,0,0,0,0,0,0,0,0,0,0,0,0,0,0,0,0,0,0
"67428b8095a1c674b9fc50b7974eeeab",0,0,0,0,0,0,0,0,0,0,0,1,0,0,0,0,0,0,0,0,0,0,0
"67dbb76f582ee5bf148f1cbd5681492d",0,4,0,0,0,0,0,0,0,0,0,0,0,0,0,0,0,0,0,0,0,0,0
"6875c0481fd234d454389a8ed7cc71cf",0,0,0,3,0,0,0,0,0,0,0,0,0,3,0,0,0,0,0,0,0,0,0
"68aaa816a09bddf77302d383796b276c",0,3,0,0,0,0,0,0,0,0,0,0,0,0,0,0,0,0,0,0,0,0,0
"69834c586bb644db32a5fd5cab54a11b",0,0,4,0,1,0,0,0,0,0,1,0,0,0,0,0,0,0,0,0,0,0,0
"6b23984b2fe17d5f9edfe155f224e3e5",0,0,0,0,0,0,0,0,0,0,0,0,0,0,0,0,0,0,0,9,0,0,0
"6b35850428fbd3b320f25fe218af3a78",0,0,0,0,0,0,0,16,0,0,0,0,0,0,0,0,2,0,0,0,0,0,0
"6b393f09240448ec924a806064e8c3d7",0,0,0,0,0,0,0,0,16,0,0,0,0,0,0,0,0,0,0,0,0,0,0
"6b444d14e3b3d3bf05b8e8f01c020fdd",0,0,0,0,0,0,0,0,0,0,0,0,0,2,0,0,0,0,0,0,0,0,0
"6be6a07cf1b03e531858bb783e107b30",0,0,258,0,0,0,0,0,0,0,0,0,0,0,0,0,0,0,0,0,0,0,0
"6c007dd250c08e2b573a004557e0fcc2",0,0,0,0,0,0,0,0,0,15,9,5,24,0,0,19,42,0,47,3,0,0,0
"6c1aca20caa77a2ab96e9def38eb1a8f",0,0,0,0,0,0,0,1,0,1,0,2,4,0,4,1,1,7,12,1,0,0,0
"6d59324757a3823e24e27ab0353c9d51",0,0,0,0,0,0,0,0,0,0,0,0,0,0,0,0,0,0,0,0,0,28,0
"6d5f29dd52b4561905067ff97092fd44",0,0,0,0,0,0,0,0,2,0,0,0,0,0,0,0,0,0,0,22,0,0,0
"6e04eb0b099d89855e4e229caca943a4",0,0,0,0,0,0,0,0,0,0,0,0,0,0,0,0,13,0,0,0,0,0,0
"6e28ba17b7b0e0bb43a0bf751695f359",0,2,4,0,0,0,0,0,0,0,0,0,0,0,0,0,0,0,3,0,0,0,0
"6f3fb15f8d3d76988af7c370f113044f",0,0,0,0,0,0,0,0,0,0,0,0,0,0,0,0,0,0,0,0,1,0,0
"70b1d53995e11a3784ad8f0b5b37587c",0,0,0,0,0,0,0,0,0,0,0,0,0,0,0,0,0,0,40,0,0,0,92
"70c828140f731879a15ccf468ae351b2",0,0,0,0,0,0,0,0,0,0,0,3,0,0,0,0,0,0,0,0,0,0,0
"72211ab6dda8354bc2a4dc33b8d18bdb",0,0,0,0,0,0,0,0,111,0,0,0,0,0,0,0,0,13,0,2,0,0,0
"7258c86b16370d40379950c641bcd0fb",2,0,0,0,0,0,0,0,0,0,0,0,0,0,0,4,0,0,0,0,0,1,0
"72663adb78a1b10cc8deaeb60fe50f8e",0,0,80,154,0,0,0,0,0,126,0,0,9,0,0,33,12,0,0,25,1,0,0
"7289534ec800d59f66d4194a0ab076ed",0,0,0,0,0,0,0,0,0,0,0,1,3,5,0,0,0,2,0,0,0,0,0
"7341a868b2cf72ab81d78d6a0e907f7a",0,6,0,0,0,4,2,5,51,4,17,0,9,0,0,8,3,9,0,2,0,0,0
"7343bc77c1b37ce23112b5f3e1e900bb",0,0,0,0,0,0,0,0,0,0,0,0,0,0,0,0,0,0,0,0,1,0,0
"74c9fbc18db3da3560db04b0517ce884",0,0,0,0,0,0,0,0,0,0,0,0,0,0,0,0,10,0,0,0,0,0,0
"74f5a1610715a506f4109920bcb322b6",0,0,0,1,0,0,0,0,1,0,0,0,0,0,0,0,0,0,0,0,0,0,0
"759dc13dc81ac25fdacd136b51d87cd9",0,0,0,32,0,0,0,0,0,0,0,0,0,0,0,0,0,0,0,0,0,0,0
"75d645539b3350b78d2b93cf490e7e53",0,0,0,0,0,0,0,0,0,0,0,0,0,1,0,0,0,0,0,0,0,0,0
"75fc6d9895fa40375fb4f40db931ba39",0,4,0,0,0,0,0,0,0,0,0,0,0,0,0,0,0,0,0,0,0,0,0
"7605961befa3702a958c526a0d655366",0,0,0,0,0,0,0,0,37,0,0,0,3,0,0,0,0,14,0,0,0,0,0
"76d5f7665c16ae494c62b6bd139f8da1",0,0,0,0,0,0,0,0,0,0,0,3,1,0,0,0,4,7,0,1,8,1,0
"7882b95c96fe140779eda9fb79bf771f",0,0,0,0,0,0,0,0,0,0,0,0,0,0,0,0,3,0,0,0,0,0,0
"79188b9060ef8d3f67919ba31dfa29bd",11,0,0,0,0,0,0,0,0,0,0,0,0,5,0,0,0,10,0,75,0,0,0
"797c4f9a3de7217f8b7f1be97a35b6f0",0,0,0,0,0,0,0,0,5,0,0,0,0,0,0,0,0,5,0,0,0,0,0
"79b7e3faaf31afd8cffed6f23ce67837",0,0,0,0,0,0,0,0,0,0,0,1,0,0,0,0,0,0,0,0,0,0,0
"7aa0fe00ce59539903ce1a19577d832a",0,0,0,0,0,0,0,0,0,0,0,0,0,0,0,0,0,5,0,0,0,0,0
"7b305fff931d615977e45769c805da0e",0,0,0,0,0,0,0,0,0,0,0,0,0,0,7,0,0,0,0,0,0,0,0
"7bdd6dd2e1578b5ca8cb56bce22e3234",0,17,0,0,0,0,0,0,0,0,0,0,0,0,0,0,0,0,0,3,0,0,0
"7c6fef4f5e228300d76602f922ac35ec",0,1,0,0,1,0,0,2,0,0,0,0,0,0,2,0,0,1,1,1,0,0,0
"7c9c1abaca7e48a1a6203c52dc125f22",0,0,0,0,0,0,0,0,0,0,0,0,0,0,0,0,0,0,0,0,7,9,0
"7cccdf8fbe2f0acabaf78004c877b50a",0,0,0,0,0,0,0,0,0,0,0,0,0,0,0,0,0,0,0,0,1,0,0
"7d5a1e197b5946f9c74c0b6d04853c0d",0,0,0,3,0,0,0,0,0,0,0,0,0,0,0,0,0,0,0,0,0,0,0
"7de9654ec96241c9fc2c01f7aa6ab8be",0,0,0,0,0,0,0,0,0,0,0,0,0,83,0,0,0,0,0,0,0,0,0
"7e8ed583289fe158d84afc5fbcf9d0b6",0,0,0,0,0,0,0,0,0,0,0,0,0,0,0,0,0,0,0,2,0,0,0
"7f1f4f62310993992280e13982a7df35",2,0,0,0,0,0,0,0,0,0,0,0,0,0,0,0,0,0,0,0,0,0,0
"8066615053249cdc18c435736c5b9284",0,0,0,860,0,0,0,0,0,0,0,0,0,0,0,0,0,0,0,0,0,0,1092
"806e5ad7324eb3c4a8c79aac9fc85944",0,0,0,0,0,15,0,0,0,11,0,0,0,0,0,0,0,0,0,0,0,0,0
"808b2084c548db053486ba67b18f4a31",0,0,0,0,0,0,0,0,0,0,0,0,0,0,0,0,0,3,0,0,0,0,0
"80de25715ab3930d4ca22131f051a4f8",0,0,0,0,0,0,0,0,0,0,0,0,0,0,0,0,0,0,6,0,0,0,0
"80e06b2036a459dadbcfaab12f6c2211",0,0,17,23,36,0,4,0,0,0,16,0,1,0,0,53,37,0,49,0,0,0,0
"816c688eaeb3d4b4d21be4439ce2f422",0,0,0,0,0,1,0,0,0,0,0,0,0,0,0,0,0,0,0,0,0,0,0
"81eace73448014b04931fe4155306f87",0,0,0,0,0,0,0,0,3,0,0,0,0,0,0,0,0,0,0,17,0,0,0
"8227dc74df4f3087a7523bc4624f3e0b",0,0,0,0,0,0,0,0,2,0,1,0,0,0,0,0,0,0,0,0,0,0,0
"826e857074a82ee3ab948f5c3603e37a",0,0,7,0,0,0,0,0,0,30,0,0,48,0,0,1,0,5,0,93,0,0,0
"82788aa8b553c94bcdda7cb288a55f0e",0,0,6,10,8,0,0,38,2,78,22,64,2,0,20,9,0,0,24,40,0,0,0
"839717bb75dba06e8f37e5dfb438fed0",0,0,1,0,1,5,0,0,0,4,6,7,0,0,0,1,1,0,0,0,0,0,0
"83c4cb53404548c0bcd454ba4ded1bd7",0,0,0,0,0,0,0,0,0,0,0,0,3,0,0,0,0,0,0,0,0,0,0
"848b4ce8a701231a36897dc23d7a7706",0,0,0,0,0,0,0,0,0,0,0,0,0,0,0,100,0,0,0,0,0,0,0
"84b6319cc04e29b3d9fd9017fb8c1d5e",2,0,0,0,0,0,3,0,4,0,0,0,0,0,0,0,0,0,0,85,0,0,0
"84e5fa0b5bfb774b8dbcfdc287fc9ad1",0,0,0,0,0,0,0,0,0,0,0,0,0,0,0,0,0,2,0,0,0,0,0
"851485c22f38fa91d190482d87c48536",0,0,0,0,0,0,0,0,0,0,0,0,4,0,0,0,0,0,0,0,0,0,0
"8515468dfd4d318c5bc5d748f1ccd16c",0,0,10,2,0,0,2,0,4,45,5,11,10,2,4,7,19,1,29,39,0,9,0
"85ecb3a4480ffce252c29f593462e673",0,0,0,0,0,0,0,0,0,0,0,0,0,0,0,0,0,0,0,27,0,0,0
"87fa857dbb37357999702957ac718902",0,0,0,0,0,0,0,0,0,0,0,6,9,0,0,0,4,0,0,0,0,0,0
"89e696eeaf1d2aa779fb2e5b6c3252a3",0,0,0,0,0,15,0,0,0,0,0,0,0,0,0,0,0,0,0,0,0,0,0
"8a506093618486094e4ea9195c45bfd4",0,0,0,0,0,0,0,0,0,0,0,0,0,0,0,0,0,0,0,0,0,4,0
"8afe4fa622a80f956bf0a33130e0f708",0,0,0,0,0,0,0,0,0,0,0,0,0,0,0,0,0,0,0,42,0,0,0
"8b36ffb0dade3920f08e3c288259e777",0,0,0,0,0,0,0,0,0,0,0,0,0,0,0,0,0,0,0,0,0,1,0
"8c694aec46d18add999eab7efd4cc97e",0,0,0,0,0,0,0,0,0,0,0,0,0,0,0,5,0,10,0,0,0,0,0
"8d03a02f499c122acf65553e758ec372",11,0,0,0,0,0,0,0,0,0,0,0,0,0,0,0,0,0,0,0,0,0,0
"8d22c7e5e25b0159a2d58edc34350b57",0,0,0,0,0,0,5,1,0,38,0,0,0,0,0,0,0,0,0,0,0,0,0
"8d305f7981e94dc92c1fbb7f365ef107",0,0,0,0,0,0,0,0,0,0,0,0,0,0,4,0,0,0,0,0,0,0,0
"8d4eba2bdd46f28c2b0640b73dc4961b",0,0,0,0,0,6,0,0,2,0,0,0,0,0,0,0,0,0,0,0,0,0,0
"8dc9d88ee425a44fddde07db3fdd300f",0,0,43,0,0,0,4,53,3,0,58,0,1,0,7,4,15,0,0,0,0,0,0
"8e8de8ad663b3c59d523b0802ea5a7ea",4,13,3,1,0,0,6,8,4,19,13,3,8,13,13,9,4,0,20,0,7,2,0
"8ea2d22cc09a311033ce0cbef2accca7",0,0,0,0,2,9,1,7,31,1,0,0,2,0,0,0,0,0,0,0,0,0,0
"8ed4242028b9daf1066c339ff81e6533",0,1,0,0,0,0,0,0,0,0,0,0,0,0,0,0,0,0,0,0,0,0,0
"8f10a906b4e0b951713f26b6f067d114",0,0,0,0,0,0,0,0,0,0,0,0,0,0,0,0,0,0,0,0,0,0,1
"8f20155cab8961f657a4824a6340f8c7",0,0,0,0,0,0,0,0,0,0,0,0,0,0,0,0,0,0,0,0,1,0,0
"8f325bf51a0d50864541831d59c18210",0,0,0,0,0,0,0,0,0,0,0,0,0,0,0,0,0,0,0,20,0,0,0
"901e76ba827a95be841fe87930edc628",0,0,0,0,0,55,0,0,0,0,0,198,0,0,0,327,0,0,0,0,0,0,0
"91901940638fe1568a6c314f2e3ee77a",0,0,0,0,0,0,0,0,0,13,0,0,0,0,0,0,0,0,0,0,0,0,0
"91b096d235ee04c097596d94d00a896c",21,0,5,10,55,0,1,0,147,0,0,0,56,0,0,242,63,1,2,0,0,583,426
"91b4cb04a6e91afc2b29d05ba61b5096",0,0,11,0,2,0,0,0,0,0,0,0,0,0,13,3,1,0,0,0,0,0,0
"91d5c2861393e12638a0939b7a30f395",0,0,0,0,2,0,0,0,0,0,0,0,0,0,0,0,0,0,0,0,0,0,0
"93320ebc29d27e3ded5a82a4b0e05654",1,0,0,0,0,0,0,0,0,0,0,0,0,0,0,0,0,0,0,0,0,0,0
"94242d4f8eae8411441e09bb2ba3b8bc",0,0,14,0,0,0,0,0,0,0,0,0,0,0,0,0,0,0,0,0,0,0,0
"94a2cff5da69c3e200f532af67feefaf",0,0,63,59,0,0,0,0,0,5,14,0,0,0,0,0,0,0,0,0,0,0,0
"95024f5d320570ac1759dca159acada3",0,0,78,0,0,0,0,0,0,0,0,0,0,0,0,0,0,0,0,0,0,0,18
"9505be29d2fa52676230a091b00ca36b",0,0,0,0,0,0,0,0,0,0,0,0,0,0,0,0,0,10,0,0,0,0,0
"959831f6a19bd9ffda2265819bbdff60",15,100,0,0,0,0,0,0,0,0,0,0,0,19,0,0,0,27,0,0,0,25,0
"95db23a57306bc528b998b18bdd3e170",0,0,3,7,2,54,1,0,0,53,26,0,1,0,0,9,8,0,0,3,0,0,0
"95ec5e771e0b13d53d9e3d31f2a84f29",0,0,0,3,0,0,0,0,0,0,0,0,0,0,0,0,0,0,0,0,0,0,0
"95faeecbb69333a07837b11d12c978ac",0,0,0,0,0,0,0,0,0,0,0,0,0,0,0,0,0,2,0,0,0,0,0
"96358673195cfa8d619a1835c75f8fca",48,0,0,0,0,0,0,0,0,6,0,0,0,1,0,0,0,614,0,0,0,0,0
"96aace646f9e7318b78528075ba18d16",0,0,0,0,3,0,0,0,0,0,0,0,0,0,0,0,0,0,0,0,0,0,0
"96c7a1de72529afafdc50e1069d08563",0,0,0,0,0,0,0,0,0,0,0,0,0,0,0,0,78,0,0,0,0,0,0
"97015c85528071847c1bca543cad479d",0,0,0,0,0,0,0,0,0,6,0,0,0,0,0,0,0,0,0,0,0,0,0
"9722eb5b9717ef530fc2b55d25e00b03",0,0,0,0,2,0,0,0,0,0,0,0,0,0,2,0,0,0,0,0,0,0,0
"9753712028f3ce03dbdf5087ae93e7e6",0,0,0,0,0,1,0,0,1,0,0,0,0,0,0,0,0,0,0,0,0,0,0
"97f48dcce1b129d5c3278b95a30ee9fa",0,3,0,0,0,0,0,0,0,0,0,0,0,0,0,0,0,0,0,0,0,0,0
"98c066b4510e653eb43f3726257832a9",0,4,0,0,0,0,0,0,0,0,0,0,0,0,0,0,0,0,0,0,0,0,0
"9998c38766c73b76831c9ecf5444d902",0,0,0,8,3,1,0,0,0,15,0,0,0,0,0,0,0,0,0,0,0,0,0
"9a4520e160447e20378bf37ef5ca3cea",0,0,0,0,0,0,0,0,0,0,0,0,0,0,0,0,0,0,0,1,0,0,0
"9aaa60378b2f5e36c3ae7b5d1a332297",0,0,0,0,0,0,0,0,0,0,0,0,0,0,0,0,5,1,0,0,0,0,0
"9afa3ea1552266546b929ed987610986",0,0,0,1,0,0,0,0,0,0,0,0,0,0,0,0,0,0,0,0,0,0,0
"9b5fd6df25b987497d1d705fc463630a",0,0,0,0,0,0,0,0,0,0,0,0,0,17,0,0,0,0,0,0,0,0,0
"9b60c18284198f475c7b045e8cb3f1e7",0,0,0,0,0,0,0,0,0,0,0,0,0,0,0,2,0,0,0,0,0,0,0
"9b9a4c0d38bfd1cbca13ad7ca796e121",0,0,0,0,0,0,3,0,0,0,0,0,0,0,0,0,0,0,0,0,0,0,0
"9b9c99f616e71afe3cfe3d681383df60",0,0,0,0,0,0,0,0,0,0,0,0,0,0,0,0,0,0,0,1,0,0,0
"9baadd58cbfe73844b4d5c0947cabf3d",0,0,0,0,0,0,3,0,0,0,0,0,0,0,0,0,1,0,0,0,0,0,0
"9bc253a31c38698695ef7d1686eb09aa",0,0,69,0,0,0,0,0,0,0,0,0,0,0,0,0,0,0,0,0,0,0,0
"9cd73df89e5bed88a078756d92473eae",0,7,0,0,0,0,0,0,0,0,0,0,0,0,0,0,0,0,0,0,0,0,0
"9d6eb0563ab11c55a561e5470faea5ad",0,0,0,0,0,0,0,0,0,0,0,0,0,0,0,0,4,0,0,0,0,0,0
"9f073c7d9d421aecbccef9482ddaa256",4,1,0,0,0,0,0,0,0,0,0,0,12,0,0,0,0,2,0,44,0,0,0
"9f2216ede4abe1dc82fbd060ba4f0921",0,0,9,124,24,0,27,0,3,33,0,0,0,0,110,6,0,0,22,0,0,0,0
"9f8be574546f95e8bd99fb63463ff531",0,0,0,0,0,0,0,4,0,0,0,0,0,0,0,0,0,0,0,0,0,0,0
"9fdf41799c084c867c8d142f3712a20b",0,0,0,0,0,0,0,0,0,0,0,0,0,0,0,0,0,3,0,2,0,0,0
"a03c35fe68494631680c6de0c09119e2",0,0,0,0,0,0,0,0,0,0,0,0,0,0,0,0,0,0,0,15,0,0,0
"a0d9bfb0eedda211f365e183da9cd0ca",0,0,0,0,1,0,0,0,0,0,0,0,0,0,0,0,0,0,0,0,0,0,0
"a150a91c1d8c5b312909c44054d99d56",0,0,0,0,6,3,15,7,0,0,0,0,0,0,0,0,0,0,0,0,0,0,0
"a25d3fd2c928bd83309cd99b75f1e50d",0,0,0,0,0,0,0,0,0,0,0,0,0,0,1,0,0,0,0,0,0,0,0
"a2c357a0da9e05120d4bf4ea5d207424",54,33,28,7,0,0,44,0,3,27,14,21,22,55,16,18,73,54,67,34,91,7,23
"a3262bd43b60249ce0c94d89aa16934d",0,0,0,0,0,0,0,0,0,0,0,0,0,0,3,0,0,0,0,0,0,0,0
"a360cb1088f3484dca0ab4dc5034812f",0,0,0,1,0,0,0,0,17,0,0,0,0,0,0,0,0,0,0,0,0,0,0
"a3ada875cb829435e99a7a9d61c52e8b",0,0,0,0,0,3,11,6,12,0,0,0,4,0,0,0,4,0,0,0,0,0,0
"a4c33d6fb422f28580951805de91b629",0,0,0,0,0,0,0,0,0,0,0,0,2,0,0,0,0,0,0,0,0,0,0
"a6591829ff231045cd6c1753f8059715",0,0,0,0,0,0,0,0,0,0,150,0,0,0,0,0,0,0,0,0,0,0,0
"a7492f328db73571d15ddc6764974771",0,0,0,0,0,0,0,0,2,0,0,5,3,0,0,0,44,2,0,0,0,0,0
"a75e61e60935cc00ec6f9f5b18e2e153",0,0,0,0,0,0,0,0,0,0,0,0,3,0,0,0,0,0,0,0,0,0,0
"a76143fcccaa547f6ee2ce7505c72528",0,0,0,0,0,0,0,0,0,0,0,0,0,0,0,2,1,13,0,0,0,0,0
"a8511652660ed8431a506d68276fd7e6",0,0,0,0,0,0,0,0,0,0,1,0,0,0,0,0,0,0,0,0,0,0,0
"a92592c27ed9a271b75b8508126bd83b",0,0,2,0,0,0,1,2,0,1,0,0,0,0,0,0,0,4,0,0,12,0,0
"ab19137d97ed48b18edd02050937beb6",0,0,0,0,0,0,128,0,0,0,0,0,0,0,0,0,0,0,0,0,0,0,0
"ab833d760826a6ca6400f05b9b6819df",0,4,0,0,0,0,0,0,0,0,0,7,0,0,0,1,0,0,0,0,0,0,0
"abc4f61d0f16b9063c9957c2342a95b4",0,0,13,3,0,0,0,0,5,0,0,0,0,0,0,0,6,0,0,0,0,0,0
"ac1bf9d049f07734f832bb2ec03ad8a0",0,0,0,5,0,0,0,0,0,0,0,0,0,0,7,0,0,0,0,0,0,0,0
"ac22a559ac2178dbbdcdcb21a456adb5",0,1,0,0,0,0,0,0,0,0,0,0,0,0,0,0,0,0,0,0,0,0,0
"ac4b9ad907d58a4fdb7b609edcfa5c2e",0,0,0,0,0,0,107,1,0,21,6,0,0,0,0,0,8,0,0,0,0,0,0
"ac95460dca8bc1097f31f2cfaa9a05f1",0,0,0,0,0,0,0,0,9,0,0,0,0,0,0,0,0,0,0,25,0,0,0
"ad0517f63b97eb7f2d585aff52a82a5a",4,0,0,0,0,0,0,0,0,0,0,0,0,0,0,0,0,0,0,0,0,0,0
"ad3a8a4352bbbe345a35b0e0637d8f90",0,0,0,0,0,0,0,0,0,0,0,0,0,0,3,0,0,0,0,0,0,0,0
"ad818899d34e06f39ecab7b2ecb0ef5b",0,0,0,0,0,0,0,0,0,0,5,0,0,0,0,0,0,0,0,0,0,0,0
"add5fa04356ef8de355d131bd6a8b141",0,0,0,0,0,0,0,0,0,0,0,0,0,0,0,0,0,0,0,0,9,0,0
"af8f5389893b29f08c57934c2908d3e3",0,0,0,0,3,0,0,0,0,0,0,0,0,0,0,0,0,0,0,0,0,0,0
"affc646afca684200893baaee5179492",0,0,0,2,0,0,0,0,0,0,2,0,0,0,0,0,0,0,0,0,0,0,0
"b02810077387713aaf9c334168cb217f",0,0,0,0,0,0,0,0,0,0,0,0,4,0,0,0,0,0,0,0,0,0,0
"b08fabd6adc6905c18511831de81fc43",0,0,4,0,0,0,0,0,0,0,6,0,0,0,0,0,0,0,0,0,0,0,0
"b1222a37561d251e0d90372457289dab",1,12,0,0,5,1,17,0,0,6,9,4,0,0,0,2,5,0,9,1,0,0,1
"b15f4b0376ee671573d77c88882f224a",2,0,0,0,0,0,0,0,0,0,0,0,0,0,0,0,0,6,0,0,0,0,0
"b19079c3c98d19c2cda88234117af48a",0,0,0,0,0,6,16,0,0,5,0,0,0,0,0,0,0,0,0,0,0,0,0
"b2c876c87ecc655a28c5cd606e84650d",17,0,0,0,0,0,0,0,0,5,0,0,13,0,0,0,0,0,0,0,0,0,0
"b3db988932c36733f5900c6e3a8f4c59",0,0,0,0,0,0,0,0,28,0,0,0,0,0,0,0,0,5,0,2,0,0,0
"b579162c3306e9227d909c025b4b93b6",8,0,0,0,0,0,0,0,0,0,0,0,0,0,0,0,0,0,0,0,0,0,0
"b5c664a0164d4208088951904ee2836c",0,0,0,0,0,7,0,0,0,0,0,0,5,0,0,0,0,3,1,0,0,0,0
"b6b8a44bb2e1eecbc6b15d29b144f0a7",0,0,0,0,0,0,0,0,0,0,0,0,5,0,0,0,0,0,0,0,0,0,0
"b704e8b262581e66feeb69ffbfb40916",385,0,200,0,0,0,0,0,0,19,0,2,5,22,0,0,2,0,0,0,545,311,30
"b73b3def4f5facef4ccf711b7089c699",0,0,0,0,0,0,0,0,0,0,1,0,0,0,0,0,0,0,0,0,0,0,0
"b7bf33cc5e2849032c33db0d45a24111",0,0,0,0,3,4,0,0,0,0,0,0,0,0,0,0,0,0,0,0,0,0,0
"b804737c1fe4745495c284e73601befb",0,0,12,0,56,0,16,0,0,0,0,0,0,0,0,0,0,0,21,1,0,0,0
"b83b207c52cb6b099f766bcab3546a55",0,2,0,0,0,0,0,0,0,0,0,0,0,0,0,0,0,0,0,0,0,0,0
"b890bed803678ce63162050dbafedd03",0,0,0,0,0,0,0,0,0,0,0,0,1,0,0,0,0,0,0,2,1,0,0
"b8aa8ec082622c1f8affc6f3b81b9145",0,0,0,0,0,0,0,0,0,0,0,0,0,0,0,0,0,135,0,0,0,0,0
"b8b95d720c32275a5e15a0061166143c",0,0,0,0,0,0,0,0,2,0,0,0,0,0,0,0,0,3,0,0,0,0,0
"b8ddb236179b77759fd15a920aed8534",0,0,0,0,0,0,0,0,0,0,0,1,0,4,0,0,0,0,0,0,0,0,0
"b9c24c95b2be51fe6c022a7132713cc8",0,0,0,0,0,0,0,0,0,0,135,0,0,0,0,0,0,0,0,0,0,0,0
"ba7c9356eceed18354e4ab587172fab8",0,0,0,0,0,0,0,0,0,0,0,2,14,117,0,0,0,0,0,0,54,0,0
"bb6ccf76f7a1b278da9ebdfd8ecb9799",0,0,0,4,0,2,0,0,0,4,0,0,2,0,0,1,1,0,0,1,0,0,0
"bbb724d663f39ce2ff3305ae12f801cc",0,0,3,3,0,0,1,0,1,0,0,0,0,13,0,0,0,0,0,2,0,0,0
"bbfc412e61b83ccf64d8fe364c108734",0,3,0,0,0,0,2,3,0,13,0,24,3,6,0,6,0,0,0,5,11,10,5
"bc2dca03830ac4d471db3c64ead32c0f",0,0,0,0,0,0,0,0,0,0,0,0,0,0,0,0,0,0,0,0,0,42,0
"be44ca7830cb0eabfb800a5a67a6a756",0,1,7,0,0,2,0,1,6,2,0,0,0,0,0,0,0,0,0,0,0,0,0
"be58a37fe801367134ead8433c1f5d70",0,0,2,1,0,0,0,1,0,0,0,0,0,0,0,2,0,0,0,0,0,0,0
"be81e9534f64bf6d7cc665fa0d02ba3c",14,4,0,0,0,0,0,0,0,0,0,0,1,0,0,0,0,0,0,0,2,0,0
"bea64cae41a783ff2a13ab83b663c71a",0,0,0,0,0,0,0,0,0,0,0,0,0,0,0,0,0,0,0,0,13,0,0
"bf7326383717cca9aeafae12f004a3d1",0,2,0,0,0,0,2,0,0,0,0,2,0,0,0,0,0,0,0,0,0,0,0
"bfcdb25a294b0ef84e964f4f9d964a94",23,7,7,0,0,0,0,0,0,7,1,306,4,4,0,0,22,4,0,0,73,20,3
"c01c8d9b4dbab291186f7387bce000ba",0,0,0,0,0,0,2,0,0,0,0,0,0,0,0,0,0,0,6,0,0,0,0
"c03ed6036b8796df6ad9788f1946eae2",0,0,2,0,0,0,0,0,0,0,0,0,0,0,0,0,0,0,0,0,0,0,0
"c095e950ddbcef69b303a112a80551e9",0,0,0,0,0,0,0,0,0,0,0,0,0,0,0,0,0,0,0,5,0,0,0
"c0df105a43db9827405a3c4d652c16da",0,0,0,0,1,0,0,0,0,0,0,0,0,0,0,0,0,0,0,0,0,0,0
"c1979dd45333b8dc0d5d5d03e7e72976",0,0,0,0,1,0,0,0,0,0,0,0,0,0,0,0,0,0,0,0,0,0,0
"c203493eb7dfacd239e7433ab0a43c2b",0,0,45,10,3,0,8,0,5,16,0,0,0,0,0,0,0,0,0,0,0,0,0
"c2c1d10bde6dbaebaae0f78341417d64",0,0,0,0,0,0,0,0,0,1,0,0,0,0,0,0,0,0,0,0,0,0,0
"c2ee2c7c136154a676840ec23002d034",0,0,0,0,0,0,0,0,0,9,0,0,1,0,0,0,0,1,0,0,0,0,0
"c3185e57ea7fc799bc72b741c4fec3b6",0,0,0,0,0,0,0,0,0,0,0,0,0,0,0,0,0,1,0,0,0,0,0
"c354ef460023df4e2f6da07df4f6b7b8",0,0,3,0,0,0,0,0,0,0,20,0,0,0,0,0,0,0,0,0,0,0,0
"c36210afe0399999124a61f45b9b56f6",0,0,0,0,0,0,0,0,0,0,0,0,0,0,0,0,0,0,0,0,3,0,0
"c37e673f2d76f2674e84c67397c47362",0,0,0,0,0,0,0,0,0,0,0,0,0,0,0,4,0,0,0,0,0,0,0
"c428ef42e3b5e98d9f9e106811bca58e",0,0,0,0,0,0,9,0,6,35,0,0,0,0,0,0,0,0,0,0,0,0,0
"c595a6f3431803bf7101317fd85ec23b",0,0,0,0,0,0,0,0,7,0,0,0,0,0,0,0,0,14,0,1,0,0,0
"c6292261aef296d5088023149bb308e4",0,0,0,0,4,0,0,0,0,0,0,0,0,0,0,0,0,0,0,0,0,0,0
"c65541f1b36f44661ec1c9fe26c05823",0,0,0,8,0,0,0,1,0,1,2,0,0,0,1,0,0,0,0,0,0,0,0
"c67761768d3bd6ddacbe0720a0e707f1",0,4,0,0,0,0,0,0,0,0,4,26,3,0,0,0,0,0,0,7,0,0,8
"c6a814659d35e3b3db5f065838992a6f",0,0,0,0,0,3,0,0,0,0,0,0,0,0,0,0,3,0,0,0,0,0,0
"c6af86d8a6dba2b7ae3e3604d81b7b14",0,0,0,0,0,0,0,0,0,0,0,0,0,0,0,0,1,0,0,0,0,0,0
"c72be7befb629450a3b5baae4886ec08",1,0,0,0,0,0,0,0,0,0,0,0,0,0,0,0,0,0,0,0,0,14,0
"c7a0e357824e2e6865bac7c314c4b450",0,0,0,0,0,0,0,0,0,0,0,0,0,0,0,0,5,0,0,0,0,0,0
"c7aebe3ff00d1b27d95056b2bfc18738",0,0,0,0,0,0,0,0,1,0,0,0,0,4,0,0,0,0,0,3,0,0,0
"c7e0d0ec7db5ff6b347c3c4e24d0adc7",0,0,2,3,13,0,19,0,0,14,8,0,0,0,6,0,1,0,10,3,0,0,0
"cabbe72bb85bda9646b88fde34da279b",0,0,0,0,0,0,0,0,11,0,0,0,0,0,0,0,0,0,0,0,0,0,0
"cb39fe84986ded4dee918c4b15faae33",0,0,0,0,0,0,0,1,0,0,0,0,0,0,0,0,0,0,0,0,0,0,0
"cb41fd3fe024560591281d6022e076d6",0,0,0,0,0,0,4,0,0,0,0,0,0,0,0,0,0,0,0,0,0,0,0
"cba035febe61fe9f1d33bd97c6085b56",0,0,0,0,0,0,0,5,0,0,0,0,0,0,0,0,0,0,0,0,0,0,0
"cbc4c77e61ae22c1dc6c41c6fa7af4db",0,0,0,0,0,0,5,0,0,5,2,0,0,9,0,0,0,0,0,0,0,0,0
"cbdd0137619de0e267aee8dcfe97a52c",1,0,0,0,0,0,0,0,0,0,0,0,0,0,0,0,0,2,0,0,0,0,0
"cbe95b0d53b3de093fc58ce6d6c42d25",0,0,0,0,5,31,5,15,5,3,0,0,0,0,6,0,0,0,0,0,0,0,0
"cdaa9e63dd5856fafaeffdd0cec554ee",0,0,0,0,0,0,0,0,0,1,0,0,0,0,0,0,0,0,0,0,0,0,0
"cef8e806ec2c356ef855d125dc2cd450",0,0,0,0,0,0,0,1,0,0,0,3,0,0,0,0,1,3,0,0,1,0,0
"cfa5e82da30698525c03b145bd75934e",0,0,0,0,0,0,2,0,7,0,0,0,0,0,0,0,0,0,0,0,0,0,0
"d1479ae099ae931764741399f9d50e99",0,0,0,0,0,0,0,0,2,0,0,0,0,0,0,0,0,0,0,0,0,0,0
"d21710911b184d6eee705efbd62291d6",2,0,0,0,0,0,0,0,0,0,0,0,0,0,0,0,0,0,0,6,0,0,0
"d376276fe068a029b012d15978b0f35d",0,0,0,0,0,0,0,0,0,0,0,0,0,0,0,0,0,0,0,0,1,0,0
"d3d67e8a02d58a5676804b4e686cba88",0,0,0,0,0,0,0,0,0,0,0,0,0,0,0,0,0,0,0,0,0,1,0
"d3e3eec2c57ac13c4894bc38097613ec",0,0,0,0,0,0,0,6,0,0,0,0,0,0,0,0,0,0,0,0,0,0,0
"d54633f6b6b99aa2050708251830a20a",0,0,0,0,0,0,0,0,0,0,0,0,99,0,10,0,5,0,11,0,1,0,0
"d5665b1f8e9df3e9e16b2455c106d75b",0,0,0,0,0,0,3,0,0,0,0,0,0,0,0,0,0,0,0,0,0,0,0
"d6a1f0a127d0ac180c9d664b35e33ab3",0,0,0,0,0,0,0,0,0,0,0,0,0,1,0,0,0,0,0,0,0,0,0
"d6b5527a76b1eff653ac6f64fb860959",0,0,0,1,0,0,0,0,0,0,0,0,0,0,0,0,0,0,0,0,0,0,0
"d6bfb4a12ae37cc3afa209f64b766bdb",0,0,0,0,0,0,0,0,0,0,0,0,0,0,0,0,0,0,0,1,0,0,0
"d6c09510615fc7867f37a7333f583350",0,0,0,0,0,142,0,0,0,0,0,0,0,0,0,0,0,0,0,0,0,0,0
"d8ad4bab95f1c96a8148b1e85a1047d3",0,0,0,0,0,0,0,0,0,0,0,0,0,0,0,0,0,2,0,0,0,0,0
"d8fb9ae030e1b8c35452cd8897bcfa19",0,0,0,0,0,6,2,1,4,0,9,0,0,0,0,2,0,2,0,0,0,0,0
"d9f93b101b1df9b6adff07d124506d08",0,0,0,0,0,0,0,0,0,0,0,0,0,0,0,0,3,0,0,0,0,0,0
"da369c8072896db8acc74beda14a6432",0,2,0,0,0,0,0,0,0,0,0,0,0,0,0,0,0,0,0,0,0,0,0
"dac977091c36ad3cf5b1dc51be836544",0,0,0,0,0,0,0,0,0,0,0,51,0,5,0,0,0,0,0,0,0,0,0
"db3ce5cfd4d206ba4a783912cbe27a8c",2,0,0,0,0,0,0,0,0,0,0,2,0,0,0,0,0,0,0,0,0,0,0
"dbdb7d1a9ec4974f8f96e098e217f634",0,0,0,2,0,0,16,1,18,0,0,0,0,0,55,0,0,0,38,30,0,0,0
"dc82983e066be45fefb3b32e9668a1ae",0,3,0,0,0,0,0,0,0,0,0,0,0,0,0,0,0,0,0,0,0,0,0
"dd7008e8576eac2369d61ea6be4201f9",0,0,0,0,0,0,0,0,0,0,0,0,0,0,0,0,0,1,0,0,0,0,0
"de4ed0bff88b2c77a9af8bdf38b1f1e3",1,13,0,0,0,0,0,0,0,0,0,0,0,0,0,0,0,0,0,0,0,2,0
"de6dfa90142f537868169167ee3c97e9",3,0,0,0,0,0,0,0,0,0,0,0,0,3,0,0,0,4,0,0,13,9,1
"de9be834fc7b42169a00cab2af100d2f",0,1,0,3,0,0,0,0,10,0,0,8,0,1,0,6,2,0,0,4,3,3,0
"df01d553195b33509cf4594ce7b8894e",0,0,0,0,0,0,0,0,0,0,0,0,0,0,0,0,0,0,0,1,0,0,0
"df25e660a14e1e28011e56711f635a9b",0,0,17,0,0,0,13,0,0,0,0,0,0,0,0,24,52,0,0,12,0,0,0
"df6db658374ba5841f425b150678f239",0,0,0,0,0,1,0,0,0,0,0,0,0,1,0,0,0,0,0,0,0,0,0
"df952fe26518f3643bb4150167d1b673",0,0,0,0,0,0,0,0,0,0,0,0,0,0,0,3,0,0,0,0,0,0,0
"e014f94536db98249598e18403ef09c3",0,0,0,0,72,5,0,0,0,15,0,0,0,0,0,0,0,0,0,0,0,0,0
"e1102aa8497f7a776bad1c8e79814f7a",0,2,0,0,0,0,0,0,0,0,0,0,0,2,0,0,0,0,0,0,0,0,0
"e18c0d4bf0c07e5e3e8f04588a85df34",0,0,0,0,0,4,0,0,0,0,0,0,0,0,0,0,0,0,0,0,0,0,0
"e21251704acee76a1259cf7abb92f921",0,0,0,0,0,0,0,0,0,0,0,0,0,0,0,0,0,0,0,0,0,6,0
"e22e90dc88d530a3e1df2299063b6fa0",0,0,0,0,0,0,0,0,0,0,0,0,0,0,0,0,0,0,0,0,2,0,0
"e2dd0ac420b337cc4905a4afe63b3037",3,0,0,0,0,0,0,0,0,0,0,0,0,0,0,0,0,0,0,0,0,0,0
"e33690669190c9c4cc44cf480f3b4851",0,0,0,0,0,0,0,0,0,0,0,0,0,0,0,0,0,0,0,0,0,2,0
"e3c6350116bb9cc1123d04dd4d802288",0,0,3,0,0,0,3,0,0,6,0,0,16,0,0,0,0,0,0,0,0,0,0
"e4bb6d30f5c4b7293c6b4583634f7724",0,0,0,5,1,0,0,19,0,2,11,0,0,0,0,0,0,0,0,0,0,0,0
"e5180a039d7b843193e84d00dcfc1aa2",0,2,1,2,0,0,0,2,0,2,3,16,0,0,0,6,6,0,6,5,0,0,0
"e55ac03dbd0d92ad8d8912a86dd6f0c7",0,0,0,26,157,0,29,0,0,3,5,0,0,0,160,0,0,0,0,0,0,0,0
"e56705fc7879985b1c3642c9fc907221",0,0,0,0,0,0,0,0,0,0,0,0,0,0,0,2,1,3,0,0,0,0,0
"e5682e86239a3955624c619135927dbc",0,0,0,0,0,1,0,0,5,0,0,0,0,0,0,0,0,3,0,15,0,0,0
"e597ccfe45843414575081e1a9473fc3",0,8,0,0,0,0,0,0,0,0,0,0,0,0,0,0,0,0,0,0,0,0,0
"e5d6e777993a77e6d3395b040da98107",0,3,0,0,0,0,0,0,0,0,0,0,0,0,0,0,0,0,0,0,0,0,0
"e70be14b59b96b60426f8ccf4ccb9899",41,64,9,36,28,29,52,5,10,77,28,31,21,46,14,24,48,9,32,20,168,43,11
"e746b3149463dd60cbdb1e685c0e93db",0,3,0,0,0,0,0,2,0,0,0,0,0,0,0,0,0,0,0,2,0,0,0
"e843c4b4c8c564d48fc56608ff2a61c6",283,318,1,1,0,0,0,0,0,0,0,0,16,0,0,0,0,354,173,0,0,70,30
"e8be8273c24834ca59aac18e88774862",3,5,78,22,38,27,10,4,3,13,7,1,8,31,0,1,54,12,21,10,29,47,0
"ea74acc611dfbc986c6d1717b1e62233",0,0,0,6,20,14,7,34,23,24,61,0,0,0,17,4,12,11,86,18,0,0,0
"ea760721620e2c7bc5ce3b0ba82d21cb",0,0,0,0,0,0,0,0,0,2,0,0,0,0,0,0,0,0,0,0,0,0,0
"eaab899433b08c8d228921f42c3ae5ed",0,0,0,0,0,0,0,0,0,0,0,0,0,0,0,1,8,0,0,0,0,0,0
"ebd36b4d49f39fc3767575b66c4a2ad6",0,0,4,10,0,0,0,0,0,0,0,0,0,0,0,0,0,0,0,0,0,0,0
"ec24a0ea221098dafcfd4855eb9d87b3",0,0,0,0,0,0,0,0,0,0,0,0,0,0,0,0,0,0,0,9,0,0,0
"edfa2b680a42826e7668ac1136b86fbc",0,0,0,0,0,2,0,0,0,0,0,0,0,0,0,0,0,0,0,0,0,0,0
"ee827df34d1e79d2abef5c563ea7d155",4,36,0,2,0,0,4,2,6,0,19,4,26,29,3,3,4,0,0,0,0,1,11
"ef09a46243eeba964fc629350eaaae36",0,0,0,0,0,0,0,0,0,0,0,0,0,0,0,0,0,0,0,1,0,0,0
"efd9076f4b35ec6e511a932ff2d29e7a",0,5,0,0,0,0,0,0,0,0,0,0,0,0,0,0,0,0,0,0,0,0,0
"f00f0b970258e142c6d476657f2d0c16",0,0,0,0,0,0,0,0,0,0,0,0,0,0,0,0,0,0,0,4,0,0,0
"f0607c2e0bd8808d7240855be80ffeee",0,0,0,0,0,9,0,0,0,0,0,0,0,0,0,0,0,0,0,0,0,0,0
"f0d2a7581c4bd7f58692d33441b0136e",0,0,0,0,168,177,0,0,0,0,246,249,0,0,0,0,0,37,0,0,0,0,0
"f20dad579cd3a0aa1d0f0cbb52ae10d7",0,487,0,0,0,0,0,0,0,0,0,0,3,0,0,0,0,0,0,0,0,0,0
"f240b0a63131c9e78f626e2c8ff68383",0,0,0,0,0,0,0,0,0,0,0,0,0,0,0,0,0,0,0,0,2,0,0
"f27b4e30ad42a6d1b2e393abcd9dd063",0,0,0,0,0,0,0,0,0,0,1,0,0,0,0,0,0,0,0,0,0,18,0
"f297fb6ef018c1c3a8057949f15d4f5d",0,0,0,0,1,0,0,0,0,0,0,2,0,0,0,0,0,0,0,0,0,0,0
"f3155ca1b4e5abf9ef4d4f7c3c3feca1",0,0,0,0,0,0,0,0,0,0,0,0,0,0,0,0,2,0,0,0,1,1,0
"f3c67ba0c408a8f7844d603910d8a263",0,4,10,5,0,0,0,2,0,0,12,3,5,3,0,1,3,10,23,0,32,11,0
"f413858fbdf000bc77863ebd85937e8e",2,5,2,4,0,3,0,0,0,15,10,0,20,17,0,16,28,15,2,0,7,0,0
"f4632f0f6e5ee8e06b0cfaf3d30bbf2b",0,0,0,0,0,0,3,0,0,0,0,0,0,0,0,0,0,0,0,0,0,0,0
"f6cd548313198ef82ac1874ebf448ed5",0,0,0,0,9,0,0,0,0,0,0,0,0,0,0,0,0,0,0,0,0,0,0
"f72978893c85cd6f3a89598b280923a3",0,0,0,0,0,2,0,0,0,0,0,0,0,6,0,0,0,0,0,0,0,0,0
"f7c46d8b4100b5f92040dfbb279fad6c",0,0,0,0,0,0,0,0,3,0,0,0,0,0,0,0,0,0,0,4,0,0,0
"f9266aad96ffb2f7a2ee6983ca4c6752",0,0,0,0,0,0,0,0,0,0,0,0,0,0,0,0,0,0,0,0,0,2,0
"f9b5d18f7f98947edd22836f2ebda2f4",0,0,0,0,0,0,0,0,0,0,0,0,0,0,0,0,0,0,0,3,0,0,0
"f9d32b172ae04cea995e90f9ab0e2060",0,0,0,0,0,0,0,0,0,0,0,0,0,0,0,0,0,0,15,0,0,0,0
"fa0a007ed36c520f046ca04f37e35dfb",0,0,0,0,4,0,0,0,0,0,0,0,0,0,0,0,0,0,0,0,0,5,0
"fb0ab617a4bec7d7956ec643385518a0",0,0,0,0,0,5,0,0,0,1,0,0,0,0,2,4,0,0,0,0,0,0,0
"fb19621368814e7b77c321684e0f7358",0,32,0,4,0,0,0,0,0,53,94,18,35,25,74,16,0,13,0,0,0,9,0
"fb57ce6e6e5fee8e61bee068c701b65d",0,0,0,0,0,0,0,0,0,0,0,0,0,0,0,0,0,0,0,10,0,0,0
"fb82c0b1733200ee85bd9c562b4c096b",2,0,0,12,0,31,9,1,0,9,0,0,0,0,0,4,0,0,0,0,0,58,0
"fc04e88bb0e555857a9994c160056c39",0,0,0,0,0,0,0,0,0,0,0,0,0,0,0,0,0,0,0,0,0,1,0
"fc3c54214ffdcf450b6c1c8766d5e4d0",0,0,0,0,0,0,0,0,0,0,2,0,0,0,0,0,0,0,0,0,0,0,0
"fc584a52f69f4255480e8addcb7ca135",0,0,1,1,0,0,0,0,0,0,0,0,0,0,0,0,0,0,6,0,0,0,0
"fc5e2a0e71bb7025d2af2864bff26784",0,0,0,0,0,0,0,0,0,0,0,0,0,0,0,0,0,0,0,0,0,0,1
"fca962888b6117b6e26eeb06d309a4c7",3,2,0,0,0,0,0,0,0,0,6,46,16,0,0,5,2,2,0,28,0,0,0
"fcde2c1bcccf733b136e51b003f30eec",0,0,0,7,0,0,0,0,0,0,0,0,0,0,0,0,0,0,0,0,0,0,0
"fd36ad6b744afb24a1cd847587305167",0,0,0,0,1,0,2,0,2,0,0,0,0,0,0,0,0,0,0,0,0,0,0
"fd77d9ce9c157e00781b80605fec310d",0,27,0,3,0,3,0,0,0,0,0,0,0,0,0,0,0,0,0,0,0,0,0
"fd7a7db6e3d08edc859f3fdebe30861a",0,0,2,0,0,0,0,12,0,0,0,0,0,0,0,0,0,0,0,0,0,0,0
"fd88aa89ef7aba81bda46d7c47ed1b02",3,0,0,0,0,0,0,0,0,0,0,0,0,0,0,0,0,0,0,0,0,0,0
"fd88d355676826758b3975652fddfd77",0,0,0,0,0,0,0,1,0,0,0,0,0,0,0,0,0,0,0,0,0,0,0
"fdc98f06c8ce82be772662bd8caa5630",0,0,0,0,0,0,1,0,0,0,0,2,0,0,0,0,0,0,0,0,0,0,0
"fdd872f4f21a218b302fa17437ce71e4",0,0,14,2,9,8,4,1,22,8,10,3,0,0,0,0,33,0,0,3,0,0,0
"fe290e7cb731760d74c04b4df1af9a9b",0,0,0,1,0,0,0,0,0,0,0,0,0,0,0,0,0,0,0,0,0,0,0
