"","HPC1491","HPC1492","HPC1493","HPC1494","HPC1495","HPC1496","HPC1497","HPC1498","HPC1500","HPC1501","HPC1502","HPC1503","HPC1504","HPC1506","HPC1507","HPC1512","HPC1515","HPC1517","HPC1518","HPC1519","HPC1520","HPC1518KNZ"
"00b9f7cfaad6714a0a740d4a6d92c2e7",8,0,0,0,7,4,6,1,5,16,0,0,17,0,8,7,0,0,0,0,0,0
"00fb68e47adfc60c29b079702dd3a7e0",0,0,0,0,0,0,0,0,0,2,0,0,0,0,0,0,0,0,0,0,0,0
"01356770c03c794d8c10c9584ce069c7",0,0,0,0,0,0,0,0,0,0,0,0,0,1,0,0,0,0,0,0,0,0
"019b0519517852defce025ec2f3a43f9",0,6,0,0,0,0,0,0,0,0,0,0,0,0,0,0,0,0,0,0,0,0
"02217ce5774022c7404c6bd0d4a2ccf9",0,0,0,0,0,0,0,12,0,0,28,0,2,0,0,0,0,0,7,0,0,5
"026c46cdc1ae3f6cf9501beb54fa2532",0,0,0,0,3,0,0,0,3,0,0,4,4,0,0,1,31,5,0,0,5,0
"02fe720e318c829f48ced96b71e9ae99",0,0,0,0,0,0,0,0,0,0,0,4,0,0,0,0,0,0,0,0,0,0
"035bcd1d9af45acab031b1b03fdb7aac",0,0,0,0,0,0,0,0,0,0,0,0,18,0,0,0,0,0,0,0,0,0
"0439d6960acb7b6a6f194f6396f3cc1d",0,0,0,0,1,0,0,0,0,0,0,0,5,0,0,0,0,0,0,0,0,0
"05703ed30530df3decdded2e69235587",0,0,0,0,0,0,0,0,0,0,0,327,0,0,0,0,0,0,0,0,0,0
"05af9519d853e5639f9b6b44467282fe",0,0,0,0,0,0,0,0,0,0,0,0,0,0,0,11,0,0,4,0,0,1
"06e93a1ef1306c65d6e2a68a039d0039",0,0,0,0,17,0,0,0,0,0,0,0,0,0,0,0,0,0,0,0,0,0
"06fbddb56fbc5b3ca6e2b71ea921bd50",0,0,0,0,0,0,0,0,0,0,0,0,0,0,0,1,0,0,0,0,0,0
"074b3980ba954093004b40bc10725889",4,0,0,0,0,0,0,0,0,0,0,0,0,0,0,0,0,0,0,0,0,0
"0814700c3c601fa02ee43c1b6838e4e6",0,22,0,0,0,0,0,0,0,0,0,0,0,0,0,0,0,0,0,0,0,0
"0890c5dc3a8f393f1c03994efbc9b0c0",1,0,0,0,0,0,0,0,0,0,0,0,0,0,0,0,0,0,0,0,5,0
"08b01942a8693872cf3a3bd50508d2d7",0,0,0,0,13,0,0,0,0,0,0,0,0,0,0,0,0,4,0,0,1,0
"09153f4ecbcbd805f2432e4170d22613",0,0,0,0,0,0,0,0,0,0,0,0,9,0,0,0,0,0,0,0,0,0
"09499b5aa21475970d3bae2de467f60c",14,0,0,0,0,0,0,0,0,0,0,0,0,0,0,0,0,0,0,0,0,0
"09d8c46bf96a2781fb219eccffc2f75f",0,0,0,0,0,0,0,0,0,0,0,1,0,0,0,0,0,0,0,0,0,0
"0a1262599880334ac4fefda22d067519",0,0,0,0,0,0,0,0,0,0,0,0,0,0,0,1,0,0,0,0,0,0
"0a55820148562eef7c47af5ab05610b8",4,0,0,0,0,0,0,0,0,0,0,0,0,0,0,0,0,0,0,0,18,0
"0a7fe3595e40caeafecb26f55ecf526d",2,25,6,3,0,3,0,2,0,0,4,2,13,0,0,9,0,0,0,0,6,0
"0af52ddb668e460e74c1cb030b056f6b",0,0,0,0,0,0,0,0,6,0,0,0,0,0,0,0,0,0,0,0,0,0
"0afb9118d3f6846414574d46471c3c59",0,0,0,0,0,0,0,0,0,3,0,0,0,0,0,28,0,0,0,19,0,0
"0c770efe5e803fcfb94717b5b50dd4a8",0,0,0,0,0,0,0,1,0,0,0,0,0,0,0,0,0,0,0,0,4,0
"0cde90f43f801d279fa011bfb4c6b3a6",0,0,0,0,613,0,0,0,0,0,0,0,0,0,0,0,0,0,0,0,31,0
"0d205189461a213eec32642977f0761a",0,0,0,0,0,0,0,0,0,0,0,0,0,0,0,0,0,0,0,0,2,0
"0d30f03a89e08e2c570de556a4032d00",0,0,0,0,0,0,0,0,21,0,0,3,4,0,0,1,0,0,0,0,0,0
"0d64e0170fd5c43d58714adb75f53603",0,0,1,0,1,0,2,6,0,0,1,0,2,0,0,0,0,0,1,0,0,3
"0db587bb2a24679c3dedd2f3d99bdffe",0,0,0,0,9,10,0,0,0,0,22,0,0,0,36,191,21,0,0,0,0,0
"0fd321a89348e331185791939bd83635",0,0,0,0,0,0,0,0,0,0,0,0,0,0,0,0,0,0,0,32,0,0
"1001f50b31121a770c6b6cd5d8ed96c8",0,0,0,10,46,0,0,0,0,0,0,0,0,0,0,0,0,0,0,0,1,0
"10682ee1eb9e040a49b00b35f5920015",1,0,0,0,0,0,0,0,0,0,0,0,0,13,0,0,0,0,0,0,0,0
"10839859eac5ca8431ee848d9f00803f",0,0,0,0,0,0,0,0,0,0,0,0,0,0,0,0,0,0,0,0,8,0
"10e5f4a0a45782e74568a9ed32c54bbe",0,0,97,0,0,0,0,0,0,0,0,0,2,0,0,0,0,0,0,0,0,0
"128a7930b5f5e4376c85a4d10e619b67",0,0,0,0,0,0,0,0,0,0,0,0,0,0,0,0,0,0,0,0,0,29
"12d5be2618953ce779e808db22ea0f03",0,0,0,0,0,0,0,0,0,0,0,0,0,0,0,0,0,0,0,0,0,17
"1306cfc10b8ca165e6efb11e3595ef4b",0,0,0,0,0,0,0,0,0,0,0,0,0,0,0,0,0,0,0,2,0,0
"134dadfafac1322ae3f3ded21fbcf714",0,0,0,0,0,0,0,0,0,0,0,3,0,0,0,0,0,0,0,0,0,0
"13e7d8f598035447d123840e986a771a",0,195,0,107,0,0,0,0,3,0,0,8,0,0,0,0,0,11,70,0,0,63
"14e02c3f063caa94b0cc4cd379e48340",0,0,0,0,0,0,0,0,34,0,0,0,0,0,0,0,0,0,0,0,0,0
"156b18a672954bed155804f37327c646",0,0,0,0,0,0,0,0,0,0,2,0,0,0,0,0,0,0,0,0,0,0
"157a3ae68f649aa19985b36aeb2b5cc6",0,0,0,0,0,0,0,0,2,0,0,0,0,0,0,0,0,0,0,0,0,0
"167696ae6e3b36b97b3525082d6ba727",0,0,0,0,0,1,0,0,0,0,0,0,0,0,0,0,0,0,0,0,0,0
"169f1397c4e27946716ce2b984c6edc7",0,0,0,0,0,0,0,0,0,0,1,0,0,0,0,0,14,0,0,0,0,0
"1728571482f6c0f88e98c3a94d9fe951",0,0,2,0,0,0,0,0,0,0,0,0,0,0,0,0,0,0,1,0,11,0
"17332728e59dc0a6d6015eb75b324a49",0,0,0,0,0,0,0,0,0,0,0,0,0,0,0,0,0,0,1,0,1,0
"17c3ac8d97271940b3d9c956e97057a9",0,0,0,0,0,0,0,0,1,0,0,0,0,0,0,0,0,0,0,0,0,0
"1865baa970105b9d8ae8063fb9ba26bd",0,0,0,0,0,0,0,0,0,0,0,0,0,0,0,0,0,0,0,0,0,1
"1b008844ab1e1200398d3a38eeafcf19",1,0,0,0,0,0,0,0,0,0,0,0,0,0,0,0,0,0,0,0,6,0
"1b437b0b51c7ee2733a1069ac7ddf3b2",0,0,0,0,0,0,2,0,0,0,0,0,0,0,0,0,0,0,0,0,0,0
"1c299effa3b773466b9704e639802c4f",0,0,0,0,0,0,0,0,0,0,0,0,0,0,0,0,0,0,0,0,0,1
"1c2c4481171be567789843de77e41d11",0,0,1,1,0,0,0,0,0,0,0,0,4,0,0,0,0,0,0,0,0,0
"1db34a3c2faac40962039ce55ddf2e6c",0,3,0,0,0,1,0,0,0,0,0,0,1,0,0,0,0,0,0,0,2,0
"1dbe529017f29b95ce78f5cc38355432",0,0,0,0,0,0,0,1,0,0,0,0,1,0,0,0,0,0,0,0,0,0
"1e3664d43cb955b61387aa11d1dddfd0",0,0,0,0,0,0,0,0,0,0,0,0,0,189,0,0,0,0,0,0,0,0
"1f41f115cb405f2ac7a1db6f0d47013a",0,0,0,0,0,0,0,0,125,0,0,0,0,0,0,0,0,0,0,0,0,0
"1f42e59f79bfc8aa12bf8282c35787eb",0,0,0,0,12,0,0,0,0,0,0,0,0,1,0,0,0,0,0,0,0,0
"2031af0ed6bc6004eb969e62bd0624b4",0,0,0,0,0,0,0,0,1,0,0,0,0,0,0,2,0,0,0,0,0,0
"2046bb0f26fadcdf415fc402a9d93679",0,0,0,0,0,0,0,0,0,0,0,0,0,0,3,0,0,0,0,0,0,0
"205689b524b6f04b260bfa6f080179bd",97,10,2,77,0,1,22,6,0,7,133,82,0,16,3,0,22,98,5,0,0,4
"205b88c92931ca92e0f146a0e2a47dca",0,0,0,0,0,0,0,0,0,0,0,0,0,0,0,0,3,0,0,3,0,0
"20eab86229b9a6f11127b9bcaf770ae8",0,0,0,0,0,0,0,1,0,0,1,0,0,0,5,0,4,0,0,0,0,0
"21788bb471a631f9d4ccff77592bf508",0,0,0,0,0,0,0,0,0,0,0,0,0,0,0,0,0,0,0,0,22,0
"21d56555b2e81a477b8fa61bc24770c3",0,0,0,0,0,4,0,0,0,0,0,0,0,0,0,0,0,0,0,0,0,0
"22793edc9cd9907ce5d798d27d9bea22",0,0,1,0,0,0,0,0,0,0,0,0,0,0,0,0,0,0,0,0,0,0
"22f5efb426fc7af9ccdd9307b0d8226d",0,0,0,0,0,5,0,0,0,0,0,0,0,0,0,0,0,0,0,0,0,0
"230512791272401033e01677ec5dc252",2,0,0,0,0,0,0,5,0,0,0,0,0,0,0,4,0,0,2,0,0,5
"237421b5c0a1a11aba872c8d360e6476",0,0,0,0,0,0,0,0,0,0,0,0,0,0,0,0,0,0,0,0,6,0
"23b935857c2905d6797c0c650fcb117b",1,0,0,0,0,0,0,0,39,0,0,0,0,0,0,5,0,0,0,0,0,0
"23ff866339d87c42420e6b2549251b31",0,31,0,0,0,0,0,0,0,0,0,17,0,0,0,0,0,0,0,0,0,0
"245df955ad249df14defe58e03366b8b",10,0,0,0,0,0,0,0,0,0,0,0,0,0,0,0,0,0,0,0,0,0
"24791d3d91858737c317d435d768b6aa",1,0,0,0,0,0,0,9,0,0,0,0,0,0,0,0,0,0,0,0,7,0
"253a45f0a1d8a3c886571450ce94062f",0,0,0,0,0,0,0,0,0,0,0,0,0,0,0,0,0,0,6,0,0,0
"25a56c4f61d8e8d3eb1383204a99164a",0,0,0,0,0,0,74,30,107,0,0,0,4,0,127,0,0,0,0,0,0,0
"261935bf4d4df64dc9206ab7ccfd645e",16,0,0,0,0,0,0,5,0,0,0,0,0,0,15,7,0,0,2,0,7,1
"2628bc3ce0449352d3090092eba9ebc8",3,0,2,6,0,0,0,0,3,1,31,1,7,3,10,11,0,0,14,0,11,17
"26f339506d88e7b057613ee1c5bc510d",3,0,0,0,2,0,10,16,0,0,0,5,2,0,1,0,0,0,0,0,0,0
"2783244797d962c0a76531e2de84d58f",1,0,0,0,0,0,0,0,0,0,0,0,4,0,0,0,0,0,0,0,0,0
"27d620edd7ea03a5123fb108e06f0e8f",0,0,0,0,0,0,0,0,17,0,0,0,0,0,0,0,0,0,0,0,0,0
"2849ae4e04864aa470fcafd5f8c86473",0,0,0,0,0,0,0,0,0,0,0,0,0,0,0,0,0,0,6,0,0,6
"2884f446b7bb73b0f419f130e9aa55b9",0,0,0,0,0,0,0,0,0,0,0,0,0,0,0,0,0,0,0,0,0,6
"294c35db4390d1600746650117e063d0",0,0,0,0,0,0,0,0,1,0,0,0,0,0,0,0,0,0,0,0,0,0
"29b7cd6352becc322414fa5fe983e206",0,0,0,0,0,0,0,0,0,0,0,0,0,2,0,0,0,0,0,0,0,0
"29d9af249d83e5fc67054ff02cbce1c4",0,0,0,0,0,0,0,0,0,0,0,0,6,0,0,0,0,0,0,0,0,0
"2a2b8b0dcd151e3cded4e9a0c6c8525c",0,0,0,0,0,0,0,0,0,2,0,0,2,0,0,0,0,0,0,0,0,0
"2ba90b0be01177328bfba05450b59ed7",0,0,0,0,0,0,5,2,0,0,0,0,0,0,1,5,0,0,2,0,0,0
"2c789a10c166cbc0f551f943a8896f43",0,0,0,0,0,0,0,0,0,0,6,0,0,0,0,0,0,0,0,0,0,0
"2dfe2d6bdb57a8e6ca38db233f8cb4bc",0,0,0,2,0,0,0,0,0,0,0,0,0,0,0,0,0,0,0,0,2,0
"2e756e9be0fb920d489d2245e62d3248",0,0,0,0,0,0,0,0,0,0,0,0,0,0,0,0,2,0,0,0,0,0
"2e9647a26f7602fa1bfeb52e4b5f74f1",0,0,0,0,0,0,0,0,0,0,0,0,0,0,0,0,0,1,0,0,0,0
"2f37611fbd002402d0d7bc5694578944",0,18,16,0,15,0,0,0,0,0,0,0,0,3,0,0,0,0,0,0,0,0
"2f49610f9b40af4a510bd644f3efad4b",2,0,0,0,4,0,0,5,2,10,0,0,0,0,2,0,0,1,3,0,1,8
"2f8d47332b12dd771e9fefc4167c4680",0,0,0,0,0,20,304,0,0,0,7,0,0,0,0,0,0,384,0,0,0,0
"302c25410e905a32fac3f59019a52c7a",0,0,0,0,0,0,0,6,0,0,0,0,0,0,0,0,0,0,0,4,0,0
"305e0746bf5305f73f26233d14f17c79",0,0,0,0,0,0,0,0,0,0,0,0,4,0,0,0,0,0,0,0,0,0
"3088a14eb98815ddfc6829219fe2ece3",0,0,0,0,0,5,0,0,0,0,0,0,0,0,0,0,0,0,0,0,0,0
"30e3d72fcbd951def5a57611527d2a91",0,0,0,0,0,0,15,0,0,0,9,0,0,0,0,0,0,0,0,0,0,0
"314413072bf4299e0142a6bb0d0b0c61",0,0,0,0,0,0,0,0,0,0,0,0,0,0,0,0,0,0,0,0,109,0
"325553effac2caa0a5684f0650893e49",0,6,0,0,0,0,0,0,0,0,0,0,79,0,0,11,0,0,0,0,0,0
"3262a7e70e1dd963244d1d00a2b9281a",0,48,3,31,2,0,6,0,1,0,5,0,0,34,0,9,0,2,14,0,0,16
"3264c9b36d4b3c3fec30f9100233511c",0,0,0,0,0,0,0,0,0,0,1,0,0,2,0,0,0,0,0,0,0,0
"3424612315ed0a562bbdd7a35c5591e1",0,0,0,0,1,0,0,0,0,0,0,0,0,1,0,0,0,0,0,0,0,3
"356c928ad2699d60e88ef8385d09af43",0,0,0,0,0,0,0,0,0,0,0,0,0,0,0,0,0,0,0,0,1,0
"35c84552eab09fbd4ad5b56782e29bac",0,0,0,0,0,0,0,0,4,0,0,0,0,0,0,0,0,0,0,0,0,0
"3763617a6117adc2b98525dea5f83538",0,0,0,0,1,0,0,0,0,5,0,0,1,0,1,0,0,0,0,2,0,0
"37a735a589da0a94a2ba7b17f800101d",0,0,0,0,0,0,7,0,0,3,9,0,0,0,0,5,0,0,11,2,2,0
"38af1e662318cf6e431fdd84d3af27d0",0,0,0,0,0,0,0,5,0,0,0,0,0,3,0,0,0,2,0,0,0,0
"38ccc9b4b8603b38469c32ab1a7a2c24",0,0,0,0,0,5,0,0,0,1,0,0,2,0,0,0,0,2,5,0,1,0
"3903dfd1b6cb63d6edd12f208615ccf3",206,0,1,0,0,3,0,0,0,0,0,0,5,0,0,0,0,0,0,0,0,0
"3932d0e46a4d42546a84688e5b794142",2,0,0,0,0,0,3,2,0,0,0,0,0,0,0,0,0,0,0,0,0,0
"3947235d5c0541b28bcab25fcfcf3cab",0,0,0,0,0,0,0,4,0,0,0,0,0,0,0,0,0,0,0,0,0,0
"3990019a6040874110a72374eb15b139",0,0,0,0,0,0,0,0,0,0,1,0,0,0,0,0,1,0,0,0,0,0
"39b689c36edaaa5d342c460d466fcfe2",0,0,0,30,0,0,58,0,0,0,0,0,0,0,0,0,0,0,0,0,0,0
"3b180b5dd5fed6eac59f8908b236b689",0,2,0,2,0,0,0,1,1,0,0,0,0,0,0,0,1,0,16,0,0,6
"3c3e0c0c8f467aed0a830bd407b0a3e2",0,0,0,1,0,0,0,0,0,0,0,0,1,0,0,0,0,0,0,0,0,0
"3c3fd1b0bbd9f4e23e6d0abb65346a7a",0,0,0,0,0,0,0,0,0,0,0,0,0,0,0,0,0,1,0,0,0,0
"3c9c65d046b33b3edaedfe03cd1de7e1",0,0,0,0,0,0,0,0,0,0,0,0,0,0,0,7,0,0,0,0,0,0
"3d1bb8aed46d91b0b5fc1ba9a9af2f48",0,0,0,0,0,0,0,0,0,0,0,0,0,0,0,0,0,0,0,0,0,3
"3d47bf23798d66c7c6c726b136df5e31",0,0,0,0,0,0,0,0,0,0,0,0,0,0,0,0,0,0,0,0,9,0
"3dcfdd1a8093f6c5a49eed29bd83ce45",0,0,0,0,0,0,0,2,0,0,0,0,0,0,0,0,0,0,0,0,0,0
"3e57497044f82a163a49f3f60b7b3dc5",0,0,0,0,0,0,0,0,0,0,0,0,0,0,4,0,0,0,0,0,0,0
"3ed42a2a6a97d92ca05a9def60ae129a",6,0,0,0,0,1,0,7,0,0,0,0,0,0,8,0,0,0,0,3,11,0
"400933aaafc7f52e4ee194cba7712b35",0,0,0,1,0,0,0,0,0,0,0,0,0,0,0,0,0,0,0,0,0,0
"41152e8a5f5f452a0b48ae0be59bbf64",38,0,2,0,0,0,3,11,6,3,0,0,0,0,28,12,9,0,0,0,6,0
"41611cc955196b78440f38958466937f",0,0,0,0,0,0,0,0,0,0,0,0,0,0,0,0,0,0,52,0,0,41
"4243d90941dd5826c6601bd0d628e752",0,0,0,0,2,0,0,3,0,0,1,1,0,0,0,3,0,0,1,0,1,0
"42b95bea338f54f2251b469f8dd6d388",0,0,0,0,0,0,4,0,0,0,0,0,0,0,0,0,0,0,0,0,0,0
"43c0c64b0402e054e33ce01f58675500",0,0,0,0,0,0,0,0,0,0,0,0,0,0,0,0,0,0,0,0,0,1
"44479cb98e7734887f0f8cf441aa7285",0,0,0,0,0,0,0,0,0,0,20,0,0,0,0,0,0,0,0,0,0,0
"449411d71eed0ff4804e1aa0984f496a",0,0,0,0,0,0,0,0,0,0,0,0,0,0,0,0,0,0,0,0,0,1
"44bc67133752a994478480a150ee78f3",0,0,0,0,0,0,0,0,0,0,0,0,0,0,0,0,0,0,0,0,3,0
"44be4c7bdd680e21b5d6aa4223ed66a9",0,7,0,0,0,0,0,0,2,0,0,0,0,0,0,0,0,0,0,0,0,0
"44fb84495a3bec4529e369e18c8d0165",0,0,0,25,0,0,0,0,0,0,0,0,0,0,0,0,0,0,0,0,0,0
"458f2463fcf02c892df9dfd7927abe46",0,0,0,0,0,0,0,0,0,0,0,0,109,0,0,0,0,0,0,0,0,0
"4674f146f001a5d29c36a7f3e5c7dac2",0,11,6,0,0,8,0,0,0,5,0,0,0,0,0,0,0,12,0,0,0,0
"479c85bd49b21ba6a5a00d7b13766555",0,0,0,0,0,0,0,0,0,0,0,0,0,0,0,1,0,0,0,0,2,0
"47b7cb4025b7d3b0efe74271c4df5ee5",0,0,0,0,0,0,0,0,6,0,0,0,0,0,0,2,3,0,0,0,0,0
"47cdae9ae61c63c2a74fd0f1f322a096",0,0,9,0,0,0,0,0,0,0,0,0,0,0,0,0,0,0,0,0,0,0
"47d1bafecd5a6e242a809854afc7f580",44,0,0,0,0,0,0,0,0,0,0,0,0,0,0,0,0,0,0,0,3,0
"4824e8a9a8a43216b90c456ec5acfc11",0,33,2,8,0,1,0,0,10,1,0,0,0,0,0,0,0,0,0,0,6,0
"489855189d9686629879eb3ede9486f8",0,0,0,0,0,0,0,0,0,0,0,0,0,0,0,0,0,0,0,0,0,1
"498360bf0e3bea63817172cc8e57f786",0,0,2,0,0,0,0,0,0,6,0,0,4,0,0,0,0,7,3,0,0,0
"499b187b1bfd265489cfda4b4cb4d8c7",0,10,0,0,6,2,0,0,0,0,0,0,0,7,0,0,0,0,1,0,6,2
"4aa7480b0c8992101bbc99f37d87283a",0,0,0,0,0,0,0,0,0,0,0,0,0,0,0,2,0,0,0,0,0,0
"4b045fdd81a50cbe7916c2793381ce4d",4,0,2,0,2,0,3,7,0,1,0,0,3,1,15,0,1,30,7,1,6,4
"4b59ec7cb5f9d5a293b7a6bd86625084",0,0,0,0,0,0,0,0,0,0,0,0,4,0,0,0,0,0,0,0,0,0
"4b916c47b7b6a33da403a5dd3606743f",0,0,0,0,0,0,0,0,0,0,0,0,0,0,0,0,0,0,0,0,0,7
"4c3f744326739cfcb797c290083783e5",3,0,14,0,0,0,0,0,0,0,0,1,0,2,0,0,2,0,0,0,5,1
"4c85f6eb8b5388ee4a46c2cb2719daa4",2,0,0,0,0,0,0,0,0,0,0,0,0,0,0,0,0,0,0,0,0,0
"4d06fd961ccde5a149ee9949629301a4",0,0,0,0,0,0,0,0,0,0,0,0,0,0,0,0,0,0,0,166,0,0
"4d48d7ff5be648dbff5d977be48b6c8e",0,0,0,0,0,0,4,13,0,0,0,0,3,0,0,0,0,0,3,0,0,0
"4d7192c5a137cf7ed293a21a21043126",0,0,0,0,0,0,0,0,0,0,0,0,8,0,0,0,0,0,0,0,0,0
"4d79feabc5bbc6227b7cda98be35a465",0,0,0,0,0,0,0,0,0,0,0,0,209,0,0,0,0,0,0,0,0,0
"4e0f0e494eca3907de68b815147a98f4",0,0,0,0,0,0,0,0,56,0,0,0,0,0,0,0,0,0,0,0,0,0
"4f5678f16e6e19f7f6638d8f5dd476ef",0,0,0,0,0,0,0,0,0,0,0,0,0,12,0,0,0,0,0,0,0,0
"4f8c8e41fa14dc280582fc9bd26bcbab",38,0,0,0,0,0,0,0,0,0,0,0,0,0,0,0,0,0,0,113,0,0
"4fd4520ef55489d25bcd2fe1d4748612",0,0,0,0,0,0,0,0,0,0,0,0,2,0,0,0,0,0,0,0,0,0
"51194b8233acaff275c41bf94ca2c735",0,21,145,55,0,24,18,0,1,0,2,1,0,9,75,20,0,34,2,0,0,0
"51908ef8c74539aa92b2b9786e011934",0,0,0,0,0,0,1,1,0,1,0,1,0,0,0,0,0,0,0,0,0,0
"522f17a20b884e53b7e2693b431fce4c",0,0,0,0,0,0,0,1,0,0,0,0,0,0,3,0,0,0,0,0,4,0
"5258032d24d55e20bf14e853dffd5400",0,0,0,0,0,1,9,0,0,0,0,0,0,0,0,0,0,0,0,0,0,0
"53353788c0056c2ae8a0796ff05c4fbb",0,0,0,0,0,0,0,0,0,0,0,0,0,0,0,0,0,0,83,0,0,40
"53ea7c64178dbbce1e1a4722bfaeec1e",0,0,0,0,0,0,0,0,17,0,0,0,0,0,0,0,0,0,0,0,0,0
"54305693ac20167cca877f883539d0a4",7,0,4,0,0,0,0,0,0,0,0,0,0,0,0,0,5,0,0,0,0,0
"55062e73de4a329a87628ff9f37b1ad7",0,0,0,0,5,0,0,0,11,0,0,0,0,0,0,0,0,0,0,0,0,0
"55b58124016596c4a6b7b2c4b7633efb",0,14,0,0,0,0,0,0,24,0,2,0,0,0,0,27,0,0,11,0,0,4
"5642157fa573ca5b7b2c265fdd1d376a",0,0,0,4,0,0,0,0,1,0,0,0,0,4,0,7,0,0,4,0,0,6
"5676840dcb48c723631bddfa87256e53",15,0,0,0,0,0,0,0,0,0,0,0,0,0,0,0,0,0,0,0,0,0
"575b472a8f9b077a8b9186957cd23741",0,1,0,0,0,3,0,0,0,0,0,0,0,0,0,0,0,0,0,0,0,0
"5995e644fe223f3ae9031b8851811d15",21,0,0,0,0,116,0,0,0,0,0,0,0,0,0,0,0,0,0,0,0,0
"5a20b9f9b38234c1dac21cd942876080",0,0,0,0,0,0,0,0,0,0,0,0,4,0,0,0,0,0,0,0,1,0
"5a9bf2a72bf109dcb4016f4fad80c794",0,0,0,0,0,0,0,0,0,0,0,0,0,0,1,0,0,0,0,0,0,0
"5abd62a51de58d47dcad03304fe0ecdf",0,0,1,0,0,0,0,0,0,0,0,0,0,0,0,0,0,0,0,0,0,0
"5b0210400b09979c17155c6f68f51f6b",0,0,0,0,0,0,0,0,0,0,0,0,0,0,0,0,0,0,0,0,16,0
"5b6c2bf00901f56cae04c18483b274a5",0,0,1,0,0,0,0,0,0,0,0,0,0,0,0,0,0,0,3,0,3,8
"5bc648bddeb33a57dc2d0c1c85d2e8e7",4,0,0,0,0,0,0,0,0,0,0,0,0,0,0,0,0,0,49,0,16,35
"5bd156f519995271cadeeaeca6d70c48",0,0,0,4,0,0,0,0,0,0,0,0,0,0,0,0,0,0,0,0,0,0
"5c35358f9cf2811d7c01d6ae6338ac4c",0,3,0,0,1,0,0,0,0,13,0,0,0,0,0,0,0,1,0,0,0,0
"5c754ef9ac193585d3f40e898f37fa6d",0,0,0,0,0,0,0,0,0,0,0,0,0,0,0,0,0,0,0,0,0,3
"5ce6b0274af40b261ae9ea2a5cd9aa45",0,0,0,0,0,0,0,0,0,0,0,0,0,0,0,0,0,0,0,0,4,0
"5d12c5354286cda7c52d5c46170a37ea",0,0,0,0,0,0,0,0,0,2,0,0,0,0,0,0,0,0,0,0,0,0
"5e0b1e533d803d7c69e76c2c42359773",0,0,0,18,4,0,0,0,4,0,0,0,3,0,0,2,0,0,0,9,0,0
"5ede7fd03d722dc5639044b5a606c4d9",0,0,0,0,0,0,0,0,0,0,0,0,0,0,2,0,0,0,0,0,0,0
"5f4de94e76dee59701c7c82a02434c55",0,0,0,0,0,0,0,0,0,0,0,0,3,0,0,0,0,0,0,0,0,0
"5f55d5c59eb1f4a61aeac6deb998002c",0,0,0,0,0,8,0,0,0,0,0,0,0,0,0,0,0,0,0,0,0,0
"5f9270e492afaa0d07c4de501ea92b69",0,0,0,3,0,4,0,0,2,0,0,0,8,7,0,0,0,0,8,0,12,5
"602e6f3ae37ad50bbb096c4266475243",0,0,0,0,0,0,0,0,0,0,0,0,0,0,0,0,0,0,2,0,0,0
"6038cbf29d9df32a9c04c69b9aec44cb",0,0,0,0,0,0,0,0,0,0,0,0,0,0,0,0,0,0,2,2,0,0
"603be18164bde09818d5345c3442ed43",0,0,2,1,0,1,0,0,0,0,0,1,0,0,0,0,0,0,0,0,0,0
"603d5b77bed5eeee5c7cb25d7f7385d0",0,0,0,0,0,0,0,0,0,0,0,0,0,0,0,0,2,0,0,0,2,0
"60a6e509822b724c7aef5d07e7dd5fa8",0,0,0,0,0,0,0,0,0,0,2,0,0,0,0,0,0,0,0,0,0,0
"60c3d644187c0e3533afb230533308b5",0,0,0,0,0,0,0,1,0,0,0,0,0,0,0,0,0,0,2,0,0,0
"61d31bedcdb022077d75c9c804abb782",4,0,0,0,0,10,0,0,0,0,19,0,0,0,1,0,0,0,0,0,2,0
"62e480b7fbc49d15d3d2a0fe6aef5f88",0,0,0,0,0,0,0,0,0,0,0,0,0,0,0,0,0,0,2,0,0,2
"63b3e279d79527e15571e0695be73a89",0,0,0,0,0,0,0,0,0,1,0,0,0,0,0,0,0,20,0,0,0,0
"64a4120ad60a06da523fc690d3b62003",3,0,0,0,0,0,0,0,0,0,0,1,0,0,0,0,0,0,0,1,1,0
"64c217e69e7609aab725bda47022f406",5,16,14,31,2,1,16,89,0,32,27,4,14,18,30,60,67,5,75,2,3,48
"652177b74e1009d99f81843a80698de3",0,0,2,0,0,0,0,2,0,0,0,0,0,0,3,0,0,0,0,2,0,0
"65316b075919a823fbe3dee2177b2662",0,0,0,0,0,0,0,0,0,0,0,0,0,0,0,3,0,0,0,0,1,0
"65942255ad8818e5300a2a1501314958",0,0,0,0,0,15,0,0,0,0,0,0,0,0,0,0,0,0,0,0,0,0
"65a82a5c911961c932169c0e220e77b2",0,0,0,0,0,0,0,1,0,0,0,4,2,5,0,6,0,0,0,0,0,0
"65c3609dc0d57f9ea75f577ce7e1f567",0,0,0,0,0,1,0,1,0,0,8,3,0,1,0,3,0,0,0,0,1,0
"670369c4f32a179a5f0d76a5b0c97aa6",0,0,0,0,0,0,0,0,0,0,0,0,0,0,0,0,0,0,4,0,0,0
"67380cd1a8cb97e0864b9a3e6daf9575",0,237,0,0,0,0,0,0,1,0,0,0,0,0,0,0,0,0,0,0,0,0
"67dbb76f582ee5bf148f1cbd5681492d",0,0,0,0,0,0,0,0,0,0,0,0,0,0,0,0,0,0,7,0,0,0
"6804efc3d5386bf151909466e36588a3",0,0,0,0,0,0,0,0,0,0,0,0,5,0,0,0,0,0,0,0,0,0
"6875c0481fd234d454389a8ed7cc71cf",0,0,0,0,0,0,6,0,0,0,0,0,0,0,0,0,0,0,0,0,0,0
"68a0eed1ae398832e64e3094e8f5c7a9",0,0,0,0,0,0,0,0,0,0,0,0,0,0,0,0,0,0,0,0,0,1
"68aaa816a09bddf77302d383796b276c",3,0,0,0,0,0,0,0,0,0,0,0,0,0,0,0,0,0,0,0,0,0
"69a90201e3d82e24ae8558cdd0e9c4b4",0,0,0,4,0,1,0,3,3,0,0,0,0,5,3,0,0,5,3,0,0,0
"6a9d5b534328bc7d4e16b30cca05621b",0,0,0,0,0,108,0,0,2,0,0,0,0,0,0,0,0,2,0,0,0,0
"6b23984b2fe17d5f9edfe155f224e3e5",0,0,0,0,0,0,0,0,0,0,0,1,0,0,0,0,0,0,0,0,1,0
"6b283e64341526a8b63ca659dfef98e5",0,0,0,0,0,0,0,0,0,0,0,0,0,0,0,0,0,0,3,0,0,1
"6b3496fd07be8a13b07ead88083179a4",0,0,0,0,0,0,0,0,0,0,0,0,0,0,0,0,0,0,0,0,7,0
"6c007dd250c08e2b573a004557e0fcc2",0,0,0,0,0,0,0,0,0,0,0,0,0,0,0,5,0,0,20,0,0,15
"6c1aca20caa77a2ab96e9def38eb1a8f",0,0,0,0,0,0,0,0,0,0,0,0,0,0,0,0,0,0,3,0,0,4
"6d53cdd772c4fc0282c670c81aeab3a0",0,0,0,0,0,0,0,0,0,0,0,0,0,0,2,0,0,0,0,0,0,0
"6d614b4314a3507b39b1856d1911160f",0,0,0,0,0,0,0,0,0,0,0,0,0,0,0,0,0,0,0,0,0,25
"6e04eb0b099d89855e4e229caca943a4",0,0,0,0,0,0,0,0,0,0,0,0,0,0,0,2,0,0,30,0,0,10
"6e28ba17b7b0e0bb43a0bf751695f359",0,0,0,0,0,0,0,0,0,0,0,0,0,0,0,0,0,0,0,0,0,2
"6facf795ec58ba88213ded6b7a769fd8",0,0,0,0,12,0,0,0,0,0,0,0,0,0,0,0,0,0,0,0,0,0
"6fc8fdf6401e53683cc2fe1e62cfc6d7",0,0,0,0,0,0,0,0,0,0,0,0,0,0,0,0,0,0,0,0,0,4
"70b1d53995e11a3784ad8f0b5b37587c",0,0,0,0,0,0,0,0,0,0,0,0,0,152,0,0,0,0,0,0,0,0
"71f95ed8154a369c4db5c66cbb0f7b36",0,0,0,0,0,0,0,0,0,0,0,0,0,0,0,0,0,0,0,0,3,0
"72211ab6dda8354bc2a4dc33b8d18bdb",7,0,0,0,0,0,0,0,0,0,55,0,7,0,0,0,0,0,0,0,0,0
"7258c86b16370d40379950c641bcd0fb",0,0,0,0,0,0,0,0,0,0,0,2,0,0,0,0,0,0,0,0,0,0
"72663adb78a1b10cc8deaeb60fe50f8e",0,0,0,0,4,0,0,0,0,0,0,0,2,0,0,0,0,0,0,0,0,0
"7289534ec800d59f66d4194a0ab076ed",1,0,0,0,0,0,0,7,0,0,0,0,0,0,5,1,0,0,9,0,7,7
"72e56a4a661eadae7fa982e4fd1b0ed0",0,0,0,0,0,0,0,0,0,0,0,0,0,0,0,0,0,0,0,0,2,0
"7341a868b2cf72ab81d78d6a0e907f7a",0,0,0,0,0,58,0,1,0,0,0,0,0,0,1,0,0,0,0,0,0,0
"7343bc77c1b37ce23112b5f3e1e900bb",0,0,0,0,0,0,0,0,1,0,0,0,0,0,0,0,0,0,0,0,0,0
"75d645539b3350b78d2b93cf490e7e53",0,0,0,0,0,0,4,0,0,0,0,0,0,0,0,0,0,0,0,0,0,0
"75fc6d9895fa40375fb4f40db931ba39",0,5,0,0,5,0,0,10,0,0,0,0,2,0,0,0,0,0,0,0,0,0
"7605961befa3702a958c526a0d655366",0,0,0,0,0,3,0,0,0,0,0,0,4,0,0,0,0,0,0,0,0,0
"79188b9060ef8d3f67919ba31dfa29bd",4,1,3,3,0,0,48,80,13,0,0,0,25,0,0,0,0,30,56,0,120,52
"797c4f9a3de7217f8b7f1be97a35b6f0",0,0,0,9,0,0,0,0,0,0,0,8,0,0,0,0,0,0,0,0,0,0
"79c3870c7692212a7c527cb27a6e9b42",0,0,0,0,0,0,0,5,0,0,0,0,0,0,0,0,0,0,0,0,0,0
"7af0fc7093882aa0b2dc022e6a6c179b",0,0,0,0,0,0,0,0,0,0,0,0,0,0,0,16,0,0,0,0,0,0
"7bdd6dd2e1578b5ca8cb56bce22e3234",0,0,0,4,0,0,0,0,0,0,0,0,0,0,0,0,0,0,0,0,0,0
"7c9c1abaca7e48a1a6203c52dc125f22",2,0,0,4,0,0,0,0,0,0,0,0,0,0,0,0,0,0,0,0,0,0
"7e07c9eda876bea7f192c2e506799924",0,0,0,0,0,0,0,0,0,0,0,0,0,0,0,0,2,0,0,0,0,0
"7f1f4f62310993992280e13982a7df35",0,0,0,0,0,0,0,0,0,0,0,1,0,6,0,0,2,4,0,0,7,0
"808b2084c548db053486ba67b18f4a31",0,0,0,0,1,0,0,0,1,0,0,0,0,0,0,0,0,0,0,0,0,0
"80dc63f8264796e5dfe129d502a9bd08",0,0,0,0,0,0,0,0,0,0,0,0,0,0,0,0,0,0,4,0,0,2
"80de25715ab3930d4ca22131f051a4f8",2,0,0,0,4,0,3,0,0,6,0,0,10,0,5,8,5,0,0,0,0,0
"816c688eaeb3d4b4d21be4439ce2f422",0,0,0,0,0,0,0,0,0,0,0,0,0,0,0,0,0,0,0,0,1,0
"8183827be5cd525bee0da22712875fc0",0,0,0,0,0,0,0,0,0,0,0,0,0,0,0,0,0,0,0,0,0,2
"826e857074a82ee3ab948f5c3603e37a",0,0,6,3,0,0,0,0,52,0,5,0,15,0,0,110,0,0,12,0,31,21
"82788aa8b553c94bcdda7cb288a55f0e",0,0,0,0,0,0,0,0,0,0,0,0,0,0,0,0,0,0,3,0,0,3
"84b6319cc04e29b3d9fd9017fb8c1d5e",2,3,0,0,0,0,0,0,15,0,1,0,1,0,0,1,0,0,0,0,0,1
"850501623998a7803834edf51e83daf5",0,0,0,0,0,0,0,0,0,0,0,0,0,0,0,0,0,3,5,0,0,0
"8515468dfd4d318c5bc5d748f1ccd16c",49,3,0,3,0,0,0,0,0,1,0,0,0,0,0,6,4,0,23,0,16,24
"868efabd515dd726b71b7251ccacc7df",0,0,0,0,0,0,0,0,0,0,0,0,0,0,0,0,0,0,0,1,0,0
"86cefe15bf9186d9841e52b8d2140dea",0,0,5,0,0,0,0,0,0,0,0,0,16,0,0,0,0,0,0,0,0,0
"88aa34331312c7d0c5aad9d9815ce8db",0,0,0,0,0,0,0,0,0,0,0,0,0,0,0,0,0,0,1,0,1,2
"89290e92c498ac72b3c0f055dd2aff12",0,0,0,0,0,0,0,0,0,0,0,0,0,0,0,0,0,0,0,0,2,0
"8a506093618486094e4ea9195c45bfd4",0,0,0,0,0,0,0,0,0,0,0,0,0,0,0,0,0,0,0,3,0,0
"8b4998398240ec0fad2757dd5e1c6fe2",0,0,0,0,0,0,0,0,0,0,0,0,0,0,0,35,0,0,0,0,0,0
"8b90dd4264a6820ec36dedd5ecf18bd1",0,0,0,0,0,0,0,0,0,0,0,0,5,0,0,0,0,0,0,0,0,0
"8bb82fcd7e4bf572fec94e389c71890f",0,0,49,0,0,0,0,0,0,0,0,0,0,0,0,0,0,0,0,0,0,0
"8be2ac63941f893f51e415c1ed9a1547",0,0,0,0,0,0,0,0,0,0,0,0,0,0,4,0,0,0,0,0,0,0
"8c406939ddcf61dd3605a8041b4b1ee8",0,0,0,0,0,0,0,0,0,0,0,0,0,0,0,0,0,0,2,0,0,0
"8c694aec46d18add999eab7efd4cc97e",0,0,0,0,0,0,0,9,0,0,0,0,0,0,0,0,0,0,0,2,0,0
"8d03a02f499c122acf65553e758ec372",0,4,0,0,0,0,8,2,0,0,15,0,0,0,1,0,3,5,0,6,4,0
"8d4eba2bdd46f28c2b0640b73dc4961b",0,0,0,0,0,0,0,0,0,0,0,0,0,0,0,6,0,0,7,0,0,3
"8dbd828ea797f2b99f206068d0ec13f4",0,0,0,0,0,0,0,0,0,0,0,0,0,0,0,0,0,0,135,0,0,139
"8e8de8ad663b3c59d523b0802ea5a7ea",4,0,2,0,0,0,1,8,0,5,3,0,0,1,5,0,0,0,4,0,0,0
"8ea2d22cc09a311033ce0cbef2accca7",0,0,0,0,0,0,0,0,0,0,0,0,0,0,0,0,0,0,0,0,11,0
"8f20155cab8961f657a4824a6340f8c7",0,0,0,0,0,0,0,1,0,0,0,0,0,0,0,0,0,0,0,0,2,0
"8f325bf51a0d50864541831d59c18210",0,2,0,0,0,0,0,0,0,0,0,0,0,0,0,0,0,0,0,0,0,0
"8f719bd3929b0c781ed6d85861f1ab72",0,0,0,0,0,0,0,0,0,0,0,0,0,0,0,0,1,0,0,0,0,0
"8ffdb6c004078ceb883b0a5efa241f8f",0,0,0,0,0,0,0,0,0,0,0,0,0,0,0,0,0,0,5,0,0,0
"9092610bc29d4369a53aa25143bda796",0,0,0,0,0,0,0,0,0,0,0,0,0,0,0,0,0,0,0,0,3,0
"91b096d235ee04c097596d94d00a896c",211,9,1,0,23,0,0,0,0,0,0,201,0,0,69,63,268,0,14,38,12,10
"93043307c86da9894b793b773afda646",0,0,0,0,2,0,0,0,0,0,0,0,0,0,0,0,0,0,0,0,0,0
"93949ed85a779a69a810bbce16aaf3a5",0,0,0,0,0,0,0,0,7,0,0,0,0,0,0,0,0,0,0,0,0,0
"9505be29d2fa52676230a091b00ca36b",8,9,4,0,0,10,0,0,0,0,1,13,16,0,0,0,0,0,0,0,0,0
"958c174f7c10d24b52c24ff496a5ae06",0,0,0,0,0,0,0,0,0,0,0,0,0,0,0,0,0,0,0,0,0,1
"959831f6a19bd9ffda2265819bbdff60",2,0,5,36,18,0,0,0,0,10,11,0,0,0,13,0,0,0,0,0,0,1
"95db23a57306bc528b998b18bdd3e170",0,0,0,0,0,0,0,0,0,0,0,0,0,0,0,0,0,0,3,0,0,7
"95faeecbb69333a07837b11d12c978ac",0,0,1,0,0,0,0,0,0,0,3,0,3,0,0,0,0,0,0,0,0,0
"9602403b7c5b2f3c1c1673453ecf6ccf",0,0,0,8,0,0,0,0,0,0,0,0,0,0,0,0,0,0,0,0,0,0
"96358673195cfa8d619a1835c75f8fca",0,0,54,539,0,2,0,0,0,0,0,0,0,0,0,0,0,0,0,0,0,0
"9671ec8289fb2663501f64f7b59adf66",0,0,0,0,0,0,0,0,0,0,0,0,0,0,0,0,0,0,0,0,0,7
"96aace646f9e7318b78528075ba18d16",0,0,0,0,0,0,0,0,0,0,0,0,0,2,0,0,0,0,0,0,0,0
"96c7a1de72529afafdc50e1069d08563",0,0,0,0,0,0,0,2,0,303,0,0,0,0,0,0,0,0,0,0,0,0
"97f48dcce1b129d5c3278b95a30ee9fa",0,0,0,0,0,0,0,0,0,0,8,0,0,0,0,0,0,0,0,0,0,0
"99acfd4c1ad124e31f52036a0e9c0f07",0,0,0,0,0,0,0,0,0,0,0,0,0,1,0,0,0,0,0,0,0,0
"9aaa60378b2f5e36c3ae7b5d1a332297",234,0,0,0,0,0,0,0,0,0,0,4,0,0,0,0,0,0,0,0,0,0
"9ab9c32ce47ae58e04c2b1ddff90e0d6",0,0,0,0,0,0,0,0,0,0,0,49,1,0,0,0,0,10,0,0,0,0
"9b60c18284198f475c7b045e8cb3f1e7",0,0,0,0,0,0,1,0,0,0,0,0,0,0,0,0,0,0,0,0,0,0
"9b9a4c0d38bfd1cbca13ad7ca796e121",0,0,5,0,0,0,0,0,0,0,0,0,0,3,0,0,0,0,0,0,0,0
"9b9c99f616e71afe3cfe3d681383df60",0,0,0,0,0,0,0,0,0,0,0,0,0,0,0,0,0,0,4,0,0,0
"9baadd58cbfe73844b4d5c0947cabf3d",0,0,0,0,0,0,0,0,2,0,0,0,0,0,0,0,1,0,0,0,0,0
"9bc1120338b7a6c016602acf4e11955e",0,8,0,0,3,0,2,0,0,1,0,0,0,0,0,0,0,15,0,0,0,0
"9bc253a31c38698695ef7d1686eb09aa",1,0,0,0,0,0,0,0,0,0,0,0,0,0,0,0,0,0,0,0,0,0
"9c3f34b26938a4e9273b5ddc9fadf7bf",0,0,0,4,0,0,0,0,0,0,0,0,0,0,0,0,0,0,0,0,0,0
"9e439ed3c3ad40c07b0d74d2e74f158e",0,0,0,1,0,0,0,0,0,0,0,0,0,4,5,0,1,0,0,0,5,0
"9f073c7d9d421aecbccef9482ddaa256",0,4,1,0,0,6,0,0,0,0,0,0,4,0,0,0,0,0,0,0,2,0
"9f09935c802ae14a5722686b18ce7a09",0,0,0,0,0,0,0,0,0,0,0,0,0,2,0,0,0,0,0,0,0,0
"9fdf41799c084c867c8d142f3712a20b",1,9,0,0,0,0,0,0,0,0,0,0,4,0,0,5,0,0,0,0,8,0
"a150a91c1d8c5b312909c44054d99d56",0,0,0,0,0,0,0,0,0,0,0,0,0,15,0,10,0,0,0,0,0,3
"a25d3fd2c928bd83309cd99b75f1e50d",0,0,0,0,0,0,0,0,0,0,0,0,0,0,3,0,0,0,0,0,0,0
"a2c357a0da9e05120d4bf4ea5d207424",27,10,16,18,42,41,63,102,17,8,24,18,23,40,62,73,74,87,116,21,33,104
"a3b081ba449377e89f03e3a5b7894d71",0,107,0,0,0,0,0,0,0,0,0,0,0,0,267,0,0,0,0,463,0,0
"a3e690433a5d05d6986e73778039b877",0,0,0,0,0,0,0,0,0,0,0,0,0,0,0,0,0,0,0,0,0,3
"a4c33d6fb422f28580951805de91b629",0,0,0,0,0,1,0,0,0,0,0,0,0,0,0,0,0,0,0,0,0,0
"a7492f328db73571d15ddc6764974771",3,2,3,50,0,15,0,32,0,1,7,21,1,0,0,0,0,0,3,0,9,0
"a75e61e60935cc00ec6f9f5b18e2e153",0,0,0,0,0,0,0,0,0,0,0,0,1,0,0,0,0,26,0,0,0,0
"a76143fcccaa547f6ee2ce7505c72528",1,0,0,0,0,0,0,1,41,0,0,0,0,0,0,2,0,0,0,0,0,0
"a8c7d3a33a04c86ea181459ea7226e4c",2,0,0,0,0,0,0,0,0,0,0,0,3,0,0,0,0,0,0,0,0,0
"a92592c27ed9a271b75b8508126bd83b",0,3,0,0,0,0,0,0,0,0,0,0,0,0,0,0,0,0,0,0,3,0
"aa31ac57cd269efafdbc8dc070a8c0a6",0,0,0,0,0,0,0,0,0,0,0,0,1,0,0,0,0,0,0,0,0,0
"ab1345c4db7fcf14e9a3cabf552ea274",0,0,0,0,0,0,0,0,0,0,0,0,0,0,0,0,0,0,1,0,0,0
"ab833d760826a6ca6400f05b9b6819df",0,0,0,0,0,0,0,0,0,0,0,0,0,0,0,0,0,0,0,3,0,0
"ac1bf9d049f07734f832bb2ec03ad8a0",0,0,0,0,0,0,0,0,0,0,0,0,0,0,2,0,0,0,0,0,0,0
"ac22a559ac2178dbbdcdcb21a456adb5",0,0,1,0,0,0,4,0,0,0,0,0,0,0,0,0,0,0,0,0,0,0
"ac4e2c132e64d6ded6194d97d18d6395",0,0,0,0,0,0,0,0,0,0,0,0,0,0,0,0,0,0,6,0,0,4
"acd40a8452e94bfb14d3e466a2054bd5",0,0,0,0,0,0,0,0,0,0,0,0,0,0,0,0,0,0,0,0,0,6
"ad0517f63b97eb7f2d585aff52a82a5a",0,2,2,0,0,1,0,2,0,0,7,1,0,1,0,0,14,0,0,2,0,0
"ad4cd90ead523e7fbed264686f08f022",0,0,0,0,0,0,0,0,0,0,0,0,0,0,0,0,0,0,3,0,0,1
"add5fa04356ef8de355d131bd6a8b141",0,0,0,0,0,0,0,0,0,1,0,0,0,0,0,0,0,10,0,0,0,0
"affc646afca684200893baaee5179492",0,0,0,0,0,0,0,5,0,0,0,0,0,0,0,0,0,0,0,0,0,0
"affca838ffefa9cd706b16017bb3a1d5",0,0,0,0,0,0,0,0,0,0,0,0,0,6,0,0,0,0,0,0,0,0
"b02810077387713aaf9c334168cb217f",0,0,0,0,0,0,0,0,0,0,0,0,0,0,0,0,0,0,15,0,0,16
"b1222a37561d251e0d90372457289dab",0,0,0,0,0,0,0,0,0,0,0,0,0,0,1,0,0,0,9,0,2,11
"b15b01fc4830a197960c36c76cbd872a",28,0,0,0,0,0,0,0,0,0,0,0,0,0,0,0,0,0,0,0,0,0
"b15f4b0376ee671573d77c88882f224a",0,0,0,0,0,0,0,0,0,0,0,0,0,0,0,0,0,0,0,0,9,3
"b22c4bfbed9705913d76ee036c4d32ae",0,0,0,0,0,0,0,0,0,0,0,0,0,0,3,0,0,0,2,0,1,0
"b35f2c5aeb6f837ef9525c03b736747e",5,0,0,0,0,0,0,0,0,0,0,0,0,0,0,0,0,0,0,0,0,0
"b3db988932c36733f5900c6e3a8f4c59",0,0,3,1,1,0,0,0,0,0,0,0,53,3,0,0,0,31,20,0,3,15
"b59c0cb9b3c115b8122d6b238b91db80",0,0,0,45,0,0,0,0,0,0,0,0,0,0,0,0,0,0,0,0,0,0
"b5c664a0164d4208088951904ee2836c",3,0,0,0,0,0,0,0,0,0,0,0,0,0,0,0,0,0,0,0,2,0
"b663f3caf7e5b53da8dec91859ff75a2",0,0,0,0,0,1,0,0,0,0,0,0,0,0,1,0,0,0,0,0,0,0
"b6a91c19a4fe996af94d5841a4e21e42",0,0,0,0,0,0,0,1,0,0,0,0,0,0,0,0,0,0,0,0,0,0
"b704e8b262581e66feeb69ffbfb40916",0,0,0,0,2,0,0,0,0,0,0,0,0,0,0,0,0,0,0,0,0,0
"b7feff2cd0940d1d1e3734c7746ed900",0,0,0,0,0,0,0,0,0,0,0,0,0,0,6,0,0,0,0,0,0,0
"b83b207c52cb6b099f766bcab3546a55",0,0,0,0,0,0,0,0,0,0,0,0,0,2,0,0,0,0,0,0,0,0
"b890bed803678ce63162050dbafedd03",4,0,0,0,0,0,0,1,0,0,0,0,2,0,0,0,0,0,1,0,0,0
"b89815f6cebf170e08b2b8913c166836",0,0,0,0,0,0,0,0,0,0,0,4,0,0,0,0,0,0,0,0,0,0
"b8aa8ec082622c1f8affc6f3b81b9145",0,0,0,0,2,0,0,0,0,0,0,0,0,0,0,0,0,0,0,0,0,0
"b995fdb4ff67c22176ea2845c3b4b27e",0,0,0,0,0,0,0,0,0,0,0,0,0,0,0,0,0,0,0,0,0,3
"bb6ccf76f7a1b278da9ebdfd8ecb9799",0,0,0,0,0,1,0,0,0,0,0,0,0,0,0,1,0,0,1,0,9,2
"bbb724d663f39ce2ff3305ae12f801cc",3,0,3,0,4,0,0,0,5,0,3,0,2,0,0,0,3,0,0,0,0,1
"bbfc412e61b83ccf64d8fe364c108734",0,6,2,0,0,0,6,0,0,18,0,0,0,0,0,6,0,8,20,2,7,4
"bc2dca03830ac4d471db3c64ead32c0f",0,6,0,0,0,0,0,0,1,0,0,0,0,0,0,0,0,0,0,0,0,0
"bc710dee36909e63c516a2db6d0bff54",0,0,0,0,0,3,0,0,0,0,0,0,0,0,0,0,0,0,0,0,0,0
"bccfb4893855a28b947a56c10ef18989",0,0,0,0,0,0,0,2,0,0,0,0,0,0,0,0,0,0,0,0,0,0
"bdb2d08c1eb98d9630bb091cf3ec35a0",2,0,1,0,0,2,0,0,0,0,0,0,0,0,0,0,0,0,0,0,0,0
"bdbf9620abef81d5535fa6a99a39d7c4",0,0,0,91,0,0,0,0,0,0,0,0,0,0,0,0,0,0,0,0,0,0
"bdf1b9320afae9faa81dcd0746f39d78",0,0,0,0,0,0,2,0,0,0,0,0,0,0,0,0,5,1,0,4,0,0
"be39c04213d03bbb9ddd7d244b98d615",0,0,0,0,0,0,0,0,0,0,0,0,0,0,0,0,0,0,0,0,1,0
"be44ca7830cb0eabfb800a5a67a6a756",0,0,0,0,0,0,0,0,0,0,0,0,0,0,0,0,0,0,5,0,0,0
"be81e9534f64bf6d7cc665fa0d02ba3c",0,2,4,7,0,19,4,1,0,0,0,0,1,0,13,0,5,0,5,2,12,2
"bea64cae41a783ff2a13ab83b663c71a",0,0,0,0,0,0,0,0,0,0,0,0,0,0,0,0,0,0,1,0,0,3
"bf1f2247ed8cc506a4a1a469e0193080",0,2,0,0,0,12,0,0,1,0,4,4,12,0,0,0,0,0,5,0,3,0
"bf727dfd6e74cb13a5e4420ffafd1438",0,0,0,0,0,0,55,0,0,0,0,0,0,0,0,0,0,0,0,0,0,0
"bf7326383717cca9aeafae12f004a3d1",0,0,1,3,0,0,0,0,0,0,0,0,0,0,1,0,0,0,0,0,3,0
"bfcdb25a294b0ef84e964f4f9d964a94",66,4,55,17,30,29,4,0,289,235,121,8,20,48,77,10,161,103,1,13,18,6
"c017fffe4b2390658f3fc755a15d325c",0,0,0,0,0,0,0,0,0,1,0,0,0,0,0,0,0,0,0,0,0,0
"c0df105a43db9827405a3c4d652c16da",0,0,57,12,26,0,4,0,0,232,0,66,113,24,0,0,13,0,0,107,16,0
"c12abc6eef167f07397bd62db7bcdbbf",0,0,0,0,0,0,0,0,3,0,0,0,0,0,0,0,0,0,0,0,0,0
"c1979dd45333b8dc0d5d5d03e7e72976",0,0,0,0,0,0,0,0,1,0,0,0,0,0,0,0,0,0,0,0,6,0
"c1f91bf0de4827887a8652fe3170623c",0,7,3,2,0,0,0,0,0,0,0,0,0,0,0,0,0,2,0,0,0,0
"c22bea380dfd07a18649d6212ab95a77",0,0,0,0,0,0,0,0,16,0,0,0,0,0,0,0,0,0,0,0,0,0
"c2ee2c7c136154a676840ec23002d034",6,0,1,0,4,0,0,0,0,2,2,0,3,0,23,0,0,0,0,2,2,0
"c354ef460023df4e2f6da07df4f6b7b8",0,0,0,0,0,7,0,0,0,0,0,0,0,0,0,0,0,0,0,0,0,0
"c379a58c1e9a614264fc7359907465d5",0,0,0,0,0,31,0,0,0,0,0,0,0,0,0,0,0,0,0,0,0,0
"c37e673f2d76f2674e84c67397c47362",0,0,0,0,0,0,23,0,0,0,0,0,16,0,0,0,0,0,0,0,0,0
"c3a5aa8e580ba49872d77c9b351d2dac",0,0,0,0,0,0,0,0,0,0,0,0,0,125,0,16,0,0,4,0,0,2
"c442bea63c2ce46f1bf1b2f415e28a01",0,0,0,0,0,0,0,0,0,0,0,0,0,0,0,0,0,0,0,0,0,5
"c4fec71cca899b2608b825693fcb1a84",0,0,0,0,0,0,0,0,0,0,0,0,0,0,0,0,0,0,0,0,0,37
"c55db7a652b1e887c7d6d32687ee41d3",2,0,0,0,0,0,0,0,0,0,0,0,0,0,0,0,0,0,0,0,0,0
"c57aec4c20aef87d0e636db4e22bf2ef",0,0,0,0,0,0,0,0,0,0,0,0,0,0,0,0,0,0,0,0,0,18
"c595a6f3431803bf7101317fd85ec23b",17,39,50,38,0,76,0,7,0,0,17,75,123,0,11,0,0,15,16,0,14,15
"c6292261aef296d5088023149bb308e4",0,0,0,0,0,0,0,40,0,0,0,0,0,0,0,0,0,0,0,0,0,0
"c67761768d3bd6ddacbe0720a0e707f1",0,0,0,0,0,0,0,0,0,0,0,0,0,0,0,0,0,0,0,0,0,2
"c6a814659d35e3b3db5f065838992a6f",0,0,0,0,0,0,0,0,0,0,0,0,0,0,0,17,0,0,0,0,0,0
"c6b49038d3b098bb0f399566cc25cc91",0,0,0,0,0,0,0,0,0,0,0,0,0,0,0,0,0,0,0,0,17,0
"c6cf1b9fe242ff77e83f88faeff1a309",9,15,0,0,0,43,0,0,0,2,0,0,5,0,0,0,0,6,0,0,0,0
"c72b6260bfc0ae68d94af86d1adabbc6",0,0,0,0,0,0,0,0,0,0,0,0,0,0,0,0,0,0,2,0,0,0
"c72be7befb629450a3b5baae4886ec08",18,0,0,0,7,0,0,0,0,0,0,0,0,0,0,0,0,0,0,0,0,0
"c7aebe3ff00d1b27d95056b2bfc18738",3,0,0,1,2,0,0,0,0,0,0,4,1,0,1,1,0,0,2,0,3,0
"c90056b1d6ca34743ae4c67201246ef3",7,3,0,0,0,0,0,35,0,0,0,0,0,0,1,0,2,0,0,0,0,0
"c95433441ff9e4f14e2d5ef104a98fb4",0,0,0,0,0,0,0,0,0,0,0,0,0,0,0,13,0,0,0,0,0,0
"c993fee365c7c3a4640e1bd8ba3851e1",0,0,0,0,0,3,0,0,0,0,0,0,0,0,0,0,0,0,0,0,0,0
"ca3d1767aa69a17e1aa54b8bd4261d6b",0,0,0,0,0,0,0,0,0,0,0,0,0,0,0,0,0,0,0,0,0,3
"cb37e9508d7221014ba77cc8f96f3c11",0,0,0,0,0,0,0,0,0,0,0,0,16,0,0,0,0,0,0,0,0,0
"cba96deb211120afe2d47b72d5e33845",0,0,0,0,0,0,0,0,0,0,0,0,0,0,0,0,0,0,0,0,0,4
"cbc4c77e61ae22c1dc6c41c6fa7af4db",0,0,0,0,0,0,0,0,0,0,0,123,262,0,0,0,0,0,0,0,0,0
"cbdd0137619de0e267aee8dcfe97a52c",0,0,0,0,0,0,0,0,0,0,0,0,0,0,0,0,0,0,0,0,2,0
"cc170c48e6b4ea72e8d85f5668a280e9",0,0,0,0,0,0,0,0,0,0,0,0,3,0,0,0,0,0,0,0,0,0
"cc6f58f9d89f7b1edfdc6658e84ff58a",0,0,0,0,0,0,0,0,0,0,0,0,0,0,0,0,0,0,16,0,0,5
"cdcc84e73bd7af2a8a1e6af59f2b25bb",0,0,0,0,0,0,0,0,0,0,0,0,0,0,0,2,0,0,0,0,0,0
"cdd0be4640d5a0e9c4304bd9716c475a",0,0,0,0,0,0,0,0,0,0,0,0,0,0,0,0,0,0,0,0,1,0
"ce01c9ba6deed158809c963d4340c601",0,3,0,0,0,0,0,0,0,0,0,0,0,0,0,0,0,0,0,0,0,0
"cef8e806ec2c356ef855d125dc2cd450",0,0,0,0,0,0,0,3,0,0,0,0,0,0,1,4,0,0,0,0,0,0
"cf82fbe157d6c713ab034354492c227e",0,0,0,0,0,0,0,0,0,0,0,0,0,0,0,0,0,0,0,0,0,1
"cf97c04cf3020734e34d72f891dcf446",0,0,0,0,0,0,0,0,15,0,0,0,0,0,0,0,0,0,0,0,0,0
"d02c172342b6b41574e9fe29f95fd055",0,0,0,0,0,0,0,0,0,0,0,0,0,0,0,0,0,0,0,0,0,4
"d049737bca6bd65732b6d392543bee97",0,0,0,0,0,0,0,0,0,0,0,0,0,0,0,0,0,0,0,0,0,33
"d0ab9fb16e8767994f10be1724900fdf",6,0,0,0,2,0,0,9,0,0,0,2,0,0,0,0,0,0,0,0,2,8
"d1c221c68fcb5aabdde4da9909e9c306",0,0,0,0,0,0,0,0,0,0,0,0,0,0,0,0,0,0,0,0,0,2
"d35d7dc070eabaf10449c3d2f3c7eec7",0,0,0,8,0,0,0,0,0,0,0,0,0,0,0,0,0,0,0,0,0,0
"d3d67e8a02d58a5676804b4e686cba88",1,0,0,0,0,0,0,0,0,0,0,0,0,0,0,0,0,0,5,0,0,2
"d53615070d02fb0e9f0ca18f996b8c13",0,0,0,0,0,0,0,0,0,0,0,0,0,0,2,0,0,0,0,0,0,0
"d5665b1f8e9df3e9e16b2455c106d75b",0,0,0,0,0,0,0,0,0,0,0,0,0,0,0,0,0,0,4,0,0,0
"d5674bc4146a8055523ad04123e69337",0,0,0,0,0,0,0,0,0,0,0,0,0,0,0,6,0,0,0,0,0,0
"d6a1f0a127d0ac180c9d664b35e33ab3",0,0,0,0,0,0,0,0,0,0,0,0,0,0,0,0,0,0,2,0,0,0
"d6bfb4a12ae37cc3afa209f64b766bdb",0,0,0,0,0,0,0,0,0,0,0,0,4,0,0,0,0,0,6,0,0,4
"d7711101427d6869ff6454d6849a5f68",0,3,0,0,0,0,0,0,0,0,0,0,0,0,0,0,0,0,0,0,0,0
"d8ad4bab95f1c96a8148b1e85a1047d3",0,0,0,1,0,0,0,0,0,0,0,4,0,0,0,0,0,0,0,2,0,0
"d8fb9ae030e1b8c35452cd8897bcfa19",0,0,0,0,0,1,0,1,0,0,0,0,0,0,0,0,0,0,0,0,0,0
"d927c1e46f89c7ec615f6d9f7bf71e4b",0,0,0,0,0,0,0,0,0,0,0,0,0,0,0,0,0,0,0,0,0,1
"d9f93b101b1df9b6adff07d124506d08",0,0,0,0,0,0,0,0,0,0,0,0,0,1,0,0,0,0,0,0,0,0
"d9f9d0b10fcb2874b02b3b505de45693",0,0,0,0,0,0,0,0,0,0,0,0,0,0,0,1,0,0,0,0,0,0
"da854ed0345bde4815f588e990197f8e",0,3,0,3,5,0,0,0,0,0,4,0,0,0,0,1,0,0,0,0,0,0
"dbdb7d1a9ec4974f8f96e098e217f634",0,0,0,0,0,0,0,0,0,0,0,0,0,0,0,0,1,0,0,0,0,0
"dc9a6900137f01af6debf8b1dce649a0",0,0,0,0,0,1,0,0,0,0,0,0,0,0,0,0,0,2,0,0,0,0
"dcf3f0bd54693ef395ba7b22972de726",0,2,0,0,2,0,0,0,0,0,0,0,1,5,0,0,0,0,0,0,0,0
"dd7008e8576eac2369d61ea6be4201f9",2,0,0,0,0,8,0,0,0,0,0,0,4,0,0,0,0,0,0,0,0,0
"ddb92a10e6534e91f64b377f6db853d4",0,17,0,0,0,0,0,0,0,0,0,0,0,0,0,0,0,0,0,0,0,0
"de384d3e1e2374a29a53b107b58795c9",0,0,0,0,0,0,0,0,0,0,0,0,0,0,0,0,0,0,0,0,4,0
"de6dfa90142f537868169167ee3c97e9",3,1,1,6,4,0,3,15,0,0,5,0,4,20,0,8,10,5,5,3,15,0
"de9be834fc7b42169a00cab2af100d2f",3,1,4,0,0,3,11,1,0,4,0,0,8,0,3,3,0,0,5,0,0,0
"df01d553195b33509cf4594ce7b8894e",0,35,1,8,0,10,0,0,9,0,0,0,23,0,0,5,0,0,1,0,1,0
"df194c1bb0d2958e892c22038dab81a0",0,0,0,0,0,49,0,0,0,0,0,15,0,0,0,0,0,0,0,0,0,7
"df25e660a14e1e28011e56711f635a9b",0,0,0,0,0,0,0,0,0,0,0,0,0,0,0,0,0,0,0,0,0,27
"df6db658374ba5841f425b150678f239",0,0,0,0,0,0,0,19,0,0,0,0,0,16,3,3,0,0,4,0,3,0
"e030b8a227571bbf8895cd8707888c74",14,80,43,7,0,47,0,0,0,2,0,3,31,0,2,0,0,3,0,0,0,1
"e1102aa8497f7a776bad1c8e79814f7a",0,0,2,0,0,0,2,0,0,2,0,1,0,0,0,0,0,0,0,0,0,0
"e164bdd76758ba8773463f96042e87e2",0,0,15,11,0,0,0,0,0,0,5,0,0,0,0,0,0,0,12,0,10,5
"e1731db90436ff821ce7a5d9dd01e3f1",0,0,0,0,0,0,0,0,0,0,0,5,0,0,0,0,0,0,0,0,0,0
"e18c0d4bf0c07e5e3e8f04588a85df34",0,0,0,0,0,0,0,0,0,0,0,0,0,0,0,0,0,0,0,0,2,0
"e2d470f4ea2ee62af59e9e8deff156ff",0,0,0,0,0,0,0,0,0,0,0,0,0,0,0,0,2,0,0,0,0,0
"e2dd0ac420b337cc4905a4afe63b3037",0,0,0,0,7,0,0,0,0,0,0,0,0,0,0,0,0,0,0,0,0,0
"e353510f589c999862b99e58b5261f4a",0,0,0,0,0,0,0,0,0,0,0,0,0,0,0,0,0,0,0,0,0,1
"e3c6350116bb9cc1123d04dd4d802288",11,0,0,0,0,0,0,0,17,0,0,0,0,0,0,0,0,0,0,0,0,0
"e5180a039d7b843193e84d00dcfc1aa2",2,0,0,0,0,0,2,3,0,0,3,0,3,0,0,4,0,0,4,0,4,7
"e5682e86239a3955624c619135927dbc",0,80,8,7,0,6,0,0,0,2,0,12,19,0,0,3,0,10,5,0,12,4
"e58ebcda778bce3f4ca3a33397822452",0,0,0,0,0,0,0,0,0,0,0,0,5,0,0,0,0,0,0,0,0,0
"e5d6e777993a77e6d3395b040da98107",0,0,0,0,0,0,0,0,0,0,0,0,0,0,0,0,0,0,0,0,1,0
"e5eda20fa6750496e5fceb9f8a10abbb",0,0,0,0,0,0,0,2,0,0,0,0,0,0,0,0,0,267,0,0,0,0
"e69165d49af6af9a5c71f744e249cdce",0,0,0,0,0,0,0,0,0,0,0,0,0,0,0,0,0,0,0,0,0,4
"e70be14b59b96b60426f8ccf4ccb9899",27,0,12,3,5,6,5,0,0,8,0,10,0,5,0,2,1,10,41,3,9,57
"e746b3149463dd60cbdb1e685c0e93db",0,0,0,0,0,0,0,0,0,0,0,0,3,0,0,0,0,0,0,0,0,0
"e791e85ee4d7cb0f5a0c20f828ecf481",0,0,0,0,0,0,0,0,0,0,0,0,0,0,0,0,1,0,0,0,0,0
"e7e61efe88032a172051248b6bbd0caf",0,0,0,0,0,0,0,0,0,0,0,0,0,0,0,0,0,0,0,1,0,0
"e80fc88b1e7f9bf15ed3154e66f45c59",0,0,0,0,0,0,0,0,0,0,0,0,0,0,0,0,0,0,1,0,0,1
"e819ee71098aca217528e767c817d15d",0,0,3,0,0,0,0,0,0,0,0,0,0,0,0,0,0,0,0,0,7,0
"e843c4b4c8c564d48fc56608ff2a61c6",45,3,0,0,0,130,0,814,0,103,71,35,0,123,360,112,52,0,10,401,284,3
"e86320404aff3cb070eb9d7928a3ff94",0,0,0,0,0,0,0,0,0,0,0,0,0,0,0,0,0,0,1,0,0,0
"e8ae98a0cd89cec836bcf23679a31bb5",0,0,0,0,0,0,0,0,0,0,0,0,0,0,0,0,0,0,0,75,0,0
"e8be8273c24834ca59aac18e88774862",0,0,3,12,2,2,4,6,0,33,29,0,2,0,2,13,4,1,27,0,44,24
"e9e62dde263b78ff9784c694189bf035",0,0,0,0,0,0,0,0,0,0,0,0,0,0,0,0,0,0,0,0,3,0
"ea8e740f398f46ed51e2583f8d4c3dff",0,0,0,0,0,0,0,0,0,0,0,0,0,0,0,0,3,0,0,0,0,3
"eaeb39796ac186f4f0de98502ccb5189",0,0,0,0,0,13,0,0,0,0,0,0,0,0,0,0,0,0,0,0,0,0
"ec24a0ea221098dafcfd4855eb9d87b3",0,0,0,0,0,0,0,0,0,0,0,2,0,0,0,0,0,0,0,0,0,0
"ecb888110a65a4747faf1444f3c07fe9",0,0,0,0,0,0,0,0,0,0,0,0,0,4,0,0,0,0,0,0,0,0
"ed16d2109610750210cf52a644df060e",0,0,0,0,0,0,0,0,0,0,0,0,0,0,0,0,0,0,0,1,0,0
"ed26db0377eefabcbf8b89aaffacfeab",0,0,0,0,0,0,0,0,0,0,0,0,0,0,0,0,0,0,6,0,2,2
"ee47b326c380e50faa878032111391d2",0,0,0,0,0,0,0,0,1,0,0,0,0,0,0,0,0,0,0,0,0,0
"ee827df34d1e79d2abef5c563ea7d155",15,0,9,9,0,0,5,4,0,6,8,0,1,0,0,5,0,1,0,0,1,0
"f0550ee9c121ec5112a5f11920c7a2b5",0,0,0,0,0,0,0,0,0,0,3,0,0,0,0,0,0,0,0,0,0,0
"f0d2a7581c4bd7f58692d33441b0136e",0,0,0,0,0,0,168,0,243,0,0,0,0,3,0,187,0,0,0,0,0,2
"f2356f4f9eed5fc6f7834eeff3f6a72a",0,0,0,0,0,0,0,0,0,0,0,0,1,0,0,0,0,0,1,0,0,3
"f27b4e30ad42a6d1b2e393abcd9dd063",0,0,22,21,2,2,0,0,0,0,0,39,13,0,0,0,0,0,0,0,0,2
"f297fb6ef018c1c3a8057949f15d4f5d",0,0,0,0,0,0,0,0,0,0,0,0,0,0,0,0,0,0,3,0,0,0
"f2c76dca0b6749e7ad74cd8d6a94779e",0,0,0,12,0,16,0,0,0,0,0,0,24,0,0,0,0,0,0,0,0,10
"f304e67254f3b163036e95a11526befd",0,0,0,0,0,0,0,0,0,0,0,0,0,0,0,0,0,0,0,0,0,121
"f3155ca1b4e5abf9ef4d4f7c3c3feca1",0,0,0,0,0,0,0,0,0,0,0,0,0,1,0,0,0,0,5,0,3,1
"f3c67ba0c408a8f7844d603910d8a263",8,0,2,1,5,2,1,9,4,9,2,0,5,0,0,6,0,0,0,0,8,6
"f3ce98a45ad0f7295016ce623984d512",0,0,0,0,0,0,0,1,0,0,0,0,0,0,0,0,0,0,0,0,0,0
"f409b0cbed61f0becb7adba37fcaee19",0,0,0,0,0,0,0,4,0,0,0,0,0,0,0,0,0,0,0,0,0,0
"f413858fbdf000bc77863ebd85937e8e",0,0,1,0,0,0,0,0,0,0,0,0,0,0,0,0,0,0,10,0,79,2
"f4630353c2f4d344e85e7d64c73daa3a",0,0,0,0,0,0,0,0,0,0,0,0,0,0,0,0,0,0,2,0,0,0
"f62eb952e695c1cf0ca9b60698fa09f2",0,0,0,0,0,0,0,3,0,0,0,0,0,0,0,0,0,0,1,0,1,0
"f66c6161365d99970dffa5e3a4985fa7",0,0,3,0,0,0,0,1,0,0,0,126,0,0,5,0,0,0,0,0,1,0
"f72978893c85cd6f3a89598b280923a3",0,0,0,0,0,0,0,2,0,0,0,0,0,0,0,5,0,0,7,0,0,6
"f7c46d8b4100b5f92040dfbb279fad6c",0,0,0,0,0,5,0,0,0,0,0,0,0,0,0,0,0,0,0,0,1,0
"f8b02361f454cfe28d532c57747df123",15,0,0,0,0,0,0,0,0,0,0,0,0,0,0,0,0,0,0,0,0,0
"f9266aad96ffb2f7a2ee6983ca4c6752",0,0,0,0,0,0,0,0,0,0,0,0,0,0,0,0,0,0,0,0,2,0
"f9d32b172ae04cea995e90f9ab0e2060",18,0,0,5,8,5,0,0,7,11,0,0,22,0,5,8,2,0,0,0,0,0
"f9fa9ff66690e5897a0d8081756bf5af",0,0,0,0,0,0,0,0,38,0,0,0,0,0,0,0,0,0,0,0,0,0
"fa0a007ed36c520f046ca04f37e35dfb",0,0,0,0,0,0,1,2,0,0,0,0,0,0,0,0,0,0,0,0,0,0
"fa183e0588a0216763d67f28701f8112",0,0,0,0,0,0,0,0,0,0,0,0,0,0,0,0,20,0,0,0,0,0
"fb0ab617a4bec7d7956ec643385518a0",0,0,0,0,0,0,0,0,0,0,0,0,0,0,0,0,0,0,2,0,0,0
"fb82c0b1733200ee85bd9c562b4c096b",0,0,0,1,0,0,0,0,6,0,0,0,0,59,0,19,0,0,0,0,0,0
"fc35e99baad609b5cef9d7a0e272fa56",0,0,0,0,0,0,0,0,0,0,0,0,0,0,0,0,0,0,0,0,18,0
"fc5e2a0e71bb7025d2af2864bff26784",0,0,0,0,0,0,0,0,0,0,0,0,0,0,0,0,0,0,1,0,2,1
"fc7097cdc090627ce76a749d0333bbca",2,0,0,0,0,0,1,0,0,0,0,0,0,0,0,0,0,0,1,0,1,0
"fc76f7caf0d701e9e545cb0b74704769",0,0,0,0,0,0,0,0,0,0,0,0,0,0,0,0,0,0,0,0,8,0
"fca962888b6117b6e26eeb06d309a4c7",4,0,0,3,1,0,30,2,3,0,0,0,1,0,0,8,3,4,47,0,2,35
"fd77d9ce9c157e00781b80605fec310d",4,8,0,0,0,0,4,0,0,0,0,0,0,3,0,0,0,0,0,0,0,0
"fd7a7db6e3d08edc859f3fdebe30861a",0,0,0,0,0,0,0,0,0,0,0,0,0,0,0,0,0,0,1,0,0,2
"fd88aa89ef7aba81bda46d7c47ed1b02",0,0,0,0,0,0,0,4,0,0,0,0,0,0,0,0,0,0,0,0,0,0
"fd88d355676826758b3975652fddfd77",0,0,0,1,0,0,0,2,0,0,0,3,112,0,0,0,0,0,1,0,0,0
"fe09ccbc5ff61b899d57e35d83cbdbcd",0,0,0,0,0,0,0,0,0,0,0,0,0,0,0,0,0,0,0,0,3,0
"ff845e1a352363161773e5c3884e5990",0,4,0,0,0,0,0,0,0,0,0,0,0,0,0,0,0,0,0,0,0,1
