"","HPC1433","HPC1434","HPC1436","HPC1437","HPC1438","HPC1440","HPC1441","HPC1442","HPC1443","HPC1444","HPC1446","HPC1447","HPC1448","HPC1449","HPC1452","HPC1453","HPC1454","HPC1455","HPC1456","HPC1457","HPC1458","HPC1459","HPC1460"
"008167913ce8eac6ad6cb522d7a1990a",0,0,0,0,0,0,0,0,0,161,0,0,0,72,0,0,6,0,125,0,0,0,0
"00832a3584b7b6a7974ad9794d181080",0,0,0,0,0,0,0,0,0,0,0,0,0,0,0,0,0,0,0,0,0,1,0
"01404cb98895d58a0181327432d1777d",0,0,0,0,0,0,0,0,0,0,0,0,0,0,0,0,0,0,3,0,0,0,0
"0176faebc1401add55c602c315bdfb31",0,0,0,0,0,0,0,0,0,0,0,0,0,0,0,0,17,0,0,0,0,0,0
"026c46cdc1ae3f6cf9501beb54fa2532",1,3,0,0,0,0,0,0,0,0,0,0,3,0,0,3,0,0,0,0,0,0,0
"02b1f2a0da8827e721e10015f98811e6",0,0,0,0,0,0,0,2,0,0,0,1,0,0,0,0,0,0,0,0,0,0,0
"035bcd1d9af45acab031b1b03fdb7aac",0,0,0,0,0,0,0,0,0,0,0,0,0,0,0,0,0,0,0,0,4,0,0
"03b7772f2168ac3e041fec207cd257cf",0,0,0,0,0,0,0,0,0,0,0,0,2,2,0,0,0,0,11,0,0,0,0
"06fbddb56fbc5b3ca6e2b71ea921bd50",0,0,0,0,0,0,0,0,0,0,0,0,0,0,0,0,0,0,0,0,0,1,0
"08250c855de3e12cde8e15dcacffd4a6",1,13,0,0,0,0,0,0,0,0,0,0,0,0,0,0,0,0,0,0,0,0,0
"0837b657c1d1f43f280ef2435311c939",0,5,0,0,0,0,0,36,0,0,0,2,0,0,0,0,0,0,0,0,0,0,0
"09c7a9b0d7e4534dd1b9563ecb91de1f",0,0,684,0,4,0,0,0,0,0,0,0,0,0,0,0,0,0,0,56,0,0,0
"0a55820148562eef7c47af5ab05610b8",0,0,0,0,0,0,0,0,0,0,0,0,2,0,0,0,0,0,0,0,0,0,0
"0a667e34252be42cc613e4f2259d1b1c",53,0,0,0,0,0,0,0,0,0,0,0,0,0,0,0,0,33,0,0,0,0,0
"0a7fe3595e40caeafecb26f55ecf526d",0,12,0,0,0,0,0,57,0,0,0,0,0,0,0,0,0,0,0,1,0,0,0
"0b13fa184028c77f264c71b3c41ff3c4",0,0,0,0,0,0,0,0,0,0,1,0,0,0,0,0,0,0,0,0,0,0,0
"0b2a6a480ce04bf8dc8254472ddeb9eb",85,0,0,0,2,0,0,0,3,0,0,0,0,0,0,0,0,0,0,0,0,0,0
"0d64e0170fd5c43d58714adb75f53603",0,1,0,1,0,0,0,1,0,0,0,0,0,2,0,0,0,0,0,3,0,2,2
"0db587bb2a24679c3dedd2f3d99bdffe",0,30,0,8,77,0,0,0,0,157,0,9,0,0,37,0,0,0,15,0,0,0,0
"0f047104074602e77bdf9312dbc164a9",0,0,0,0,0,0,0,6,0,0,0,0,0,0,0,0,0,0,0,0,0,0,0
"0f9715c39ff1dd298c99a40c8caaacb3",2,0,0,0,0,0,0,0,0,0,0,0,0,0,0,0,0,0,0,0,0,0,0
"0fa1fae74f9f9dffe32d78d11dd84a59",0,0,0,0,0,0,0,0,0,0,0,0,0,0,0,0,18,0,0,0,0,0,7
"0fd24fb9edc352a688fa95e24733afdf",0,0,0,0,0,0,0,0,0,0,0,0,0,1,0,0,0,0,0,0,0,0,0
"10682ee1eb9e040a49b00b35f5920015",0,0,0,0,0,77,0,0,0,0,0,0,0,5,0,0,0,0,0,0,0,0,0
"10839859eac5ca8431ee848d9f00803f",0,0,1,0,0,0,0,39,0,0,0,0,0,0,2,0,2,0,0,0,0,0,5
"108cbc975ea4ac83a7fa3c8220bc89d7",0,0,0,0,0,0,0,0,0,0,0,2,0,0,0,0,0,0,0,0,0,0,0
"10e5f4a0a45782e74568a9ed32c54bbe",0,0,0,0,0,0,0,0,3,0,0,0,0,0,0,0,0,0,0,0,0,0,0
"1168bb363a67a1cfdc8133ccf81b8e13",0,0,0,28,0,0,0,0,0,0,0,0,0,0,0,0,0,0,0,0,0,0,0
"133065a88b4fbf1d3e133afe0e6564b3",0,0,0,0,0,0,0,0,0,0,0,0,0,1,0,0,0,0,0,0,5,0,0
"13e7d8f598035447d123840e986a771a",0,0,0,0,0,0,0,0,0,0,0,0,0,0,8,0,0,0,0,0,0,0,0
"14e02c3f063caa94b0cc4cd379e48340",0,0,0,0,8,0,0,0,0,0,0,0,0,0,0,0,0,0,0,0,0,0,0
"153c5d5a5b9fe379c68c13edd0d4e718",0,0,0,0,0,0,0,0,0,0,0,0,0,0,0,1,0,0,0,0,0,21,0
"156b18a672954bed155804f37327c646",0,0,0,0,0,0,0,1,0,0,0,0,0,0,0,0,0,0,0,0,0,0,0
"157a3ae68f649aa19985b36aeb2b5cc6",0,0,0,0,0,0,0,0,0,2,0,0,0,0,0,0,0,3,0,0,0,0,0
"169f1397c4e27946716ce2b984c6edc7",0,0,0,0,0,0,0,0,0,0,0,0,0,0,0,0,0,0,0,53,7,0,0
"17332728e59dc0a6d6015eb75b324a49",0,0,3,0,0,0,0,0,0,0,7,0,0,0,0,0,0,3,0,4,0,2,0
"18a9ff4724c0cd8d5e18b253c3c6d90a",0,0,0,0,0,0,0,0,0,0,0,0,5,13,0,0,0,0,0,0,0,0,0
"19bd11b3a2dcae4bf56779868378d91d",0,0,0,0,0,0,0,3,0,0,0,0,0,0,0,0,0,0,0,0,0,0,0
"1cb031b91bb95b4f538abeaaf0026e96",0,0,37,0,0,0,0,0,0,0,0,0,0,0,0,0,0,0,0,0,0,0,0
"1d4e962f0cb28b17623d5ce153bf3da0",0,1,0,0,0,0,0,0,0,0,0,0,0,0,0,0,0,0,0,0,0,0,0
"1d807b5be869b9e270540eeaac83e094",0,0,0,0,0,0,0,0,0,0,0,0,1,0,0,0,0,0,0,0,0,0,0
"1f1af3da57301b485bd01347a2b71bbc",0,0,2,0,0,0,0,0,0,0,77,0,43,9,0,0,0,0,0,0,0,0,38
"1f40236cdff722a5116eb9457f8dabd3",0,0,0,0,0,0,0,0,0,0,0,0,0,0,0,0,0,0,0,0,0,0,2
"1f41f115cb405f2ac7a1db6f0d47013a",0,0,0,0,0,3,0,0,0,0,0,0,0,0,0,0,0,0,0,0,0,0,0
"2031af0ed6bc6004eb969e62bd0624b4",39,0,0,0,0,0,0,0,0,0,0,0,4,0,0,0,0,12,0,0,0,0,5
"2046bb0f26fadcdf415fc402a9d93679",0,19,0,0,0,0,0,0,0,0,0,0,0,0,0,0,0,0,0,0,0,0,0
"205689b524b6f04b260bfa6f080179bd",0,27,9,30,0,0,0,0,0,0,0,0,0,0,0,3,0,4,0,0,129,0,0
"207647183ba0333a1ed361c02ea50d0f",0,21,0,0,0,0,0,0,0,0,0,1,0,0,0,0,0,0,0,0,0,0,0
"211f5d22bb693d6843475d918ed00370",0,0,0,0,0,0,0,0,0,122,0,0,0,0,0,0,0,0,0,0,0,0,0
"22793edc9cd9907ce5d798d27d9bea22",0,0,0,0,0,50,0,0,0,1,0,0,0,0,0,0,1,1,2,0,0,0,0
"228e7ae35ddea86db1e312de22a46b5b",0,0,0,0,0,0,0,0,0,0,0,0,0,0,0,0,0,0,0,0,0,1,0
"2335744b931e24305ae3d671f5925443",57,0,0,0,0,0,0,0,0,0,0,0,0,0,0,0,0,0,0,0,0,0,0
"24791d3d91858737c317d435d768b6aa",0,0,0,0,0,0,0,0,0,0,0,0,0,0,0,0,0,0,0,0,0,0,3
"261935bf4d4df64dc9206ab7ccfd645e",0,0,0,0,0,0,0,0,1,0,0,2,0,0,0,0,0,0,0,0,0,11,0
"2628bc3ce0449352d3090092eba9ebc8",0,0,18,8,4,0,1,0,0,0,28,6,5,4,3,0,0,9,9,3,0,18,12
"26f339506d88e7b057613ee1c5bc510d",0,0,0,0,11,0,0,0,0,0,59,0,0,1,0,0,0,0,0,0,0,0,0
"2826584c4dae42748e6c34f9a192d6ab",0,0,0,0,0,0,0,6,0,0,0,2,0,0,0,0,0,0,0,0,0,0,0
"287293cee135b9998709bda1f33c2e49",0,0,0,0,0,0,0,0,3,0,0,0,0,0,0,0,0,0,0,2,0,0,0
"28d473fc61a702743097f1a0f84a0699",0,0,1,0,0,0,0,0,0,0,0,0,0,0,0,0,0,1,0,0,0,0,0
"293c013b8b4d9e2e73a5900a1364255a",0,0,0,0,1,0,0,0,6,0,0,0,0,0,0,0,0,0,0,0,0,0,0
"29b7cd6352becc322414fa5fe983e206",0,0,0,0,0,1,0,0,0,0,0,0,0,0,0,0,0,0,0,0,0,0,0
"29d9af249d83e5fc67054ff02cbce1c4",0,2,0,0,0,0,0,0,0,0,0,0,0,0,0,0,0,0,0,0,0,0,0
"2ba90b0be01177328bfba05450b59ed7",19,0,0,0,0,0,0,0,0,0,0,0,0,0,0,0,0,0,0,0,2,0,0
"2cc5a3c7f04660f1ed343fa0dfc45b9a",0,0,0,0,0,0,0,0,0,0,2,0,0,0,0,0,0,0,0,0,0,0,0
"2cf646413bd751e43d3e3d59449dce78",2,0,0,0,0,0,0,0,0,0,0,0,0,0,0,0,0,0,0,0,0,0,0
"2d949d1ac2c7bd016db42d26914c12a1",0,17,0,0,0,0,0,11,0,0,0,0,0,0,0,0,0,0,0,0,0,0,0
"2dad2b20e9a477cf4f2f537f7c39ebc5",0,0,0,0,0,84,0,0,0,0,0,0,0,0,0,0,0,0,0,0,0,0,0
"2e424c331fd4cc1ff133695d5b9514cd",0,0,0,0,0,0,0,0,0,0,0,1,0,0,0,0,0,0,0,0,0,0,0
"2e756e9be0fb920d489d2245e62d3248",0,0,0,2,0,0,0,0,0,0,0,0,0,0,0,0,0,0,0,0,0,0,0
"2eb343cdd4e7f8194270bddb086b9f60",0,0,0,0,0,3,0,0,0,0,0,0,0,0,0,0,0,0,0,0,0,0,0
"2f37611fbd002402d0d7bc5694578944",0,0,0,0,0,0,0,0,0,0,0,0,0,0,0,0,0,16,0,0,0,0,0
"2f49610f9b40af4a510bd644f3efad4b",0,0,0,0,6,2,0,2,0,3,0,1,0,0,0,1,0,0,0,0,2,0,0
"302c25410e905a32fac3f59019a52c7a",0,0,0,7,0,1,0,0,0,0,0,0,6,0,0,0,8,4,0,3,0,2,0
"30de8e78fa22d6f4af12882bcbefca98",0,0,0,0,0,0,0,0,0,0,0,0,0,0,0,0,0,0,0,0,7,0,0
"30e3d72fcbd951def5a57611527d2a91",0,0,0,0,0,0,0,0,0,0,0,0,0,8,0,0,0,0,0,0,3,0,5
"3237e697d2b209e19da2c0659536262e",0,0,0,0,12,0,0,0,0,0,0,0,0,0,0,0,0,0,0,0,0,0,20
"325553effac2caa0a5684f0650893e49",0,6,13,0,0,0,0,50,0,0,0,0,0,0,0,0,0,0,0,0,0,0,0
"3262a7e70e1dd963244d1d00a2b9281a",9,12,16,18,7,0,6,0,24,11,54,12,7,17,11,0,39,3,1,3,6,23,73
"328cdb0f35f0207ed4e3a37e77886853",0,0,0,0,0,0,0,0,0,0,0,0,0,0,0,0,0,0,0,0,0,2,0
"34b2939e001a1f713f24adcefc147785",0,0,0,0,0,0,0,0,0,0,0,35,0,0,0,0,0,0,0,0,0,0,0
"35c84552eab09fbd4ad5b56782e29bac",0,0,0,0,0,0,0,0,0,0,0,0,0,0,0,0,15,0,0,0,0,0,0
"3763617a6117adc2b98525dea5f83538",0,0,2,3,7,11,0,0,1,5,9,9,0,2,0,0,12,15,0,0,1,0,0
"37a735a589da0a94a2ba7b17f800101d",28,16,0,43,8,0,0,0,2,0,10,4,0,8,1,1,0,14,1,3,0,15,0
"37d850b040c0ac3ed9b4cf1f31425509",0,0,0,0,0,0,0,0,0,0,0,0,0,0,0,0,1,0,0,0,0,0,0
"385a1ba4cef54506cb0123b81c9d802a",0,6,0,0,0,0,0,0,0,0,0,3,156,0,0,0,0,0,16,12,0,0,12
"38ccc9b4b8603b38469c32ab1a7a2c24",0,6,0,0,0,0,0,15,0,0,0,1,0,0,0,0,0,0,0,0,0,0,0
"38fe7df5b6ef33bbed983b405599acf7",0,0,0,0,5,0,0,0,0,0,0,0,0,0,0,0,0,0,0,0,0,0,0
"3a579e8e269f7d3f67a4a99df65de414",0,0,0,0,1,0,0,0,0,0,0,0,0,0,1,0,0,0,0,0,0,0,0
"3a5eac2e85d73708a3ad4ba09f5a4034",0,0,0,0,0,0,0,0,0,0,0,0,0,0,0,0,0,0,4,0,0,0,0
"3b180b5dd5fed6eac59f8908b236b689",0,0,0,0,1,0,0,0,0,0,0,0,0,2,0,0,0,0,0,0,0,0,0
"3b6e6d03c26addb29bc6157c38b2e536",0,0,0,0,0,0,0,0,0,0,0,0,0,0,4,0,0,0,0,0,0,0,0
"3c604a3201e8ba638398a8022cf81237",0,0,0,0,2,0,0,0,0,17,21,0,0,0,0,0,0,0,0,0,0,0,0
"3ed42a2a6a97d92ca05a9def60ae129a",0,0,0,4,2,0,0,0,0,0,0,0,0,0,0,1,7,4,3,0,0,5,1
"41152e8a5f5f452a0b48ae0be59bbf64",0,0,0,5,0,0,0,7,0,0,0,7,0,0,0,0,0,16,0,5,3,17,0
"41fd9e459c911a3b7a474a3ba4d16fb4",0,0,0,0,0,0,0,0,17,0,0,0,0,0,0,0,0,0,0,0,0,0,0
"4243d90941dd5826c6601bd0d628e752",0,0,0,0,0,0,0,0,0,0,0,0,0,0,0,0,0,3,0,0,0,0,0
"42d6f1dc35d3d5a9ae3f5af1c3c1658f",0,0,0,0,0,0,0,0,0,0,0,9,0,0,0,0,0,0,0,0,0,0,0
"42f44f2edb9c0e7410229cd2b8495308",0,0,0,3,0,0,0,0,0,0,0,0,0,0,0,0,0,0,0,0,0,0,0
"42f6f0a22e628bb23bc824261f91e871",0,0,0,0,0,0,0,4,0,0,0,0,0,0,0,0,0,0,1,0,0,0,0
"44fb84495a3bec4529e369e18c8d0165",0,0,0,0,0,0,0,0,1,0,0,0,0,0,0,0,0,0,0,0,0,0,0
"4542ef6a2daa70f5270ec346848c7d17",0,0,0,0,0,0,0,8,0,0,0,0,0,0,0,0,0,0,0,0,0,0,2
"459a6e098a853bfafb36f1e8a3c2dd33",0,0,0,0,0,0,0,0,0,0,0,0,55,0,0,0,0,0,0,0,0,0,0
"4782f9cec9f666394f2a0bc1baf18659",0,0,0,0,0,0,0,0,0,0,0,0,0,0,0,4,0,0,0,0,0,0,0
"479c85bd49b21ba6a5a00d7b13766555",0,0,0,0,0,0,0,0,0,0,0,0,0,0,1,0,0,0,0,0,0,0,0
"47b0a4c9c653312dfaa86146ae9e07b6",0,0,0,0,0,0,0,0,0,0,0,0,0,0,0,0,0,0,0,0,0,4,0
"4832d5e8bbdf4b088316c74366493854",0,0,6,0,0,0,0,0,0,0,0,0,0,0,0,0,0,0,0,0,0,0,0
"48d427547983c8bc714a6c7a0a9ce82c",0,0,0,0,0,3,0,0,0,0,0,0,11,0,0,0,0,0,0,20,0,0,0
"4958646c3477751d2514a0f87cd1b2d2",0,0,0,0,0,0,0,0,0,0,0,0,0,0,0,0,0,0,0,25,0,0,0
"498360bf0e3bea63817172cc8e57f786",0,9,0,0,0,0,0,6,0,0,0,0,0,0,0,0,0,0,0,0,0,0,0
"499b187b1bfd265489cfda4b4cb4d8c7",0,0,0,0,0,0,0,0,0,0,0,4,0,0,0,0,0,0,0,1,0,0,0
"4a0b87e83c78e60b7434ae4d2291b0f2",0,0,0,0,0,0,0,0,0,0,3,1,0,0,0,0,0,0,0,0,0,0,0
"4a46814357f11ab6347f1fc0b35bfb21",0,0,0,0,0,2,0,0,0,0,0,0,0,0,0,0,0,0,0,0,0,0,0
"4b045fdd81a50cbe7916c2793381ce4d",0,0,0,0,0,0,0,0,0,0,3,1,0,5,0,0,0,5,1,0,0,0,0
"4c49e4c0f7ebc2795a1e7e81525af196",0,7,0,0,0,0,0,6,0,0,0,0,0,0,0,0,0,0,0,0,0,0,0
"4d48d7ff5be648dbff5d977be48b6c8e",8,13,0,12,0,2,0,0,0,0,15,0,0,1,5,4,2,19,0,0,0,0,0
"4d79feabc5bbc6227b7cda98be35a465",0,0,0,0,0,0,0,0,129,0,0,0,0,0,0,0,0,0,0,0,0,0,0
"4da78b69df4941cda0b3c8acc6c55eeb",0,0,0,0,0,0,0,0,0,0,3,0,0,0,0,0,0,0,0,0,0,0,0
"4dc77e6f9391d7ac5f1e653c08a87bc0",0,0,0,0,0,0,0,0,0,0,0,0,0,0,0,0,0,0,0,1,0,0,0
"4f5678f16e6e19f7f6638d8f5dd476ef",0,0,0,0,0,0,0,0,0,0,0,0,0,0,0,0,0,0,0,0,5,22,0
"4f8c8e41fa14dc280582fc9bd26bcbab",0,0,0,0,0,0,0,0,0,0,0,10,0,0,0,0,0,0,0,0,0,0,0
"51194b8233acaff275c41bf94ca2c735",9,2,5,0,2,0,2,38,0,18,2,9,8,3,1,1,4,0,0,0,0,0,3
"51908ef8c74539aa92b2b9786e011934",0,3,0,0,3,0,0,2,0,0,8,0,0,2,19,0,15,10,0,2,0,0,0
"52197dca75d1808bd2fa7e5d033f310f",0,6,0,0,0,0,0,0,0,0,0,0,0,0,0,0,0,0,0,0,0,0,0
"522f17a20b884e53b7e2693b431fce4c",0,0,0,0,0,0,0,0,0,0,0,0,1,0,0,0,1,0,0,1,0,0,0
"525ee868e5c567443c5ec9d71944ace9",0,0,0,0,0,0,0,0,0,0,0,0,0,0,0,0,9,0,0,0,0,0,0
"533abe2f5244fc57bf94b9bc19d75444",0,0,0,1,0,0,0,0,0,0,0,0,0,0,0,0,0,0,0,0,0,0,0
"535644fbdf865ddd0cc9ea93502a6bbc",0,0,0,0,0,0,0,0,0,7,0,0,0,0,1,0,0,8,0,0,0,0,0
"5379516f81af3858da523f2d65cf6e7b",0,0,0,0,0,0,0,0,0,0,0,0,0,0,0,0,0,0,0,0,1,0,0
"54305693ac20167cca877f883539d0a4",0,0,0,0,0,0,0,0,0,0,6,0,0,0,0,0,0,0,0,0,0,11,0
"5543a6bfc67615f4f744af998fda320f",0,0,0,0,0,0,0,0,0,0,0,0,0,0,2,0,0,0,0,4,0,2,0
"55b58124016596c4a6b7b2c4b7633efb",0,0,0,2,0,0,0,0,0,0,0,0,0,0,0,0,0,0,0,0,0,0,0
"56ef290cef6fc951b68d8fef9a1890a6",0,0,0,0,0,0,0,0,12,0,0,0,0,0,0,0,0,0,0,0,0,0,0
"598684eadeabc0014634de995cee3978",0,0,0,0,0,0,0,0,0,0,0,0,0,0,0,0,0,2,0,0,0,0,0
"5a20b9f9b38234c1dac21cd942876080",0,0,0,0,0,0,0,0,0,0,0,0,0,0,0,0,0,0,2,0,0,0,0
"5be4a273e1c77677b372ec4c640287e1",0,0,0,0,0,0,0,0,0,0,0,0,0,0,0,0,0,0,0,0,0,1,0
"5c35358f9cf2811d7c01d6ae6338ac4c",0,0,0,0,0,0,0,0,0,6,0,0,0,0,0,0,0,0,0,0,0,0,0
"5caec825d8ca5a09af29738b562d2890",0,0,0,0,0,0,0,0,0,0,0,0,0,0,0,0,0,0,0,0,3,0,0
"5ce6b0274af40b261ae9ea2a5cd9aa45",0,0,1,0,0,0,0,0,0,0,0,0,0,0,0,0,0,0,4,0,0,0,0
"5d51b87ca19401d742cc4419b0f302b1",0,0,1,0,0,0,0,0,0,0,0,3,0,0,0,0,0,0,0,0,0,1,0
"5e0b1e533d803d7c69e76c2c42359773",0,22,18,0,0,0,0,0,2,0,0,0,0,0,0,0,0,0,0,0,0,0,25
"5ea389ed11ea65cbf691d96f33d659db",6,0,21,5,0,0,0,0,87,0,2,0,0,0,0,0,0,0,169,0,149,0,110
"5ee4957643bac45d3422dfba2e2acf51",0,0,0,0,0,0,0,0,0,0,4,0,0,0,0,0,0,0,0,0,0,0,0
"5f52549cdb824e04d23f02bc080d9a8a",0,0,0,0,0,0,0,3,6,0,0,0,14,8,3,0,10,0,12,0,3,2,0
"5f9270e492afaa0d07c4de501ea92b69",0,0,0,0,2,0,0,8,0,0,0,0,0,0,0,0,3,4,0,0,0,0,32
"5fedf443b86e296889f51cdc957642ff",10,0,0,0,0,0,0,0,0,0,0,0,0,0,0,0,0,0,0,0,0,0,0
"6038cbf29d9df32a9c04c69b9aec44cb",0,1,0,2,0,0,0,4,0,0,0,0,0,0,0,0,0,0,0,0,0,0,0
"603be18164bde09818d5345c3442ed43",0,0,0,6,1,0,0,0,0,0,0,0,0,0,5,0,0,9,0,0,0,0,0
"60a6e509822b724c7aef5d07e7dd5fa8",0,16,0,33,10,0,3,0,0,9,0,0,0,0,4,0,0,0,14,0,0,0,19
"61d31bedcdb022077d75c9c804abb782",0,31,0,0,0,0,0,0,0,0,0,0,3,0,0,0,0,0,0,0,0,0,0
"62e713a6820fa9b819ef575ab3014c5f",0,0,0,0,0,0,0,0,0,0,0,0,0,0,0,0,0,0,0,0,0,3,0
"62e791c27fae2dbd393e2d3b686aff73",0,2,0,0,0,0,0,0,0,0,0,0,0,0,0,0,0,0,0,0,0,0,0
"64c217e69e7609aab725bda47022f406",0,7,7,15,0,0,0,27,0,29,19,3,2,2,4,0,0,0,6,0,7,0,16
"64c5761da4a82f87b6091e02b1791f15",0,0,0,0,5,0,0,0,0,0,0,0,0,0,0,0,0,0,0,0,0,0,0
"64e18580c5f31ef30a12aafc71dff00f",0,0,0,0,0,0,0,0,0,0,0,4,0,0,0,0,0,0,0,0,0,22,0
"64fd6a50605bfdbb323108cc6342a4f5",11,0,0,0,0,0,0,0,0,0,0,0,1,8,0,0,0,0,0,1,0,2,14
"652177b74e1009d99f81843a80698de3",0,0,0,0,0,0,0,0,0,0,0,0,0,0,5,0,0,6,0,0,0,0,0
"65316b075919a823fbe3dee2177b2662",0,0,0,0,0,0,0,0,0,0,0,0,0,0,0,0,0,0,0,0,0,3,0
"65a82a5c911961c932169c0e220e77b2",1,0,2,0,1,0,0,0,0,0,0,0,4,0,0,0,0,0,0,0,0,0,0
"66346359a081d34bad7bbb02645958df",0,0,9,0,0,0,0,0,0,0,0,1,0,0,0,0,0,0,0,0,0,0,0
"67dbb76f582ee5bf148f1cbd5681492d",0,0,0,0,0,1,0,0,0,0,0,0,0,0,0,0,0,0,0,0,0,0,0
"6875c0481fd234d454389a8ed7cc71cf",0,0,0,0,0,7,0,0,0,0,0,0,0,0,0,0,0,0,0,0,0,0,0
"68aaa816a09bddf77302d383796b276c",0,0,0,0,0,0,0,0,0,0,0,0,0,2,0,0,0,0,0,0,0,0,2
"69ef3e1f427563b51b19b178802a3071",2,0,0,0,0,0,0,0,0,0,0,0,0,0,0,0,0,0,0,0,0,0,0
"6ada034104c928ae5e96d36d80571e40",0,0,0,0,0,0,0,0,0,0,0,1,1,2,0,0,0,0,0,0,0,0,0
"6b23984b2fe17d5f9edfe155f224e3e5",0,0,0,0,0,0,0,4,0,0,0,0,0,0,0,0,0,0,0,0,0,0,0
"6b35850428fbd3b320f25fe218af3a78",0,0,36,0,0,0,0,0,0,0,0,5,0,8,0,0,0,0,0,0,0,0,14
"6c007dd250c08e2b573a004557e0fcc2",0,0,0,0,0,0,0,0,0,0,0,1,0,0,0,0,0,0,0,0,0,0,0
"6c1aca20caa77a2ab96e9def38eb1a8f",0,0,0,0,0,0,0,0,0,0,2,0,0,0,0,0,0,0,0,0,0,0,0
"6c66a3897ad1d1d1d6816c0d581bfe5d",0,0,0,0,0,0,0,0,0,0,10,2,6,60,0,0,0,0,0,0,0,0,0
"6d53cdd772c4fc0282c670c81aeab3a0",3,0,0,131,26,0,20,132,32,65,0,0,4,0,11,0,4,0,0,0,0,0,2
"6d5f29dd52b4561905067ff97092fd44",0,1,0,0,0,0,0,0,0,0,0,0,0,0,0,0,0,0,0,0,0,0,0
"6de0f45093fc61099dec3bf673f8cce5",0,0,16,0,0,0,0,0,0,0,0,0,0,0,0,0,0,0,0,0,0,0,0
"6e04eb0b099d89855e4e229caca943a4",0,1,0,0,0,0,0,0,0,0,0,0,0,0,0,0,0,0,0,0,0,0,0
"6e28ba17b7b0e0bb43a0bf751695f359",0,0,0,0,2,0,0,0,0,0,0,0,0,0,0,0,0,0,0,0,0,0,0
"6fc8fdf6401e53683cc2fe1e62cfc6d7",0,0,0,0,0,1,0,0,0,0,1,0,0,0,0,0,0,0,0,0,0,0,0
"71c755d6f5f1922977e4c7223fcc7699",0,0,0,0,4,0,0,0,0,0,0,0,0,0,0,0,0,0,0,0,0,0,0
"720c9f32b026be38a8b24343e83c9b60",0,0,0,0,0,0,0,0,0,0,0,0,0,0,0,220,2,0,0,0,0,0,0
"72211ab6dda8354bc2a4dc33b8d18bdb",0,0,0,0,0,0,0,0,0,0,0,0,0,0,0,0,0,0,50,0,0,0,0
"724e4abb18966dfd7cc77e8f711b5ced",0,0,0,0,0,0,0,0,0,0,0,0,0,0,1,0,0,0,0,4,0,35,0
"725a987bc614001c16eb017f2d5b4c2c",0,0,0,0,0,0,0,0,0,0,0,0,0,0,0,0,0,0,0,1,0,0,0
"72663adb78a1b10cc8deaeb60fe50f8e",0,0,0,0,0,0,0,0,0,0,0,0,0,0,0,0,0,0,16,11,0,2,0
"7341a868b2cf72ab81d78d6a0e907f7a",0,18,0,0,0,0,0,16,1,0,0,0,3,0,0,0,1,0,0,6,0,3,1
"74f5a1610715a506f4109920bcb322b6",0,0,0,2,0,0,0,0,0,3,0,3,0,0,0,0,0,0,2,0,0,0,0
"75d645539b3350b78d2b93cf490e7e53",0,0,0,0,1,0,0,0,0,0,0,0,0,0,0,0,0,0,0,0,0,0,0
"75f7315d515861f9fce7f5a3d97109d7",0,0,0,0,0,0,0,0,0,0,0,0,0,0,1,0,0,0,0,0,0,0,0
"75fc6d9895fa40375fb4f40db931ba39",0,0,0,0,0,0,0,0,0,4,0,0,0,0,0,0,0,0,0,0,0,0,0
"7605961befa3702a958c526a0d655366",0,17,0,0,0,0,0,5,0,0,0,0,0,0,0,0,0,0,0,0,0,0,0
"77aceb013ccf317a2dff98db6ad6eb74",0,0,0,0,0,0,0,0,0,0,0,0,0,0,0,0,27,0,0,0,0,0,0
"79188b9060ef8d3f67919ba31dfa29bd",48,0,20,0,0,5,0,0,12,0,0,0,0,0,0,0,0,0,14,2,20,0,0
"79b7e3faaf31afd8cffed6f23ce67837",0,0,0,0,0,0,0,0,0,0,0,0,0,0,0,0,0,0,0,0,0,1,0
"7ad0821f77a0f4262e6304cbafc858d6",0,7,0,0,0,0,0,0,0,0,0,0,0,0,0,0,0,0,0,0,0,0,0
"7c9c1abaca7e48a1a6203c52dc125f22",0,0,0,0,0,0,0,0,0,2,0,0,0,0,0,0,0,0,0,0,0,0,0
"7f2363391711307b9d937ccaf8343991",0,0,0,0,0,0,0,0,0,0,0,0,1,0,0,0,0,0,0,0,0,2,0
"7f3f2f7eb91912667ce1a779d6261653",0,0,0,0,0,0,0,0,0,0,0,0,0,0,0,0,0,0,11,1,22,0,0
"8047821561770fa3a97706ede5c20c5c",0,0,0,0,0,0,0,0,0,0,1,0,0,0,0,0,0,0,0,0,0,0,0
"8066615053249cdc18c435736c5b9284",0,0,0,0,0,0,0,0,0,0,0,283,0,0,1067,0,0,0,0,0,0,340,0
"80e06b2036a459dadbcfaab12f6c2211",0,0,0,0,0,0,0,3,0,0,0,0,0,0,0,0,0,0,0,0,0,0,0
"80e8b387278509b9a90dcec3354eda7d",0,0,0,0,0,85,0,0,0,0,0,0,0,5,0,0,0,0,0,0,0,0,0
"81eace73448014b04931fe4155306f87",0,2,0,0,0,0,0,1,0,0,0,0,0,0,0,0,0,0,0,0,0,0,0
"8227dc74df4f3087a7523bc4624f3e0b",0,0,0,0,0,0,0,0,0,0,0,2,1,0,0,0,1,0,0,0,0,0,0
"826e857074a82ee3ab948f5c3603e37a",0,0,0,0,0,0,0,0,0,0,0,16,0,0,0,44,0,113,210,111,0,58,0
"82788aa8b553c94bcdda7cb288a55f0e",0,0,0,0,0,0,0,0,0,0,0,0,0,0,0,0,0,0,3,5,0,0,0
"83c4cb53404548c0bcd454ba4ded1bd7",0,0,0,0,1,0,0,0,0,0,0,0,0,0,0,0,0,4,0,0,0,0,0
"844670ec9a0083a0d3e8718e8af7e3e9",0,0,0,0,0,0,0,0,0,0,3,0,0,0,0,0,0,0,0,0,0,0,0
"84b6319cc04e29b3d9fd9017fb8c1d5e",0,4,0,1,0,0,0,33,0,3,0,4,0,1,0,0,0,0,0,0,0,0,0
"84d26f91c49eb275610efc89a9b2fba4",0,0,0,0,0,0,0,0,0,0,0,0,3,0,0,0,0,0,0,0,0,12,0
"8515468dfd4d318c5bc5d748f1ccd16c",5,3,58,4,10,2,6,2,39,6,4,7,8,6,0,10,20,37,27,11,4,11,11
"85ecb3a4480ffce252c29f593462e673",0,0,0,0,0,0,0,47,0,0,0,0,0,0,0,0,0,0,0,0,0,0,0
"86cefe15bf9186d9841e52b8d2140dea",0,0,0,0,0,0,0,0,0,0,0,0,0,0,0,0,0,0,0,0,3,0,0
"873b0f7fb1a159adce8f07bc2bc319d3",0,5,0,0,0,0,0,0,0,0,0,0,0,0,0,0,0,0,0,0,0,0,0
"87fa857dbb37357999702957ac718902",0,0,0,0,0,0,0,0,0,0,0,0,0,0,0,4,2,0,0,0,0,0,0
"88aa34331312c7d0c5aad9d9815ce8db",0,0,0,0,0,0,0,1,0,0,0,0,0,0,0,0,0,0,0,0,0,0,0
"8a506093618486094e4ea9195c45bfd4",0,0,0,0,0,0,0,0,0,0,0,0,0,0,0,3,0,0,0,0,0,0,0
"8afe4fa622a80f956bf0a33130e0f708",0,0,0,0,0,0,0,2,0,0,0,0,0,0,0,0,0,0,0,0,0,0,0
"8b36ffb0dade3920f08e3c288259e777",0,0,0,0,0,0,0,0,0,0,0,0,0,0,0,0,2,0,0,0,0,0,0
"8b5ecd57089cba9b733889ce44f0668c",0,0,0,0,0,0,0,0,0,0,0,0,0,0,0,0,0,0,0,0,0,1,0
"8c406939ddcf61dd3605a8041b4b1ee8",26,0,0,0,0,0,0,0,0,0,0,0,0,0,0,0,0,0,141,0,0,3,0
"8c694aec46d18add999eab7efd4cc97e",0,0,6,0,0,0,0,0,0,0,0,0,0,0,0,0,0,0,0,0,0,0,0
"8ce68530fc4f1ce5c4d91d0048ee0ef0",0,0,0,0,0,13,0,0,0,0,0,0,0,0,0,0,0,1,0,0,0,0,0
"8d03a02f499c122acf65553e758ec372",0,1,0,0,0,0,0,0,4,0,0,1,0,0,0,0,0,12,0,0,1,3,1
"8d22c7e5e25b0159a2d58edc34350b57",0,0,0,0,0,0,0,0,0,0,0,0,3,0,0,0,0,0,0,0,0,0,0
"8d3283d4a84db323fdfe35aa29f78e77",0,0,0,0,0,3,0,0,0,0,0,0,0,0,0,0,2,0,0,0,7,0,0
"8dc9d88ee425a44fddde07db3fdd300f",0,0,0,0,0,0,0,0,0,0,0,0,0,0,0,0,0,0,24,0,0,23,0
"8e8de8ad663b3c59d523b0802ea5a7ea",0,0,0,4,4,0,0,0,0,0,0,2,0,0,2,0,20,8,0,2,0,6,0
"8ea2d22cc09a311033ce0cbef2accca7",0,102,2,1,4,0,0,1,3,2,0,10,10,2,0,0,1,2,0,10,35,2,0
"8f20155cab8961f657a4824a6340f8c7",0,0,0,0,0,0,0,0,0,0,0,0,0,0,0,0,0,0,0,1,0,0,3
"8f325bf51a0d50864541831d59c18210",0,0,0,0,0,0,0,3,0,0,0,0,0,0,0,0,0,0,0,0,0,0,0
"901e76ba827a95be841fe87930edc628",129,0,136,0,0,0,56,116,0,614,318,0,117,0,0,0,0,0,0,0,0,62,0
"90bb4f4b78e27450d85a873c91ea4965",0,0,0,0,0,0,0,0,0,0,0,1,0,0,0,0,0,0,0,0,0,0,0
"91b096d235ee04c097596d94d00a896c",0,0,53,0,62,0,162,0,0,189,121,232,0,0,1,0,0,0,0,0,0,0,0
"91d5c2861393e12638a0939b7a30f395",0,0,0,0,0,0,0,0,0,0,0,0,0,0,0,1,0,0,0,0,3,0,0
"93043307c86da9894b793b773afda646",0,0,2,0,0,0,0,0,0,0,0,0,0,0,0,0,0,0,0,0,0,0,0
"93320ebc29d27e3ded5a82a4b0e05654",0,0,0,0,0,0,0,0,0,2,0,0,0,0,0,0,0,0,0,0,0,0,0
"9417d82d0c7bb435abddf997b39f3495",16,0,0,0,0,0,0,0,0,0,0,0,0,0,0,0,0,0,0,0,0,0,0
"9505be29d2fa52676230a091b00ca36b",0,1,0,0,0,0,0,0,0,0,0,0,0,0,0,0,0,0,0,0,0,0,0
"9591cdd09c0ad2e355a4e018e6417c85",0,0,0,0,0,0,0,0,0,0,0,0,0,0,0,0,0,0,0,8,0,0,0
"959831f6a19bd9ffda2265819bbdff60",0,0,0,0,0,0,0,0,0,0,2,0,6,0,0,0,0,0,3,3,6,6,0
"95ec5e771e0b13d53d9e3d31f2a84f29",0,0,0,0,0,5,0,0,0,0,0,0,0,0,0,0,0,0,854,2,0,0,0
"96358673195cfa8d619a1835c75f8fca",877,866,304,1187,13,0,0,0,253,0,0,243,852,764,0,839,551,41,0,0,139,715,25
"9722eb5b9717ef530fc2b55d25e00b03",0,0,0,0,0,0,0,0,0,0,0,1,0,0,0,0,0,0,0,0,0,0,0
"97f48dcce1b129d5c3278b95a30ee9fa",0,0,0,0,0,0,0,0,0,0,0,0,1,0,0,0,0,0,0,0,0,0,0
"98d19cdfebe3ec8be65db1d20874fa2a",0,0,0,0,0,0,0,0,0,0,0,0,0,0,0,0,0,0,3,0,0,0,0
"992658692474259bc99e9d4369da6564",2,0,0,0,0,0,0,0,0,0,0,0,0,0,0,0,0,0,0,0,0,0,0
"99acfd4c1ad124e31f52036a0e9c0f07",0,0,0,0,30,0,0,0,0,0,0,0,0,0,0,0,0,0,0,0,0,0,0
"9aaa60378b2f5e36c3ae7b5d1a332297",0,1,0,0,0,0,0,0,1,0,0,0,49,0,0,0,0,0,0,0,0,0,0
"9ab9c32ce47ae58e04c2b1ddff90e0d6",0,0,0,0,0,0,0,0,0,0,0,1,0,0,0,0,0,0,43,0,0,0,0
"9b548b3a97c43c088e4cb085a53b71a4",0,0,0,0,0,0,0,0,0,0,0,0,0,5,0,0,0,0,0,0,0,0,0
"9b5fd6df25b987497d1d705fc463630a",0,0,0,0,0,0,0,0,0,0,0,0,9,0,0,0,0,0,0,0,0,0,0
"9b9c99f616e71afe3cfe3d681383df60",0,1,0,0,0,0,0,0,0,0,0,1,0,0,0,0,0,0,0,0,0,0,0
"9baadd58cbfe73844b4d5c0947cabf3d",0,0,0,0,0,0,0,0,0,0,0,0,0,14,0,0,0,0,0,1,0,1,0
"9bc1120338b7a6c016602acf4e11955e",0,0,0,0,0,4,1,0,0,0,0,0,0,0,4,0,1,0,0,0,0,0,0
"9bc253a31c38698695ef7d1686eb09aa",0,0,0,0,0,0,0,0,0,0,0,60,0,0,0,0,0,0,0,0,0,0,0
"9c3e66a8a5b835c5e0ef8f7c62fad593",0,0,0,0,0,0,0,0,0,0,0,0,9,0,0,0,0,0,0,0,0,0,0
"9c858b798fd079d5027eda83b79f39c5",0,0,0,0,0,0,0,0,0,0,0,0,0,2,0,0,0,0,0,2,0,0,0
"9cd73df89e5bed88a078756d92473eae",0,0,0,0,0,0,0,0,0,0,5,0,0,0,0,0,0,0,0,0,0,0,0
"9f073c7d9d421aecbccef9482ddaa256",0,0,0,0,0,0,0,0,0,0,0,0,0,0,2,0,0,0,0,0,0,0,0
"9f09935c802ae14a5722686b18ce7a09",0,0,0,0,0,0,0,0,0,1,0,0,0,0,0,0,0,0,0,0,0,0,0
"9f2216ede4abe1dc82fbd060ba4f0921",0,0,0,0,0,0,0,0,0,0,0,0,0,0,0,0,0,0,0,5,0,19,0
"9fdf41799c084c867c8d142f3712a20b",0,3,0,0,0,0,0,5,0,0,0,0,0,0,0,0,0,0,0,0,0,0,0
"a0b41a631302f10ee8820993d6dced8e",6,0,0,0,0,0,0,0,0,0,0,0,0,0,0,0,0,0,0,4,0,0,0
"a0e46ac8eba28347ab8bec688a4beb35",0,0,0,0,2,0,0,0,0,0,0,0,0,14,0,0,0,0,0,0,0,0,0
"a10dde3cd653b9fb36ce54f89852352a",0,0,0,0,0,0,0,5,0,0,0,0,0,0,0,0,0,0,0,0,0,0,0
"a25d3fd2c928bd83309cd99b75f1e50d",0,0,0,0,0,0,0,0,0,0,0,0,0,0,0,0,0,0,0,0,0,27,0
"a2c357a0da9e05120d4bf4ea5d207424",4,0,77,40,6,7,5,58,2,13,40,5,0,0,11,0,2,5,34,2,0,0,0
"a3ada875cb829435e99a7a9d61c52e8b",0,0,0,0,0,0,0,0,1,0,0,0,0,0,0,0,0,0,19,0,0,11,7
"a4f8050013eaf59b7885511a886ec05c",0,0,0,0,0,0,0,0,0,0,0,0,0,6,0,0,0,0,0,0,0,0,0
"a7492f328db73571d15ddc6764974771",8,16,0,0,0,0,0,14,0,0,2,0,4,0,0,37,4,2,0,3,6,0,1
"a8511652660ed8431a506d68276fd7e6",0,0,0,0,0,0,0,0,0,0,6,0,0,0,0,0,0,0,0,0,0,0,0
"aa31ac57cd269efafdbc8dc070a8c0a6",1,0,0,0,0,0,0,0,0,0,0,0,0,0,0,0,0,0,0,0,0,0,0
"ab1345c4db7fcf14e9a3cabf552ea274",0,0,0,0,3,0,0,0,0,0,0,0,0,0,0,0,0,0,0,0,3,0,0
"ab7a2d8b868ad90cea23ad7b6cbdff35",0,0,2,0,0,0,0,0,0,0,0,0,0,0,0,0,0,0,0,0,0,0,0
"ab833d760826a6ca6400f05b9b6819df",0,0,0,2,0,0,0,0,0,0,0,0,0,0,0,0,0,0,0,0,0,0,0
"ac1bf9d049f07734f832bb2ec03ad8a0",0,0,0,0,0,0,0,0,0,0,0,0,0,0,0,0,0,0,0,0,2,6,0
"ac22a559ac2178dbbdcdcb21a456adb5",7,0,0,74,0,0,0,0,3,19,5,0,0,0,0,0,0,0,0,0,1,0,0
"ac4067d1bc9b26ab6dfa92e0611f70c0",0,0,0,0,0,0,0,0,0,0,0,0,0,0,0,3,0,0,0,0,0,0,0
"acc52759115e0c822e495df36ba1bebd",0,0,0,0,0,0,0,0,0,0,0,0,0,0,0,0,0,0,0,0,0,8,0
"ad9589646373495a631ecf08339a3b5b",0,0,0,0,0,0,0,0,0,0,0,0,0,0,0,0,9,0,0,0,0,0,0
"add5fa04356ef8de355d131bd6a8b141",7,12,0,0,10,0,4,11,1,10,0,13,0,1,0,0,0,0,0,0,3,0,0
"ae7dabe44f8fa2ab2f4281e8d627276e",4,0,0,0,0,0,0,0,0,0,0,0,0,0,0,0,0,0,0,0,0,0,0
"af8f5389893b29f08c57934c2908d3e3",0,0,0,0,0,0,0,0,0,0,0,0,0,0,0,0,0,0,0,0,0,1,0
"afbf27686d3ffde6df135a1ffa56ed37",0,0,0,0,0,0,0,0,0,0,0,0,0,0,0,0,0,0,0,0,0,0,1
"affca838ffefa9cd706b16017bb3a1d5",0,0,0,0,2,0,0,0,0,0,14,1,0,0,0,1,0,0,0,0,0,0,0
"b1222a37561d251e0d90372457289dab",0,0,0,6,1,0,0,0,0,3,0,0,0,0,0,0,0,2,0,1,0,0,0
"b15f4b0376ee671573d77c88882f224a",0,0,0,0,0,0,0,0,12,0,0,0,0,0,0,0,0,0,0,0,5,0,1
"b2bb9ca687c6c852d5daf5223444179f",0,0,0,0,0,0,0,0,0,0,0,0,0,0,0,0,0,0,0,30,0,0,0
"b2c876c87ecc655a28c5cd606e84650d",0,0,0,0,0,0,0,0,0,0,0,0,0,0,0,23,0,0,1,0,0,0,8
"b3db988932c36733f5900c6e3a8f4c59",0,0,0,1,0,0,0,0,0,0,0,0,0,0,0,0,0,0,15,0,0,0,0
"b42c6a462d7cd26278369219b2d756a1",0,0,1,0,0,0,0,0,0,0,0,0,0,0,0,0,0,0,0,0,0,0,0
"b579162c3306e9227d909c025b4b93b6",0,0,0,0,81,0,0,0,0,0,0,0,0,0,0,0,0,0,0,0,0,0,0
"b5c664a0164d4208088951904ee2836c",0,0,0,0,0,0,0,0,0,0,0,0,0,0,0,0,0,0,0,7,0,0,0
"b5fb6f373519b2f45cb92a5e666fd7fe",0,0,0,0,0,0,0,0,0,0,0,0,0,0,0,0,0,0,0,0,0,1,0
"b5fd0af569ea82ad37f26368d4b62ca9",0,0,0,0,0,0,0,0,0,0,10,0,0,0,0,0,0,0,0,0,0,0,0
"b6a91c19a4fe996af94d5841a4e21e42",0,0,0,0,0,0,0,0,0,0,0,0,0,0,0,0,0,0,0,0,2,0,5
"b704e8b262581e66feeb69ffbfb40916",0,0,0,0,199,0,0,0,4,0,0,0,0,0,0,0,0,0,0,0,0,0,0
"b7bf33cc5e2849032c33db0d45a24111",0,0,0,0,0,0,0,0,0,0,0,0,0,0,0,0,0,0,0,0,0,14,0
"b8b95d720c32275a5e15a0061166143c",0,1,0,0,0,0,0,0,0,0,0,0,0,0,0,0,0,0,0,0,0,0,0
"b8bdb08e00c58b0357c86a766da0c25f",0,0,0,0,0,30,0,446,0,0,0,0,0,0,0,0,0,0,0,0,0,0,0
"b8ddb236179b77759fd15a920aed8534",0,0,0,0,0,0,0,0,0,0,0,0,0,0,0,0,0,0,0,2,0,0,0
"b995fdb4ff67c22176ea2845c3b4b27e",0,0,0,0,0,0,0,0,0,0,0,0,0,0,0,0,0,1,0,0,0,6,0
"ba2d82ee9bea738227c60139f8e1b4d7",0,0,0,0,0,3,0,0,0,0,0,0,0,0,0,0,0,0,0,0,0,0,0
"ba7c9356eceed18354e4ab587172fab8",0,0,0,2,0,0,0,0,0,0,0,1,0,0,0,3,0,0,0,0,0,0,0
"bb6ccf76f7a1b278da9ebdfd8ecb9799",0,0,0,0,0,0,0,0,0,0,4,0,0,1,1,5,0,0,0,0,0,0,0
"bbb724d663f39ce2ff3305ae12f801cc",0,0,4,2,0,0,0,0,0,0,0,0,0,0,0,0,0,0,0,0,0,0,0
"bbfc412e61b83ccf64d8fe364c108734",36,15,0,54,9,0,0,0,2,5,44,9,8,7,26,1,5,29,0,9,0,24,0
"bc2dca03830ac4d471db3c64ead32c0f",0,0,0,0,6,0,0,0,0,0,0,0,0,0,0,0,0,0,4,0,0,0,16
"bc710dee36909e63c516a2db6d0bff54",0,0,0,0,0,5,0,0,0,0,17,0,0,0,0,0,0,0,0,0,0,0,0
"bdbf9620abef81d5535fa6a99a39d7c4",0,0,0,0,0,0,0,13,0,0,0,0,0,0,0,0,0,0,0,0,0,0,0
"bded31028216c330ef8d9da793bdc6b7",0,0,0,0,0,0,0,0,0,0,0,0,0,0,0,0,0,0,0,0,0,1,0
"be44ca7830cb0eabfb800a5a67a6a756",0,0,0,0,0,0,0,0,0,0,0,0,0,0,0,0,0,0,7,0,0,18,0
"be680834665e260188aa9a1ae9b19746",0,0,0,55,2,0,0,0,0,0,0,0,0,0,0,0,0,0,0,0,0,0,0
"be81e9534f64bf6d7cc665fa0d02ba3c",2,4,2,59,3,0,2,32,5,30,2,0,1,0,4,0,5,5,17,2,4,1,0
"bea64cae41a783ff2a13ab83b663c71a",15,3,1,0,0,0,0,0,30,6,0,0,0,2,0,0,5,0,0,0,0,0,55
"bf7326383717cca9aeafae12f004a3d1",0,0,0,0,0,1,0,0,0,0,3,1,2,0,0,0,0,2,0,3,0,2,1
"bfcdb25a294b0ef84e964f4f9d964a94",0,0,0,0,0,1,2,113,0,29,0,19,1,0,0,2,0,0,0,96,24,4,25
"c095e950ddbcef69b303a112a80551e9",0,0,0,0,0,0,0,4,0,0,0,0,0,0,0,0,0,0,0,0,0,0,0
"c0b6b4a2f75bd44a73733e9e15c44eb0",0,0,0,0,0,3,0,5,0,0,0,0,0,0,0,0,0,0,0,0,0,0,0
"c0df105a43db9827405a3c4d652c16da",0,0,405,0,344,21,1443,0,0,0,0,24,0,0,324,0,0,254,0,63,0,136,0
"c2ee2c7c136154a676840ec23002d034",0,0,0,0,0,0,0,0,0,0,0,6,0,0,0,0,0,0,0,5,0,3,0
"c354ef460023df4e2f6da07df4f6b7b8",0,0,0,0,0,0,0,0,0,0,0,0,0,0,205,0,0,0,0,0,0,50,0
"c379a58c1e9a614264fc7359907465d5",0,0,0,56,0,0,0,0,0,0,0,0,0,0,0,0,0,0,0,0,0,0,0
"c37e673f2d76f2674e84c67397c47362",0,0,0,0,0,0,0,0,0,0,0,0,0,0,0,0,0,0,0,7,0,0,0
"c3a5aa8e580ba49872d77c9b351d2dac",0,0,0,2,20,0,0,0,0,0,0,0,0,0,0,0,6,0,4,0,0,0,18
"c3ca415256b58b57050a8dcf1d01b4e9",1,0,2,9,0,0,0,0,0,0,2,5,0,18,2,3,0,5,0,0,0,0,19
"c595a6f3431803bf7101317fd85ec23b",0,32,0,0,0,0,0,46,0,0,0,2,0,0,0,0,1,0,0,0,0,0,0
"c6292261aef296d5088023149bb308e4",0,30,0,0,0,0,0,0,0,0,0,0,0,2,0,0,0,0,0,0,0,0,0
"c665678f66dbac187747d21fad41ee92",0,0,0,0,3,0,0,0,0,0,0,0,0,0,3,0,0,0,0,0,0,0,0
"c6735b6edc8917ab7e280e7166d01d24",0,0,0,0,0,0,0,0,0,0,0,143,0,0,0,0,0,0,0,1,0,0,0
"c6a814659d35e3b3db5f065838992a6f",0,0,0,0,0,0,0,0,9,14,0,0,0,0,0,0,0,0,0,0,0,2,0
"c6af86d8a6dba2b7ae3e3604d81b7b14",0,0,0,0,0,0,0,0,0,0,0,0,0,0,2,0,0,2,0,0,0,0,0
"c6b49038d3b098bb0f399566cc25cc91",0,0,0,0,0,0,0,0,0,0,0,0,0,0,0,0,0,0,0,0,0,0,306
"c6cf1b9fe242ff77e83f88faeff1a309",0,7,0,0,0,0,0,0,0,0,0,0,0,0,0,0,0,0,0,0,0,0,3
"c72b6260bfc0ae68d94af86d1adabbc6",1,0,0,0,0,0,0,0,0,0,0,0,0,0,0,0,0,0,0,0,0,0,0
"c72be7befb629450a3b5baae4886ec08",0,0,0,0,3,0,0,38,0,0,0,0,0,0,0,0,0,0,0,0,0,0,0
"c7aebe3ff00d1b27d95056b2bfc18738",3,0,0,0,0,1,0,0,0,0,0,0,0,0,0,0,0,4,0,0,0,0,0
"c7e0d0ec7db5ff6b347c3c4e24d0adc7",0,0,0,0,0,0,0,0,0,2,0,0,0,0,0,0,0,0,0,0,0,0,0
"c90056b1d6ca34743ae4c67201246ef3",0,3,0,0,0,0,0,0,0,0,0,0,0,0,0,0,0,0,0,0,0,0,0
"cabbe72bb85bda9646b88fde34da279b",0,0,0,2,0,0,0,0,0,0,0,0,0,0,0,0,0,0,0,0,4,0,0
"cbc4c77e61ae22c1dc6c41c6fa7af4db",0,9,0,4,0,0,0,8,12,0,32,0,0,0,0,0,0,0,26,50,175,9,0
"cef8e806ec2c356ef855d125dc2cd450",0,0,2,0,0,0,0,0,0,0,1,0,0,0,0,0,0,0,0,0,0,0,1
"d22dc2ed01f268d23d703ba6d071cfa8",0,0,0,0,0,0,0,0,0,0,1,0,0,0,0,0,0,0,0,0,0,0,0
"d2a3b0bff7e77e696d61747db220e5eb",0,0,0,0,0,0,0,0,0,0,0,0,3,0,0,0,0,0,0,0,0,0,0
"d2d8b3ccf8555daa03d97a53e45b5dce",0,0,0,0,0,0,0,0,0,0,0,2,0,0,0,0,0,3,0,0,0,0,0
"d35d7dc070eabaf10449c3d2f3c7eec7",0,0,0,0,0,0,0,0,0,0,0,0,0,0,0,0,0,6,0,0,0,0,0
"d433dc4aa91bc9daa5f53f5ec5a21684",0,0,335,0,0,0,0,0,0,0,0,0,0,0,0,0,0,0,0,0,0,0,0
"d4d9771fe0358dd948e57c8ff370f09d",5,0,0,0,0,0,0,0,0,0,2,0,0,0,0,102,0,0,0,0,0,0,0
"d6a1f0a127d0ac180c9d664b35e33ab3",0,0,0,0,0,0,0,0,0,0,9,5,1,0,1,0,0,0,0,5,0,0,0
"d6bfb4a12ae37cc3afa209f64b766bdb",0,0,0,0,0,0,0,0,0,0,0,0,0,0,0,0,0,0,0,4,0,20,0
"d7315406243f027434aca910cd338079",0,7,0,0,0,0,0,0,0,0,0,0,0,0,0,0,0,0,0,0,0,0,0
"d8fb9ae030e1b8c35452cd8897bcfa19",0,0,0,0,0,0,0,0,0,0,7,0,0,0,0,0,0,10,0,0,0,0,0
"dbdb7d1a9ec4974f8f96e098e217f634",0,0,0,0,0,0,0,0,0,0,0,1,0,0,0,0,0,0,11,0,0,1,385
"dc5ac199611ad073cea7d415053b11af",0,0,0,0,0,0,0,0,0,0,0,0,0,0,0,0,0,0,0,0,0,0,1
"dce68d8fbd7a541292061bc03fe59ebc",0,0,0,0,0,0,0,0,0,0,0,0,0,0,0,8,0,0,0,0,0,0,0
"dce8b1925b694a5ef1fc33ba196718e4",0,0,0,0,0,0,0,0,0,0,0,0,0,0,4,0,0,0,0,0,0,0,0
"dd48440e364f7cbd4a59efb70de4c998",0,0,0,1,12,0,0,0,0,0,0,0,0,0,0,0,0,0,7,0,0,0,0
"dd7008e8576eac2369d61ea6be4201f9",0,0,0,0,0,0,0,0,0,0,0,0,4,0,0,0,0,0,0,0,0,0,0
"de4ed0bff88b2c77a9af8bdf38b1f1e3",2,1,0,0,0,0,3,0,3,0,6,0,0,0,0,0,0,0,0,0,6,0,0
"de6dfa90142f537868169167ee3c97e9",0,0,0,0,0,0,0,0,0,0,0,2,0,0,0,1,0,0,0,0,0,0,0
"de9be834fc7b42169a00cab2af100d2f",14,12,0,15,0,1,0,2,0,1,7,0,4,0,0,0,0,4,0,0,3,5,0
"df01d553195b33509cf4594ce7b8894e",0,0,0,0,0,0,0,22,0,0,0,0,0,0,0,0,0,0,0,0,0,0,0
"df22ac41e91b9ac5d229ad84dc14798f",0,0,0,0,0,0,0,0,0,0,0,0,0,0,0,0,2,0,0,0,0,0,0
"df6db658374ba5841f425b150678f239",0,0,0,1,0,1,0,0,0,0,0,0,0,0,0,0,0,0,0,0,0,0,0
"e1102aa8497f7a776bad1c8e79814f7a",0,2,0,1,1,15,0,0,2,2,0,0,0,0,0,0,5,2,0,0,0,0,0
"e164bdd76758ba8773463f96042e87e2",0,39,0,0,0,0,0,0,0,0,0,0,0,0,0,0,1,0,0,0,0,0,0
"e18c0d4bf0c07e5e3e8f04588a85df34",0,0,0,0,0,0,0,0,0,0,0,0,0,0,0,0,0,0,0,0,2,0,0
"e2a60e010fb4882be69866ada882906f",0,1,0,0,0,0,0,0,0,0,0,0,0,0,0,0,0,0,0,0,0,0,0
"e2d150360a90b0d8a7f90e6425837baa",0,2,0,0,0,0,0,0,0,0,33,0,47,134,43,0,0,0,0,0,0,0,0
"e2dd0ac420b337cc4905a4afe63b3037",0,3,0,0,0,0,0,0,0,0,0,0,0,0,0,0,0,0,0,0,0,0,0
"e3c6350116bb9cc1123d04dd4d802288",0,0,0,0,0,0,0,0,0,0,0,0,0,0,0,0,0,0,0,0,0,0,1
"e4bb6d30f5c4b7293c6b4583634f7724",13,7,0,21,1,0,0,2,0,73,10,4,7,1,6,0,4,13,18,8,10,12,6
"e558755bda4c68b9947e37aeb4e2010e",0,3,0,0,0,0,0,0,0,0,1,0,0,1,0,1,0,0,0,0,0,0,0
"e5682e86239a3955624c619135927dbc",0,14,0,0,0,0,0,46,0,0,0,0,0,0,0,0,0,0,0,0,0,0,0
"e597ccfe45843414575081e1a9473fc3",0,0,0,0,0,0,0,0,0,0,0,0,0,0,0,0,0,0,0,0,0,1,0
"e653d2072a0ba5d211f3efa7fa2666b8",0,0,0,0,0,0,0,0,0,0,0,0,0,0,0,0,0,0,0,0,0,1,0
"e6e034127a1cbf8588a1c4692ccd15db",0,0,0,0,0,0,0,4,0,0,0,0,0,0,0,0,0,0,0,0,0,0,0
"e70453a9ca859e98820cc90884b2cd3b",0,0,0,0,0,0,0,0,6,0,0,1,0,0,0,0,5,0,0,0,0,0,0
"e70be14b59b96b60426f8ccf4ccb9899",2,0,35,75,28,0,4,6,52,0,18,6,6,22,11,2,3,12,36,12,9,13,83
"e746b3149463dd60cbdb1e685c0e93db",0,0,0,0,0,0,0,0,1,0,0,0,0,4,0,0,0,0,0,1,2,2,0
"e809e7ca4542f28b1cb68aaf7ed7bf16",0,0,0,0,0,0,0,0,0,0,0,0,41,0,0,0,0,0,0,0,0,0,0
"e80fc88b1e7f9bf15ed3154e66f45c59",0,0,0,0,0,0,0,0,0,0,12,0,0,0,0,0,0,0,0,0,0,0,0
"e843c4b4c8c564d48fc56608ff2a61c6",0,80,13,0,0,7,0,14,0,18,104,7,0,0,5,54,13,0,13,2,117,23,44
"e8be8273c24834ca59aac18e88774862",0,0,0,0,4,0,1,0,0,0,0,0,4,0,1,0,0,0,0,5,0,21,0
"ea8e740f398f46ed51e2583f8d4c3dff",0,4,0,0,0,1,0,0,0,2,0,0,0,0,0,0,2,0,0,0,0,1,0
"eaeb39796ac186f4f0de98502ccb5189",0,2,0,0,0,0,0,3,0,0,0,0,0,0,0,0,0,0,0,0,0,0,0
"ebc88bd81b8ffa82363b5a1e4e6004d1",0,0,0,0,0,0,0,0,0,0,0,0,0,0,0,0,87,0,0,0,0,0,0
"ebd36b4d49f39fc3767575b66c4a2ad6",0,0,0,0,0,0,0,0,0,0,0,251,0,0,0,0,0,0,0,0,0,0,0
"ec24a0ea221098dafcfd4855eb9d87b3",0,0,0,0,0,0,0,5,0,0,0,0,0,0,0,0,0,0,0,0,0,0,0
"ecb888110a65a4747faf1444f3c07fe9",0,0,0,0,0,0,0,0,3,0,0,0,0,0,0,0,0,0,0,0,0,0,0
"ee827df34d1e79d2abef5c563ea7d155",12,28,4,101,3,1,11,50,161,46,8,1,3,1,55,3,25,8,23,6,32,10,11
"f0d2a7581c4bd7f58692d33441b0136e",0,0,0,0,0,140,0,67,0,0,0,0,0,0,0,0,0,0,0,0,0,0,0
"f10465c7f7c8e2c5977d5855616345f2",0,0,0,0,0,0,0,0,0,0,0,0,0,0,0,0,0,0,0,0,0,0,1
"f141e81a0a9c078c09a99c555323063b",0,0,0,0,0,0,0,0,0,0,0,0,0,0,0,0,0,2,0,0,0,0,0
"f1b29b94321a719dd484190f18837442",0,0,0,2,0,0,0,0,0,0,0,0,0,0,0,0,0,0,0,0,0,0,0
"f2c76dca0b6749e7ad74cd8d6a94779e",0,0,0,0,0,0,0,14,0,0,0,0,0,0,0,0,0,0,0,0,0,0,0
"f3c67ba0c408a8f7844d603910d8a263",0,0,0,0,0,2,0,0,0,0,0,0,0,0,0,0,0,0,0,0,0,0,0
"f413858fbdf000bc77863ebd85937e8e",0,0,0,0,2,0,0,5,1,2,0,0,0,0,0,0,1,0,0,0,0,0,0
"f4630353c2f4d344e85e7d64c73daa3a",0,0,0,1,0,0,0,0,0,0,0,0,0,0,0,0,0,0,0,0,0,1,0
"f4c822bf3ab51014221fca7022ca3351",0,0,0,0,1,0,0,0,0,0,0,0,0,0,0,2,0,0,0,6,0,0,30
"f51dbad5017c05d57855a21926bfe568",0,0,0,3,0,0,0,0,0,0,0,0,0,0,0,0,0,0,0,0,0,0,0
"f7c46d8b4100b5f92040dfbb279fad6c",0,0,0,0,0,0,0,3,0,0,0,0,0,0,0,0,0,0,0,0,0,0,0
"f968f1c03ed958403c04c5f8d076a3a3",0,0,0,0,0,0,0,0,0,0,0,0,0,11,0,0,0,0,0,0,0,0,0
"fa704dd14a06b0791eda86161dd260b1",0,8,0,0,0,0,0,0,0,0,0,0,0,0,0,1,0,0,0,0,0,0,0
"fb0ab617a4bec7d7956ec643385518a0",0,0,0,3,4,0,0,0,1,0,29,3,1,1,11,0,1,4,0,4,0,0,0
"fb19621368814e7b77c321684e0f7358",0,0,0,3,0,0,0,0,0,0,149,27,6,7,0,0,13,1,6,1,15,7,28
"fb57ce6e6e5fee8e61bee068c701b65d",1,1,0,0,0,0,0,0,0,0,0,0,0,0,0,0,0,0,0,0,0,0,0
"fb82c0b1733200ee85bd9c562b4c096b",0,0,15,0,0,0,0,3,0,0,0,0,6,0,0,0,0,0,0,0,1,0,0
"fc3c54214ffdcf450b6c1c8766d5e4d0",0,0,0,0,2,226,0,0,0,0,0,1,0,0,0,0,0,0,0,0,0,0,0
"fc5e2a0e71bb7025d2af2864bff26784",0,0,0,0,0,0,0,0,0,0,0,0,0,0,0,0,0,0,1,0,0,0,0
"fca962888b6117b6e26eeb06d309a4c7",0,0,0,0,0,0,2,0,0,2,0,0,0,0,0,0,0,0,0,0,0,0,0
"fe290e7cb731760d74c04b4df1af9a9b",0,0,0,0,0,0,0,0,0,0,0,0,0,0,0,0,0,0,0,0,0,0,2
"ff845e1a352363161773e5c3884e5990",0,0,7,0,44,0,0,0,0,0,0,0,0,0,0,0,0,0,0,0,0,0,0
"ffac7c143f58801919633f0447bf30f0",0,0,0,0,0,0,0,0,0,0,0,0,0,0,0,0,0,0,0,0,66,0,0
