"","HPC1521","HPC1522","HPC1524","HPC1525","HPC1526","HPC1527","HPC1528","HPC1529","HPC1531","HPC1532","HPC1533","HPC1534","HPC1536","HPC1539","HPC1540","HPC1541","HPC1542","HPC1544","HPC1546","HPC1547","HPC1549","HPC1550"
"00832a3584b7b6a7974ad9794d181080",0,0,0,0,0,0,0,0,0,0,0,0,1,0,0,0,0,0,0,0,0,0
"00b9f7cfaad6714a0a740d4a6d92c2e7",0,0,0,0,0,12,0,0,0,0,0,0,0,0,0,0,0,0,0,0,0,0
"00db141e7cf1c2a9de519b6703d3301a",8,0,0,0,0,0,0,2,0,4,0,0,0,0,0,0,0,0,0,0,0,0
"0185932c3c7166d85ef932de1b14cfe1",2,0,0,0,0,0,0,0,0,0,0,0,0,0,3,0,0,0,0,0,0,0
"02b1f2a0da8827e721e10015f98811e6",0,0,0,0,0,0,0,0,0,0,0,0,0,1,0,0,0,0,0,0,0,0
"02e3e0f0b94e50ef2d8644a57ba5f466",0,0,0,0,0,0,0,0,5,0,0,0,0,0,0,0,0,0,2,0,0,0
"033f5bd5245fd93273db013ecfaf1fb0",0,49,0,0,33,0,0,0,0,0,4,0,0,0,0,0,0,109,0,0,0,4
"035bcd1d9af45acab031b1b03fdb7aac",0,0,0,0,0,29,0,0,0,0,0,8,0,0,0,0,0,0,0,0,0,0
"0439d6960acb7b6a6f194f6396f3cc1d",0,0,0,2,0,18,0,0,0,0,0,0,1,0,0,2,0,0,0,0,0,0
"05af9519d853e5639f9b6b44467282fe",0,0,0,0,0,0,0,0,0,6,0,0,0,2,0,0,0,0,0,0,4,0
"069f183ab5a5cf8d67d73bc695809c6b",0,0,0,0,72,129,32,4,0,0,0,0,0,0,0,0,0,0,0,0,0,0
"06e93a1ef1306c65d6e2a68a039d0039",0,0,0,0,0,0,0,0,0,0,0,0,0,5,0,9,0,0,0,0,1,5
"06fbddb56fbc5b3ca6e2b71ea921bd50",3,0,6,0,0,0,0,0,9,0,0,3,0,12,3,0,0,0,0,2,0,4
"0837b657c1d1f43f280ef2435311c939",0,0,0,1,0,0,0,0,0,0,0,0,0,0,0,0,0,0,0,0,0,0
"088afd5a3a18b602d8b1603556719420",0,0,0,0,0,0,0,0,0,1,0,0,0,0,0,0,0,0,0,0,0,0
"08ca358ce38892e235f7054771e57b93",0,0,0,0,0,0,0,0,0,0,0,0,0,12,0,0,0,0,0,6,0,0
"0a1262599880334ac4fefda22d067519",0,0,1,0,0,1,1,0,0,0,0,0,0,0,1,0,0,0,2,0,0,0
"0a55820148562eef7c47af5ab05610b8",0,19,10,17,14,18,12,2,1,11,0,0,6,0,2,4,12,1,0,11,18,4
"0a7fe3595e40caeafecb26f55ecf526d",0,0,2,8,3,0,0,0,0,0,0,0,0,0,0,0,0,0,0,0,0,0
"0b19538c4616c2e4675c64cbf73a3372",2,1,0,0,13,0,6,3,9,19,0,3,2,0,7,0,0,0,0,2,1,14
"0b4aa7d9505c525678f6cf1f3501d951",0,0,0,0,0,0,0,0,0,0,0,0,0,0,0,0,0,0,0,1,0,0
"0d136193a495427b25467923bbf469bd",95,0,0,0,0,0,0,0,0,0,0,0,60,0,0,2,2,0,6,4,0,0
"0d64e0170fd5c43d58714adb75f53603",0,0,1,0,3,0,0,0,0,2,0,0,0,0,0,0,0,0,0,0,0,0
"0f1b44d6e53647c4c9335b8701cc4314",0,0,0,0,0,0,0,0,0,1,0,0,0,0,0,0,0,0,0,0,0,0
"0f29aec4e7dafdd70a57ac1e3c3f6dcf",0,0,0,0,0,0,0,0,0,0,5,0,0,0,0,0,0,0,0,0,0,0
"0f5c88a54d6007485912717d5bafb999",6,0,0,0,0,0,0,5,0,2,0,0,0,0,0,0,0,0,0,0,13,9
"10682ee1eb9e040a49b00b35f5920015",0,0,0,0,0,1,0,0,0,0,0,0,0,0,0,11,0,0,0,0,0,0
"10839859eac5ca8431ee848d9f00803f",0,0,0,0,0,0,0,0,0,0,0,0,0,0,0,0,0,0,0,0,7,0
"10e5f4a0a45782e74568a9ed32c54bbe",0,0,0,1,0,0,0,0,0,0,0,0,0,0,0,0,0,0,0,0,0,0
"128a7930b5f5e4376c85a4d10e619b67",0,0,117,0,0,0,0,0,0,0,0,0,0,0,0,0,0,21,0,0,0,0
"128ed17cb7931cd03f546d81102936b6",3,0,1,5,0,0,0,0,6,7,0,0,5,0,7,0,0,0,2,0,0,0
"13a47711ff7b06937abe13f51ea57202",0,0,0,9,0,0,0,0,0,0,0,0,0,0,0,0,0,0,0,0,0,0
"13eafc60002a2def40a44cadba71a4af",0,0,0,0,0,0,0,0,0,0,0,0,0,3,0,0,0,0,0,0,0,0
"14e02c3f063caa94b0cc4cd379e48340",0,0,0,0,0,15,0,0,0,0,0,0,0,0,0,0,0,0,0,0,0,0
"157a3ae68f649aa19985b36aeb2b5cc6",0,0,0,0,0,0,0,0,0,0,0,0,0,0,0,1,0,0,0,0,0,0
"16f020830e952b571bc6361e7506bdc6",0,0,0,0,0,0,0,0,0,0,0,3,0,0,0,0,0,0,0,0,0,0
"17332728e59dc0a6d6015eb75b324a49",0,0,0,0,0,0,0,0,3,0,11,0,14,18,0,0,0,4,0,0,0,0
"1865baa970105b9d8ae8063fb9ba26bd",0,0,0,0,0,0,0,0,0,0,0,0,0,0,0,0,0,0,0,0,2,0
"18cadcffaff74a9880cf0d2b09896f19",0,55,0,0,19,3,0,0,0,0,0,0,0,0,0,68,0,46,0,0,0,0
"18f5d3b57312818fb6393f179543950c",0,0,0,0,0,0,0,0,0,0,0,0,0,0,0,3,0,0,0,0,0,0
"1985cd54ab819b16fedcef9dc1aa435a",0,0,0,0,0,0,0,0,0,0,2,2,0,0,0,0,0,0,0,0,0,0
"1aca3264ec91d514a4c11c3cb321f3e0",0,0,0,0,0,0,0,0,0,0,4,0,0,0,0,0,0,0,0,0,1,1
"1ade5f532df56f5ca93c079f16f61dfc",0,0,0,0,0,0,0,0,0,0,0,0,0,4,0,0,0,0,0,0,0,0
"1b008844ab1e1200398d3a38eeafcf19",0,0,0,8,0,0,0,0,0,0,0,0,0,0,0,0,0,0,0,0,0,0
"1b74fe0dc73b1a4a18640db200b5f78d",0,0,0,0,0,0,5,0,0,0,0,0,0,0,0,0,0,0,0,0,0,0
"1bfac9024b73f6407173a808838dfa94",1,0,0,0,0,0,3,0,1,0,0,0,8,5,5,0,0,2,3,31,0,3
"1c2c4481171be567789843de77e41d11",0,0,0,0,0,1,0,0,0,0,0,0,0,0,0,0,0,0,0,0,0,0
"1cd3f843ddb7b340d7edf5da668a648e",0,0,0,0,0,0,0,0,0,0,1,0,0,0,3,0,0,0,0,0,0,0
"1d5db8b43506538dc873100dbf1babe9",0,0,0,0,0,0,1,0,0,0,0,0,0,0,0,0,0,0,0,0,0,0
"1f41f115cb405f2ac7a1db6f0d47013a",0,0,0,0,0,0,2,0,0,0,0,0,0,0,0,0,0,0,0,0,0,0
"1f42e59f79bfc8aa12bf8282c35787eb",0,0,4,0,0,0,0,0,0,0,0,0,0,0,0,0,0,0,0,0,0,0
"2031af0ed6bc6004eb969e62bd0624b4",0,45,0,10,8,106,0,0,0,0,0,0,2,0,0,0,0,1,0,0,0,0
"207647183ba0333a1ed361c02ea50d0f",0,1,0,0,0,0,0,0,0,0,0,0,0,1,0,0,0,0,0,0,0,0
"22bfdf922188ba93ee555cd3a5ac5d48",0,0,0,0,0,0,0,1,0,0,0,0,0,0,0,0,0,0,2,0,0,0
"24791d3d91858737c317d435d768b6aa",0,0,0,0,0,0,0,0,0,0,0,0,0,1,0,0,0,0,0,0,0,0
"2581bcf75073c372b9f2c2ac8eac998c",0,0,0,0,0,1,0,0,0,0,0,0,11,4,2,0,0,0,2,0,3,6
"259933104865d0181d7a213e14fa6a24",0,0,14,0,45,0,0,0,43,21,14,31,0,0,48,19,0,6,8,57,0,0
"261935bf4d4df64dc9206ab7ccfd645e",0,1,0,0,0,0,5,0,0,0,0,0,0,0,2,0,0,1,0,0,0,0
"2628bc3ce0449352d3090092eba9ebc8",22,0,1,11,0,0,4,0,3,0,45,4,14,18,16,2,8,20,10,0,4,2
"26ba00ca8357396d16b94d11255d71ab",0,0,0,0,0,0,0,0,0,0,0,0,0,0,0,0,2,0,0,0,0,0
"26f339506d88e7b057613ee1c5bc510d",0,0,0,0,0,0,0,0,0,0,0,0,0,0,0,0,0,0,0,0,2,0
"2826584c4dae42748e6c34f9a192d6ab",0,0,0,2,0,0,0,0,0,0,0,0,0,0,0,0,0,0,0,0,0,0
"2835e6b3ed880a518c4a7cc45aa2492d",0,0,0,0,0,0,0,0,0,0,0,1,0,0,0,0,0,0,0,0,0,0
"28e91c45b68e92c4db0daafed17a5974",0,0,0,0,0,0,0,0,0,0,0,0,0,0,0,0,0,0,1,3,0,0
"28e992ec5957c74684c8c65b46202f97",0,0,0,0,0,0,0,0,0,0,0,4,5,5,0,0,0,0,0,0,0,10
"294c35db4390d1600746650117e063d0",0,0,0,0,0,0,0,0,2,0,0,0,0,0,0,0,0,0,0,0,0,0
"29670356fdb03864e33ec98c626a9af7",0,0,0,0,0,0,0,0,0,0,0,0,140,0,0,0,0,0,0,0,0,0
"29d9af249d83e5fc67054ff02cbce1c4",0,0,0,0,0,0,0,0,0,0,0,0,1,0,0,0,0,0,0,0,0,0
"2c03065f3acff133c9c05e0488a8e458",0,0,0,0,0,0,0,0,0,0,0,0,0,7,0,0,0,0,0,10,0,0
"2e10669d21778c6c943dd10801ceb60a",4,0,0,0,0,0,0,0,0,0,0,0,0,0,0,10,0,0,0,0,0,0
"2e9647a26f7602fa1bfeb52e4b5f74f1",0,1,0,0,0,15,0,0,0,0,0,0,0,0,5,0,0,0,0,0,0,0
"2eb343cdd4e7f8194270bddb086b9f60",0,0,0,0,0,0,0,0,0,0,0,0,0,0,0,0,11,0,0,0,0,0
"2f37611fbd002402d0d7bc5694578944",0,0,0,0,0,0,73,6,0,0,0,0,11,0,0,0,0,0,0,1,7,0
"2f49610f9b40af4a510bd644f3efad4b",17,0,4,0,0,3,0,0,0,2,4,4,7,0,8,0,7,1,0,0,3,2
"302c25410e905a32fac3f59019a52c7a",0,0,0,0,2,0,0,0,0,0,7,0,7,0,0,0,0,0,9,0,0,0
"308db9e0f58aaa4a5072c87ce354b201",0,0,0,0,0,40,0,0,0,0,75,562,0,0,0,0,0,0,0,0,0,0
"30e3d72fcbd951def5a57611527d2a91",47,9,2,5,19,15,18,16,0,10,33,0,12,153,11,55,61,4,0,14,15,0
"325553effac2caa0a5684f0650893e49",0,0,0,0,0,0,0,1,0,0,0,0,0,0,0,0,0,0,0,0,0,0
"3262a7e70e1dd963244d1d00a2b9281a",2,42,2,2,143,4,5,3,22,11,10,0,0,22,2,68,27,13,44,2,21,7
"33139768b30a93b2f0d625bdb4d526fb",0,0,0,0,0,0,0,0,0,0,0,0,0,0,0,0,0,0,0,0,0,3
"33821016e68ce838bdff3bcb57daf11b",0,0,0,0,0,0,6,0,0,38,0,0,0,4,0,0,0,5,0,0,0,0
"338c1b853eb62521e948eea620bd694e",0,0,0,22,0,0,0,0,0,0,0,0,0,0,0,0,0,0,0,0,0,0
"34b2939e001a1f713f24adcefc147785",0,0,0,0,0,0,0,0,0,21,0,0,0,0,0,0,0,0,0,0,0,0
"355467c1358ae54626efbeb1ede7dc0d",0,0,1,0,0,0,0,0,0,0,3,0,0,0,0,0,0,0,0,0,0,0
"372aa8ddf93db7b85700356435339e4e",0,0,0,39,0,1,0,0,0,0,0,0,0,0,0,0,0,0,0,0,0,0
"37a735a589da0a94a2ba7b17f800101d",0,0,1,2,0,0,0,0,0,8,18,3,13,7,3,3,0,2,0,0,0,6
"385a1ba4cef54506cb0123b81c9d802a",45,43,0,0,1,9,0,0,23,63,4,9,0,0,0,0,0,71,1,92,64,12
"3889c757cbbb522208de62cf9892f10b",0,4,0,0,0,0,0,0,0,0,0,0,0,0,0,0,0,0,0,0,0,0
"38ccc9b4b8603b38469c32ab1a7a2c24",0,0,0,64,0,0,0,0,0,0,0,0,0,0,0,0,0,0,0,0,0,0
"3990019a6040874110a72374eb15b139",0,0,0,0,0,0,0,0,0,0,2,0,10,0,0,0,0,0,0,0,0,4
"3a579e8e269f7d3f67a4a99df65de414",5,0,0,0,0,0,0,0,0,0,0,0,0,0,0,0,0,0,0,0,0,0
"3b5f068b98a24ea8ffab161509da4856",0,0,0,3,0,0,0,0,0,6,0,0,0,1,0,0,0,0,0,0,0,0
"3d20d8db719d878b97ac7b9c02a1831c",0,0,0,0,0,0,0,0,4,0,0,0,0,0,0,0,0,0,0,0,0,0
"3d7fd8a1b7c690baeb988682bbbd1a64",0,0,2,0,0,0,0,0,0,0,0,0,0,0,0,0,0,0,0,0,0,0
"3dac25508f59b0bf239ba3b61d53e4ed",0,0,0,0,0,0,2,0,0,0,0,0,0,0,0,0,0,0,1,0,2,1
"3e70d124741af565e6195ad7f1827a22",1,0,0,2,0,0,0,0,0,4,0,0,0,0,0,0,0,0,0,0,0,0
"3ed42a2a6a97d92ca05a9def60ae129a",0,0,0,0,0,0,0,0,0,0,0,0,0,0,3,0,0,0,5,0,0,0
"3f1c593b98dc141b1801a6df5011ba26",0,0,0,0,0,0,0,0,0,0,0,0,0,0,0,0,0,0,2,0,0,0
"41152e8a5f5f452a0b48ae0be59bbf64",0,6,0,0,0,0,13,0,0,0,3,0,0,0,2,0,15,0,0,19,0,0
"419648a41ef62253417f790b972dd986",0,0,0,0,0,0,0,0,50,0,0,2,0,0,0,0,0,0,0,0,0,0
"4243d90941dd5826c6601bd0d628e752",0,5,0,0,0,0,0,0,0,3,0,0,0,0,0,0,0,0,2,0,0,0
"42b4289a186720dc6f14f36c4872aa65",0,0,0,0,0,0,0,0,0,0,0,0,0,0,1,0,0,0,0,0,0,0
"42f44f2edb9c0e7410229cd2b8495308",0,0,0,0,0,0,0,0,0,0,0,0,0,0,0,0,1,0,0,0,0,3
"42f6f0a22e628bb23bc824261f91e871",2,0,0,0,0,0,0,0,0,0,0,0,0,0,0,0,0,0,0,0,0,0
"439fb76ecd2ef62e3fd2fec870c71578",0,0,0,0,0,0,0,1,0,0,0,0,0,0,0,0,0,0,0,0,0,0
"43c0c64b0402e054e33ce01f58675500",0,5,0,0,0,0,0,0,3,0,0,0,0,0,0,0,0,0,0,0,0,0
"44d03b7de750db6268d79bf3b7b3f565",0,0,1,0,7,0,0,0,1,0,49,0,14,0,0,0,0,0,0,0,0,0
"472e9fd93d7defe466417b5169bd6a50",0,8,0,0,0,0,0,0,2,0,0,12,0,0,0,0,0,0,0,0,0,0
"474958a0926828720ab070eea123ccac",0,0,0,0,0,0,0,0,0,0,0,0,0,0,0,0,0,1,0,0,0,0
"47cdae9ae61c63c2a74fd0f1f322a096",0,0,0,0,0,0,0,0,0,0,0,0,0,4,0,0,0,0,0,0,0,0
"489855189d9686629879eb3ede9486f8",396,91,577,197,26,150,14,8,0,3,0,236,28,33,0,7,152,489,3,402,0,106
"498360bf0e3bea63817172cc8e57f786",0,0,0,0,0,0,0,0,0,0,0,0,0,0,0,0,0,0,0,0,0,2
"499b187b1bfd265489cfda4b4cb4d8c7",0,0,0,2,0,1,0,52,0,0,0,0,0,0,0,0,0,0,0,0,0,0
"49c74be7fb4009b028640abfa37a87b4",0,0,0,0,0,0,0,0,0,0,0,0,0,0,0,0,0,0,0,0,4,0
"4a46814357f11ab6347f1fc0b35bfb21",0,0,0,0,0,0,0,3,0,0,1,0,0,7,0,0,0,4,0,0,5,0
"4aa24e7a15922e1b6971014a2889877d",0,0,0,0,0,0,0,2,0,0,0,0,9,0,1,0,0,0,0,0,0,0
"4bade005242553b6a45563dd3e5401ef",0,0,0,0,0,0,0,0,0,0,0,0,0,0,2,0,0,0,0,0,0,0
"4c3f744326739cfcb797c290083783e5",0,0,0,0,0,1,0,0,0,0,0,0,0,0,0,0,0,0,0,0,0,0
"4d48d7ff5be648dbff5d977be48b6c8e",0,8,0,0,0,0,3,0,0,0,0,0,0,0,0,0,0,0,0,0,0,21
"4d4da7446dd75ffbca560cec7ba387e4",0,0,0,0,0,0,0,0,0,0,2,0,0,0,0,0,0,0,0,0,0,0
"4da78b69df4941cda0b3c8acc6c55eeb",0,0,0,0,0,0,0,2,0,0,0,0,0,0,0,0,0,0,0,0,0,3
"4e3b6320d037cf4fbed810cb1424ec8a",0,0,0,0,0,0,0,0,0,0,0,0,0,0,0,0,2,0,0,0,1416,0
"4fe5efefb811ac9a2b2759ab0ccd9fd6",0,0,0,0,0,22,0,0,0,0,0,0,0,0,0,0,0,0,0,0,0,0
"500827f5eb77cfedcae3579e53ec8c76",27,0,8,26,0,9,12,5,9,61,10,5,37,10,9,19,13,2,15,20,26,36
"501217c7614e0367600aafe0710a5184",3,0,0,0,0,0,0,0,3,0,0,0,0,0,0,1,0,0,0,0,5,0
"51194b8233acaff275c41bf94ca2c735",0,0,3,0,20,0,1,0,0,13,0,0,0,0,0,0,0,6,0,0,1,0
"52197dca75d1808bd2fa7e5d033f310f",0,0,0,4,0,0,0,0,0,0,0,0,0,0,0,0,0,0,0,0,0,0
"522f17a20b884e53b7e2693b431fce4c",0,0,0,5,0,0,0,0,0,0,0,0,0,0,0,0,0,0,0,2,1,0
"5325b623f48091942b79da221094c206",0,17,0,0,0,0,0,0,0,0,0,0,0,0,0,0,0,0,0,0,0,0
"535644fbdf865ddd0cc9ea93502a6bbc",0,0,0,0,0,0,1,1,2,4,0,0,6,6,0,0,0,0,0,0,0,0
"53b6ba92f3934bb0f4618a8afcc2d86e",0,0,0,0,0,0,0,1,0,0,0,0,0,0,0,0,0,0,0,0,0,0
"53ea7c64178dbbce1e1a4722bfaeec1e",0,0,0,0,0,15,0,0,0,0,0,0,0,0,0,0,0,0,0,0,0,0
"54305693ac20167cca877f883539d0a4",0,0,0,0,0,0,0,8,16,0,0,0,0,45,0,0,0,0,0,0,0,0
"54e1df2289e6a784eaebc42527234aad",2,9,0,0,7,0,0,0,0,0,0,18,0,0,1,0,0,0,0,0,0,6
"54eb8377c15d6d14b418d1ff66294165",0,0,0,0,0,0,0,0,0,7,0,0,0,0,0,0,0,0,0,0,0,0
"55b58124016596c4a6b7b2c4b7633efb",70,33,9,4,8,45,0,0,5,44,18,43,6,0,4,26,0,46,110,0,3,20
"55dc227df61b5886c6219fc13e273064",0,3,1,0,5,0,0,0,0,0,0,0,0,0,0,0,0,21,0,0,0,0
"5647003638a528ef4b1ddcf5ff19fbe7",0,0,0,0,0,0,0,0,0,0,0,2,0,0,0,0,0,0,0,0,0,0
"5676840dcb48c723631bddfa87256e53",0,0,0,1,0,0,0,0,0,0,0,0,0,0,0,0,0,0,0,0,0,0
"5995e644fe223f3ae9031b8851811d15",0,0,0,0,0,0,0,0,162,0,0,0,0,21,0,0,0,0,0,0,0,0
"5a20b9f9b38234c1dac21cd942876080",0,0,0,1,0,0,0,0,0,0,0,0,0,0,0,0,0,0,0,0,0,0
"5b26a49a4253516b41f51345009b2ab7",0,0,0,0,0,0,0,0,2,0,0,0,9,0,0,0,0,0,0,0,7,0
"5b47792bdbd213c22084c334ce7e0238",0,0,0,0,0,0,0,0,0,0,65,0,0,0,0,0,0,0,0,0,0,0
"5bc648bddeb33a57dc2d0c1c85d2e8e7",5,1,0,13,0,5,0,3,2,0,0,0,0,0,0,0,0,0,0,2,0,0
"5be4a273e1c77677b372ec4c640287e1",0,0,0,0,0,0,0,2,0,0,0,0,0,4,0,0,0,0,0,0,2,0
"5d946718213cc12cfb40882a944b8e1f",0,0,0,0,0,0,0,0,0,0,0,1,0,0,0,0,0,0,0,0,0,0
"5da6db7d5475532af1e5e5bffb5c75f1",0,1,0,0,0,0,0,0,0,0,0,0,0,0,0,0,0,0,0,0,0,0
"5e0b1e533d803d7c69e76c2c42359773",0,0,0,73,0,6,0,0,0,0,0,0,0,0,0,0,0,0,2,0,1,16
"5ea389ed11ea65cbf691d96f33d659db",0,22,0,0,58,0,6,17,0,0,0,0,0,0,0,0,0,45,0,0,0,0
"6038cbf29d9df32a9c04c69b9aec44cb",0,0,0,2,0,0,2,0,0,0,0,0,0,0,0,0,0,0,0,0,0,3
"61c61a80c63abaac48d84420c7ee8be3",0,0,0,0,0,0,0,0,0,0,0,0,0,159,0,0,0,0,0,0,0,0
"61d31bedcdb022077d75c9c804abb782",0,0,0,0,0,0,0,3,0,0,0,0,0,0,0,0,0,0,0,0,0,0
"61e69e1a969f3c88114b6681867e91c4",0,0,277,0,0,0,0,213,0,23,25,903,367,0,60,6,0,0,0,0,0,10
"61ee8c68c8935743ab3485315d93e44d",0,0,0,0,0,0,9,0,0,0,0,0,0,0,0,0,0,0,0,0,0,0
"6286fcb15a397cbf63bdd4e9e001c532",0,0,0,0,0,0,0,0,0,0,0,0,3,0,0,0,0,0,0,0,0,2
"62e713a6820fa9b819ef575ab3014c5f",0,0,0,0,0,15,0,0,0,1,0,0,0,0,0,0,6,0,0,0,0,0
"62e791c27fae2dbd393e2d3b686aff73",0,0,0,0,0,2,0,0,0,0,0,0,0,0,0,0,0,0,0,0,0,0
"64373927ea9ff19e0f921a0d557d7e24",0,0,0,0,0,0,0,0,0,0,0,3,0,0,0,0,0,0,0,0,0,0
"6459e35df31e68362f1c8d56217dc245",0,0,0,0,0,0,0,0,0,0,0,0,0,0,0,0,0,0,0,12,0,0
"652177b74e1009d99f81843a80698de3",0,0,0,0,0,0,0,0,0,0,0,0,0,0,0,10,0,0,0,0,0,0
"65316b075919a823fbe3dee2177b2662",0,0,0,0,18,0,0,0,0,0,0,0,0,17,0,0,0,0,0,0,0,0
"65a283039b964b3e1f657a3c88948330",0,0,0,0,0,0,0,0,0,0,0,0,0,2,0,0,0,0,0,0,0,0
"65a82a5c911961c932169c0e220e77b2",0,0,0,0,0,0,0,0,0,0,0,0,0,0,0,0,0,0,0,0,2,0
"67dbb76f582ee5bf148f1cbd5681492d",0,0,0,0,0,0,0,0,0,0,0,0,0,0,0,0,0,0,0,0,2,0
"68520fe031bfb783742426a4f8c6b548",0,0,0,0,0,0,0,0,0,0,0,0,24,0,0,6,0,0,0,0,0,0
"6875c0481fd234d454389a8ed7cc71cf",0,0,0,0,0,0,0,0,0,0,0,0,0,0,0,0,0,0,1,0,0,0
"68aaa816a09bddf77302d383796b276c",0,0,0,0,0,0,0,0,74,0,0,0,2,0,0,0,0,0,1,0,0,0
"68e29d7d8d07777d8e97b73f27b55ecc",0,0,0,0,0,0,0,0,0,0,2,0,0,0,0,0,0,0,0,0,0,0
"692f56cca435b44b3cc620184e1ad1b6",0,29,0,0,0,0,0,0,0,0,0,0,0,0,0,0,0,0,0,0,0,0
"69ef3e1f427563b51b19b178802a3071",0,0,0,0,0,0,0,0,0,6,0,0,0,0,0,0,0,0,0,0,0,0
"6ab700bd29db8f5769564ce0793ab73b",0,0,0,0,0,0,0,0,0,0,0,0,0,0,0,0,0,0,1,0,2,0
"6b283e64341526a8b63ca659dfef98e5",0,0,0,0,0,0,0,0,0,0,0,0,1,1,0,0,0,0,0,0,0,0
"6b444d14e3b3d3bf05b8e8f01c020fdd",0,0,0,0,0,0,0,0,0,0,0,1,0,0,0,0,0,0,0,0,0,0
"6cd4b4c53c592c1463402002e9ac39fa",0,0,0,0,0,0,0,0,0,0,0,0,0,0,0,0,0,0,0,0,1,0
"6d5f29dd52b4561905067ff97092fd44",0,0,0,1,0,0,0,0,0,0,0,0,0,0,0,0,0,0,0,0,0,0
"6e04eb0b099d89855e4e229caca943a4",0,0,0,0,0,0,0,0,0,0,0,0,0,0,1,0,0,0,0,0,0,0
"6e14aa93e976f784b5235093a71d2f92",0,0,0,0,0,0,0,0,5,0,0,0,8,0,3,0,0,0,0,0,0,0
"6e28ba17b7b0e0bb43a0bf751695f359",0,0,0,0,0,0,0,19,0,0,0,0,0,0,0,0,0,0,0,0,0,0
"70b1d53995e11a3784ad8f0b5b37587c",0,0,46,0,0,0,0,0,0,0,0,0,0,1,0,0,0,0,110,0,0,10
"7104f0af7045244d030c460dc94a96d5",0,0,0,0,0,0,0,0,0,0,4,0,0,0,0,0,0,0,4,0,10,0
"72211ab6dda8354bc2a4dc33b8d18bdb",0,0,0,0,15,0,0,0,6,0,0,0,0,0,0,0,0,0,0,0,1,0
"72ba7a941d2c0b8b8c06da729c88e025",0,0,0,0,0,0,0,0,0,0,0,0,0,0,6,0,0,0,0,0,0,0
"7341a868b2cf72ab81d78d6a0e907f7a",0,2,1,26,5,4,0,4,0,3,0,0,0,2,0,0,0,0,0,0,3,4
"74c9fbc18db3da3560db04b0517ce884",0,15,0,0,0,0,0,0,0,0,0,0,0,0,0,0,0,0,0,0,0,0
"75fc6d9895fa40375fb4f40db931ba39",0,0,0,7,0,0,0,0,0,0,0,0,0,0,0,0,0,0,0,0,0,0
"7605961befa3702a958c526a0d655366",0,0,0,3,4,0,0,2,1,0,0,0,0,1,0,0,0,0,0,0,0,0
"797c4f9a3de7217f8b7f1be97a35b6f0",0,0,0,0,0,0,0,4,0,0,0,0,0,0,0,0,0,0,0,0,0,0
"79cf246d95e57fc55d2c8e8e08defcde",0,0,0,0,0,0,0,0,0,3,0,1,0,0,0,0,0,0,0,0,0,0
"79d0536ab827c670f238ea1f1946c9b0",0,0,0,0,0,0,0,0,0,0,0,3,0,0,0,0,0,0,0,0,0,0
"7ad42309487add8cf835a5ac224d93d3",0,0,2,0,0,0,0,0,0,0,0,0,0,0,0,0,0,0,0,0,0,0
"7bdd6dd2e1578b5ca8cb56bce22e3234",0,0,0,0,0,0,0,23,0,0,0,0,0,0,0,0,0,0,0,0,0,0
"7cc7a38e8cf0616a3f6f1d79f3689334",0,0,0,0,0,0,17,0,0,0,0,0,0,5,34,0,0,0,35,0,0,0
"7de9654ec96241c9fc2c01f7aa6ab8be",22,11,0,0,0,0,0,0,0,0,0,0,56,0,0,0,0,0,0,0,0,0
"8066615053249cdc18c435736c5b9284",0,0,0,0,0,0,0,0,0,0,0,0,0,0,0,0,0,0,0,1,0,0
"808b2084c548db053486ba67b18f4a31",0,0,0,0,0,0,0,0,17,0,0,0,0,0,0,0,0,0,0,0,0,0
"80de25715ab3930d4ca22131f051a4f8",0,0,0,0,0,6,0,0,0,0,0,0,0,0,0,0,0,0,0,0,0,0
"80e06b2036a459dadbcfaab12f6c2211",0,5,0,0,0,0,0,0,0,0,0,0,0,0,0,0,1,0,0,0,0,0
"816c688eaeb3d4b4d21be4439ce2f422",0,0,0,0,0,0,0,3,0,1,0,1,25,0,0,0,0,1,0,0,0,0
"8227dc74df4f3087a7523bc4624f3e0b",0,0,0,0,0,0,0,0,0,0,2,0,0,0,0,0,0,0,0,0,1,0
"82788aa8b553c94bcdda7cb288a55f0e",0,0,0,0,7,0,0,0,0,0,0,0,0,0,0,0,0,0,0,0,0,0
"82f4c04442a2a19515d138b96814cc93",0,0,0,0,0,0,0,0,0,0,0,2,0,0,0,0,0,0,0,0,2,0
"833beedb39aec6ec693b64f54eeea38b",0,0,0,0,0,0,0,0,0,0,0,0,0,0,0,0,0,0,0,0,3,0
"839717bb75dba06e8f37e5dfb438fed0",0,8,0,0,9,0,0,0,0,0,0,0,0,0,0,0,0,0,0,0,6,8
"83b75543bec13dc2aaa5f34f64df65f0",0,0,0,0,0,0,0,0,0,0,0,0,0,2,0,0,0,0,0,0,0,0
"83c4cb53404548c0bcd454ba4ded1bd7",0,0,0,0,0,2,0,0,0,0,0,0,0,0,0,0,0,0,0,0,0,0
"84b6319cc04e29b3d9fd9017fb8c1d5e",2,0,0,0,3,0,0,1,0,0,0,0,0,4,0,0,0,0,0,0,0,0
"84d26f91c49eb275610efc89a9b2fba4",0,0,0,0,0,0,0,0,0,0,0,0,0,0,0,0,0,0,3,0,0,0
"850501623998a7803834edf51e83daf5",0,0,0,0,0,0,0,0,1,0,0,0,0,0,0,0,0,0,0,0,0,0
"8679074259213aef6f8d69b0d1f41bb5",0,0,0,0,0,0,0,0,0,0,0,0,0,0,0,0,0,0,0,0,0,1
"86cefe15bf9186d9841e52b8d2140dea",0,0,0,46,0,3,0,0,0,0,0,0,0,0,0,0,0,0,0,0,0,0
"87698ed0af77ddc44175f9a297e43270",0,0,0,0,0,0,0,0,0,26,0,0,0,0,0,0,0,0,0,0,0,0
"87f7c26c7734cae12a6e62c806bb80b0",0,0,0,0,0,2,0,0,0,0,0,0,0,0,0,0,0,0,0,0,0,0
"880a2f1e9e97643c96e94e09ab32e57b",0,0,0,0,0,1,0,0,0,0,0,0,0,0,0,2,0,0,0,0,0,0
"8b90dd4264a6820ec36dedd5ecf18bd1",0,0,0,0,0,0,0,0,5,0,0,0,0,0,0,0,0,0,0,0,0,0
"8c36511983204477a18b51edf5d59c8e",0,0,0,0,0,0,0,0,0,0,0,0,0,14,0,0,0,0,0,0,0,0
"8c694aec46d18add999eab7efd4cc97e",0,0,0,0,0,0,0,0,0,0,9,4,0,0,0,0,0,0,0,0,0,0
"8d4eba2bdd46f28c2b0640b73dc4961b",0,0,0,0,0,0,0,0,0,0,0,0,11,5,0,0,0,0,0,0,0,0
"8dc9d88ee425a44fddde07db3fdd300f",0,0,0,0,24,0,5,0,48,49,87,3,10,0,4,25,0,0,0,0,13,5
"8e8de8ad663b3c59d523b0802ea5a7ea",0,0,0,0,0,0,0,0,2,1,7,0,0,0,5,0,0,0,9,0,0,0
"8ea2d22cc09a311033ce0cbef2accca7",0,0,0,2,0,0,0,0,1,0,0,0,0,0,0,0,0,4,2,0,0,0
"8ed4242028b9daf1066c339ff81e6533",0,0,0,0,0,0,0,0,0,0,0,0,0,0,1,0,3,0,0,0,0,0
"8f29bdda9046dbf449d0c43e2cfdee0a",0,0,0,0,0,0,0,0,0,0,0,1,7,0,0,0,0,0,0,0,0,20
"901e76ba827a95be841fe87930edc628",0,348,0,0,131,49,0,478,195,310,0,0,0,0,0,0,36,141,68,0,0,0
"90ec057268d05657906e5470ad8844cd",0,1,0,0,0,0,0,0,0,0,0,0,0,0,0,0,0,0,0,0,0,0
"91b096d235ee04c097596d94d00a896c",0,15,482,9,0,510,21,4,0,0,0,0,0,0,0,0,0,15,0,0,33,0
"91b4cb04a6e91afc2b29d05ba61b5096",34,0,0,0,0,0,0,0,0,5,35,0,0,0,5,0,22,0,0,0,0,8
"91d2d81640c63578b9cf166710b26eb7",0,0,0,0,0,0,0,0,41,0,0,0,0,0,0,0,0,0,0,0,0,0
"91d5c2861393e12638a0939b7a30f395",0,0,0,0,0,0,0,0,0,0,3,0,0,1,0,0,0,0,0,0,0,1
"93320ebc29d27e3ded5a82a4b0e05654",0,0,0,0,0,0,0,0,0,0,0,0,0,2,0,0,0,0,0,0,0,0
"93949ed85a779a69a810bbce16aaf3a5",0,0,0,0,3,0,0,0,15,7,0,0,0,0,0,0,0,0,0,0,0,0
"94a2cff5da69c3e200f532af67feefaf",0,0,0,0,8,0,0,0,0,0,0,0,0,0,0,0,0,0,0,0,0,0
"95db23a57306bc528b998b18bdd3e170",0,0,15,0,0,0,0,0,0,0,0,0,0,1,0,0,0,0,0,0,0,0
"96358673195cfa8d619a1835c75f8fca",0,0,0,0,0,0,0,0,0,0,0,0,0,0,0,0,0,0,0,1,0,0
"96c7a1de72529afafdc50e1069d08563",0,0,0,0,0,0,0,0,0,0,29,0,0,0,0,0,0,0,0,0,0,0
"97015c85528071847c1bca543cad479d",0,0,0,0,0,0,0,0,0,0,0,0,0,3,0,0,0,0,0,0,0,0
"9722eb5b9717ef530fc2b55d25e00b03",0,0,1,0,0,0,0,0,0,0,0,0,2,0,4,3,0,0,0,0,3,0
"9753712028f3ce03dbdf5087ae93e7e6",0,0,0,0,0,0,0,0,0,4,0,0,0,0,0,0,0,0,0,0,1,0
"9aaa60378b2f5e36c3ae7b5d1a332297",0,0,0,27,0,0,0,0,0,0,0,0,0,0,0,0,0,0,0,0,0,0
"9b69a1058c01d37dd92e6ca0ddaaa87a",0,0,0,0,0,0,0,0,0,0,0,0,0,3,0,0,0,0,0,0,0,0
"9b9a4c0d38bfd1cbca13ad7ca796e121",0,0,0,0,0,0,0,0,0,0,0,0,0,0,0,0,8,0,0,0,0,0
"9baadd58cbfe73844b4d5c0947cabf3d",7,0,0,0,0,0,0,0,0,0,0,0,0,0,0,0,0,0,0,0,2,0
"9f073c7d9d421aecbccef9482ddaa256",0,0,0,0,6,0,0,0,1,2,0,2,0,0,0,0,0,0,0,0,0,0
"9f2216ede4abe1dc82fbd060ba4f0921",145,0,2,15,14,0,21,23,8,23,0,6,2,71,36,5,6,0,97,3,3,12
"9fdf41799c084c867c8d142f3712a20b",0,3,0,12,0,0,0,0,0,0,0,0,0,0,0,0,0,0,0,0,0,0
"a0d9bfb0eedda211f365e183da9cd0ca",0,0,0,0,0,0,13,0,0,0,0,1,9,0,0,0,0,0,0,0,0,4
"a0e46ac8eba28347ab8bec688a4beb35",0,0,0,0,0,0,0,0,1,0,0,1,4,0,0,0,0,0,0,0,0,0
"a133cff1d02c7d4fb8af920a3c5dc049",0,0,0,0,0,0,0,2,0,0,0,0,0,0,0,0,0,0,0,0,0,0
"a150a91c1d8c5b312909c44054d99d56",0,12,0,0,0,0,0,2,0,0,0,0,26,0,4,0,0,0,0,0,0,3
"a167f5d3a20c485b2f471ab2c37726ea",0,0,0,0,0,0,0,0,0,0,0,0,0,0,0,0,0,0,2,0,0,0
"a1969ae69dad9185b794869330caa6a0",4,0,4,0,0,0,0,0,0,0,0,0,0,0,1,6,0,2,0,0,0,0
"a2c357a0da9e05120d4bf4ea5d207424",0,65,26,12,37,3,61,0,2,80,20,0,108,20,82,0,0,47,27,25,0,60
"a360cb1088f3484dca0ab4dc5034812f",0,1,7,0,0,0,0,0,0,0,0,0,0,0,0,0,0,0,0,0,0,3
"a3ada875cb829435e99a7a9d61c52e8b",0,0,0,0,0,0,0,6,15,2,3,0,9,0,0,0,0,0,4,2,0,0
"a3b081ba449377e89f03e3a5b7894d71",0,4,0,0,0,0,0,0,0,0,0,0,0,0,0,0,0,0,0,0,0,0
"a45b07395e28cf4fff39e0df6420b405",0,0,0,0,0,0,0,0,0,0,0,0,0,0,0,0,108,0,0,0,0,0
"a462dbbe718a8d7214dff077384277ef",0,0,0,0,0,0,0,0,0,0,0,0,0,1,0,0,0,0,0,0,0,0
"a7492f328db73571d15ddc6764974771",0,0,1,8,3,0,0,0,0,0,0,0,0,0,0,0,0,0,0,0,0,0
"a76143fcccaa547f6ee2ce7505c72528",0,0,0,0,0,0,0,0,0,0,0,0,0,0,0,1,0,0,0,0,0,0
"a7b964ef78cc26554cb330c6c647cfac",0,0,0,0,0,0,0,0,0,232,0,0,0,0,0,0,0,0,0,0,0,0
"aa3aeaada8c39ad0a8044ae2b4062a21",0,0,0,0,0,0,0,0,0,0,0,0,0,0,1,0,0,0,0,0,0,0
"ab384c9c8217220eb16dd69fbe087bc1",0,0,0,6,0,0,0,0,0,0,0,0,0,0,0,3,3,0,0,0,0,0
"ab969d4dccd8e5784c5fe70c81ce4e56",0,0,0,0,0,0,0,0,0,0,0,0,0,0,0,0,0,1,0,0,0,0
"abc4f61d0f16b9063c9957c2342a95b4",0,0,0,0,0,0,0,4,13,0,20,0,15,6,0,0,0,0,0,4,0,0
"ac4b9ad907d58a4fdb7b609edcfa5c2e",0,37,3,5,9,4,11,0,0,10,0,17,5,20,6,0,0,0,57,10,0,5
"ae487c6229a0788edef3481596efe1c8",0,0,0,0,0,0,1,1,1,0,0,0,0,0,0,0,0,0,0,0,2,0
"aee15db96e226ba76ef266b9be1ded54",1,0,0,0,0,0,0,0,0,0,0,0,0,0,0,0,0,0,0,0,0,0
"af5c0160e1e3fff8cced008eaab0367a",0,0,0,0,0,0,0,0,0,2,0,2,0,0,0,0,0,0,0,0,0,0
"affc646afca684200893baaee5179492",0,0,0,0,0,0,0,0,2,0,0,0,0,0,0,0,0,0,0,0,0,0
"b00d6edb8a0b1b7fbd89da91d6484f26",0,0,0,2,0,0,0,0,0,0,0,0,0,0,3,1,0,0,0,0,0,0
"b08fabd6adc6905c18511831de81fc43",20,0,0,0,0,0,0,0,0,0,0,0,0,0,0,0,0,0,0,0,0,0
"b1222a37561d251e0d90372457289dab",2,0,0,0,0,0,0,0,0,3,0,0,0,0,2,0,0,1,0,0,0,1
"b15f4b0376ee671573d77c88882f224a",0,0,0,0,0,0,0,0,0,0,0,0,0,0,0,0,0,1,0,0,0,3
"b19079c3c98d19c2cda88234117af48a",0,0,0,0,0,0,0,0,0,0,0,0,1,0,0,0,0,0,0,0,0,5
"b1bd8336aa51586caa03ab5eecc7dc20",0,31,0,0,0,0,0,0,0,0,0,0,0,0,0,0,0,105,15,0,1,0
"b3305678ca476b0d3ac85ceef00965e3",0,29,0,2,0,0,0,0,0,0,0,0,0,0,0,0,0,0,0,0,16,0
"b3c6dcc861a6583b30ef3d88c464523b",0,0,0,0,0,0,0,0,0,0,0,0,7,0,0,0,0,0,0,0,0,0
"b3d7027b6baa99b2d81c1cf36ec7ae5d",0,0,0,0,0,0,0,0,0,0,0,1,0,0,0,0,0,0,0,0,0,0
"b3db988932c36733f5900c6e3a8f4c59",0,0,0,4,0,1,3,0,0,1,0,0,0,2,1,0,0,0,0,0,6,2
"b4103c2ff27e6bdccfcaec20de9c3eb6",0,0,0,0,0,0,0,0,0,0,0,61,0,0,0,0,0,0,0,0,0,0
"b42c6a462d7cd26278369219b2d756a1",0,0,0,0,0,0,0,0,0,0,0,0,3,0,0,0,0,0,0,0,0,0
"b4878b36d241afeb053e6b2318e59bb9",0,3,0,0,0,0,0,0,0,0,0,0,0,0,1,0,0,0,0,0,0,0
"b5c664a0164d4208088951904ee2836c",0,0,0,0,0,0,0,4,47,0,0,0,0,11,0,0,10,0,2,0,0,0
"b5fb6f373519b2f45cb92a5e666fd7fe",0,0,1,0,1,0,0,0,0,30,0,2,0,0,0,1,0,0,0,3,0,0
"b704e8b262581e66feeb69ffbfb40916",147,0,0,0,0,0,0,0,121,0,814,0,5,1,0,0,0,0,8,725,0,0
"b719c69301f42ad337e7415044338e62",0,0,0,0,2,0,0,0,0,0,0,0,0,3,0,0,0,0,0,0,0,0
"b804737c1fe4745495c284e73601befb",0,0,0,0,0,0,0,0,0,0,0,0,0,0,0,0,0,0,9,0,0,0
"b83b207c52cb6b099f766bcab3546a55",0,0,0,2,0,0,0,2,0,0,0,0,0,2,0,0,3,3,0,1,0,0
"b89c597133fd59036dba0d4664cdcf0d",0,0,0,0,0,0,0,0,0,0,0,0,2,6,0,0,0,0,0,0,0,0
"b991afafe3d3d7df79e37f0aef052937",0,0,0,3,0,0,0,0,0,0,0,0,0,0,0,0,0,0,0,0,0,0
"ba2d82ee9bea738227c60139f8e1b4d7",0,0,0,0,0,0,0,0,0,0,0,0,0,0,0,0,0,0,1,0,0,0
"bae56e6b0f746fbd56c4df4d2939bfb8",0,0,0,0,0,0,0,9,0,0,0,0,0,0,0,0,7,0,0,0,0,3
"bae81118153ab487dce427858e645a03",0,0,0,0,0,0,0,0,0,0,0,7,0,0,0,0,0,0,0,0,0,0
"bb4d60f3c9493d0a951cc8b959190e35",0,0,0,0,0,0,25,0,0,0,0,0,0,0,0,185,0,0,0,0,0,0
"bb6ccf76f7a1b278da9ebdfd8ecb9799",0,0,0,0,0,0,0,0,0,0,0,1,0,5,0,0,5,0,0,1,4,3
"bbb724d663f39ce2ff3305ae12f801cc",0,0,0,0,0,0,0,0,0,0,0,0,0,0,0,0,0,0,17,0,0,0
"bbfc412e61b83ccf64d8fe364c108734",9,0,4,0,0,0,0,5,13,28,53,1,9,16,2,8,0,0,0,0,0,5
"bc710dee36909e63c516a2db6d0bff54",0,0,0,0,0,0,0,0,0,0,0,0,0,0,0,0,0,0,4,0,0,0
"bdcd1d72ec8f198ea59531478d902457",3,1,0,0,0,0,0,0,0,0,0,0,0,0,0,0,0,0,0,0,0,0
"be44ca7830cb0eabfb800a5a67a6a756",0,0,0,0,0,0,0,4,4,1,4,0,9,0,0,0,0,0,3,7,0,0
"be58a37fe801367134ead8433c1f5d70",2,0,0,0,0,0,0,0,0,0,0,0,0,2,0,0,0,0,0,0,0,0
"bf7326383717cca9aeafae12f004a3d1",0,0,0,0,0,0,0,0,0,0,1,0,0,0,0,0,0,0,0,0,2,0
"bf8af00eb75e1537968ea326252c5407",0,0,0,0,0,0,0,0,0,0,0,0,0,0,0,0,0,0,12,188,0,0
"bfcdb25a294b0ef84e964f4f9d964a94",0,0,0,0,0,0,2,0,2,0,0,0,0,0,0,0,0,0,0,0,0,0
"c0df105a43db9827405a3c4d652c16da",0,0,0,0,0,0,0,0,0,0,0,0,0,0,49,0,0,0,0,0,0,92
"c155f26de36d2b737517fa96ee3c90a8",0,0,0,0,0,7,0,0,0,0,0,0,0,1,0,0,0,0,0,0,0,0
"c1979dd45333b8dc0d5d5d03e7e72976",0,2,0,0,0,0,0,0,0,1,0,0,0,0,0,0,0,0,0,0,0,0
"c203493eb7dfacd239e7433ab0a43c2b",0,0,0,0,0,0,0,0,0,0,96,0,0,0,0,0,0,0,0,0,0,0
"c30bf2aff09093cf9b9358029251b1b5",0,3,0,0,0,0,1,0,1,0,0,0,0,0,0,0,0,0,4,0,0,0
"c354ef460023df4e2f6da07df4f6b7b8",0,0,0,0,0,0,0,0,0,60,0,0,0,0,0,0,0,0,0,0,0,0
"c35b70c8f5c540dbbdf84801839c6685",0,0,0,0,3,0,0,0,0,0,0,0,0,0,0,0,0,0,0,0,0,0
"c55db7a652b1e887c7d6d32687ee41d3",0,0,0,0,0,0,0,0,0,0,0,0,0,0,0,0,0,0,0,0,0,1
"c595a6f3431803bf7101317fd85ec23b",0,6,0,9,11,2,0,5,1,0,0,0,0,0,0,0,0,0,0,0,0,0
"c6292261aef296d5088023149bb308e4",91,0,0,29,0,0,413,5,0,43,0,0,0,0,0,314,0,0,398,0,0,634
"c65541f1b36f44661ec1c9fe26c05823",0,0,15,0,3,0,4,0,0,0,1,0,98,0,0,0,0,0,0,0,0,0
"c66547f201bb056fa01d7c365b44ddab",0,0,0,0,0,0,0,0,0,0,0,0,0,3,0,0,0,0,0,0,0,0
"c6735b6edc8917ab7e280e7166d01d24",0,0,0,0,0,13,0,0,0,0,0,0,0,0,6,0,0,0,0,0,0,0
"c6af86d8a6dba2b7ae3e3604d81b7b14",0,0,0,1,0,0,0,0,0,4,0,0,0,0,1,0,0,0,0,0,0,0
"c6b49038d3b098bb0f399566cc25cc91",0,0,0,0,0,108,0,0,0,0,0,0,0,0,0,0,0,0,0,0,0,0
"c6d9ed70e1b4ccd9b8c755dfc5dd732b",0,0,1,0,0,0,0,0,0,0,0,2,0,0,0,0,0,0,0,0,0,0
"c79448d336bdc92f6d670076e811d9be",0,0,0,0,0,0,0,0,0,42,0,0,0,0,0,0,0,0,0,0,0,0
"c7aebe3ff00d1b27d95056b2bfc18738",0,0,0,0,0,0,0,0,0,0,0,0,0,0,0,0,0,0,9,0,0,0
"c7e0d0ec7db5ff6b347c3c4e24d0adc7",2,4,13,20,1,13,0,4,4,0,5,7,6,10,2,23,4,5,12,5,28,11
"c88fa4c73d3cab53acf29f7ae1190907",0,0,0,0,0,0,0,0,2,0,0,0,0,0,0,0,0,0,0,0,0,0
"c9c53750738c659195abeae1dee97168",0,0,0,0,0,0,0,0,0,0,0,0,0,394,763,0,0,0,0,0,26,0
"cabbe72bb85bda9646b88fde34da279b",0,1,0,0,0,0,0,0,0,0,0,0,0,0,0,0,0,0,0,0,0,0
"cbe95b0d53b3de093fc58ce6d6c42d25",0,4,0,0,18,0,0,0,0,0,0,0,16,0,0,0,0,0,0,0,0,0
"cd3a2bd94e0dce14f8650b0a6d33e1c7",0,0,0,0,0,0,0,0,0,0,0,0,0,0,0,0,3,0,0,0,0,0
"cf021ba8f5eaac0630620b5eac0193f7",0,0,0,0,0,0,0,0,0,0,0,0,0,3,0,0,0,0,0,3,0,0
"cf40681cb43b27e45b91efd59ad9914b",0,0,0,0,0,0,0,0,0,0,0,0,0,0,0,0,0,0,0,0,2,0
"cf4b446064a3fe4303ee68377b1489a6",0,7,4,0,1,5,4,0,0,3,0,21,0,16,3,0,78,7,11,13,12,6
"cf82fbe157d6c713ab034354492c227e",0,0,2,0,0,5,1,0,0,5,0,0,0,0,0,0,0,0,12,0,0,0
"d103f01481426e0a2c9e16c5274659f1",0,0,0,0,0,0,0,0,0,0,0,3,0,3,0,0,0,0,0,0,0,0
"d197fe7960b487fc957f8a70a648a449",0,0,0,0,0,0,0,1,0,0,0,0,0,0,0,0,0,0,0,0,0,0
"d2ca6be9f93f3134c519900baa78261e",0,3,0,0,0,0,0,0,0,0,0,0,0,0,0,0,0,0,0,0,0,0
"d409f6903af1559341b34e03c231dbab",0,0,0,0,0,0,0,0,0,0,0,0,0,0,2,1,0,0,0,0,0,0
"d4c56ef8578ea6b3d8929347063891c1",0,0,0,0,1,0,0,0,0,0,0,0,0,0,0,0,0,0,0,0,0,0
"d53615070d02fb0e9f0ca18f996b8c13",0,2,0,0,0,0,0,0,0,0,0,0,0,0,0,0,0,0,0,0,0,0
"d5665b1f8e9df3e9e16b2455c106d75b",0,0,0,0,0,1,0,0,0,0,0,0,0,0,0,0,0,0,0,0,0,0
"d6bfb4a12ae37cc3afa209f64b766bdb",0,0,8,0,0,0,0,0,0,0,1,0,6,6,0,0,7,0,0,2,38,1
"d6e27b1ef589877f906bd9036e702457",0,0,0,0,0,0,0,0,0,0,0,0,0,0,0,0,0,0,0,0,0,7
"d8fb9ae030e1b8c35452cd8897bcfa19",0,0,0,0,0,1,2,0,4,3,0,0,8,0,1,0,1,0,5,0,2,4
"d927c1e46f89c7ec615f6d9f7bf71e4b",0,0,0,0,0,2,0,0,0,0,0,0,0,0,0,0,0,0,0,0,0,0
"d959c19da2d9dfa3b26e12f99061ed79",0,0,0,0,0,30,0,0,0,0,0,0,0,0,0,0,0,0,0,0,0,0
"da854ed0345bde4815f588e990197f8e",0,0,0,0,0,0,2,1,0,0,0,0,1,0,0,0,0,0,0,0,0,0
"ddb92a10e6534e91f64b377f6db853d4",0,0,0,0,0,0,0,1,0,0,0,0,0,0,0,0,0,1,0,0,0,0
"de52036cf72ea0d79c3d720aa9b3c55a",10,0,0,0,0,0,0,0,0,0,0,0,0,0,0,0,0,0,0,0,0,0
"de87fc1c99274fb37424fee5361df498",122,0,0,0,0,0,0,0,0,0,0,0,0,0,0,0,0,0,0,0,0,0
"de9be834fc7b42169a00cab2af100d2f",0,0,2,0,0,5,0,0,7,5,9,0,0,0,0,0,0,0,0,0,0,0
"defdcfedb6979cae1921328b95a0d311",0,0,0,0,0,0,0,0,0,0,4,0,0,0,0,0,0,0,0,0,0,0
"df25e660a14e1e28011e56711f635a9b",0,28,0,0,0,0,17,0,0,0,65,0,0,0,0,0,0,19,0,0,0,0
"e164bdd76758ba8773463f96042e87e2",0,0,0,2,0,0,0,0,0,0,0,0,0,0,0,0,0,0,0,0,0,0
"e18e143f2c9a1825e199561f26d8027e",0,0,0,0,0,0,0,0,0,0,0,0,0,0,0,0,0,0,1,0,0,0
"e2c907cc1d746c2c658cd0188ea291c7",0,0,0,0,0,66,0,0,0,0,0,0,0,0,0,0,0,0,0,0,0,0
"e3c6350116bb9cc1123d04dd4d802288",0,0,0,0,0,0,0,0,0,6,0,0,0,0,0,0,0,0,0,0,0,1
"e3e6020e5c4628daa04945cb27df6f09",0,0,0,0,0,0,0,0,0,0,0,0,0,0,0,0,0,6,0,0,0,0
"e4bb6d30f5c4b7293c6b4583634f7724",22,2,24,0,16,0,1,0,19,36,11,3,6,0,4,0,0,0,6,11,0,46
"e558755bda4c68b9947e37aeb4e2010e",0,0,0,9,0,0,18,0,13,1,2,39,0,1,0,0,9,0,1,0,0,25
"e5682e86239a3955624c619135927dbc",0,8,0,8,0,0,0,4,0,0,0,0,0,0,0,0,0,0,0,0,0,0
"e58ebcda778bce3f4ca3a33397822452",0,0,0,0,0,0,0,0,0,0,0,0,0,0,0,0,0,0,2,0,0,0
"e68e70d81d7a64a3bcccc61986d61692",0,0,0,0,0,0,0,0,0,0,0,0,0,0,0,0,0,0,0,0,1,0
"e70be14b59b96b60426f8ccf4ccb9899",0,0,0,0,9,0,0,0,0,0,0,0,0,0,0,0,0,0,0,0,0,0
"e746b3149463dd60cbdb1e685c0e93db",0,0,0,0,0,0,0,0,0,0,0,1,0,0,0,0,0,0,0,0,0,0
"e843c4b4c8c564d48fc56608ff2a61c6",0,0,0,0,0,0,0,0,0,0,2,0,0,0,0,2,0,0,0,0,0,0
"e8be8273c24834ca59aac18e88774862",0,0,0,0,0,0,1,1,0,0,0,1,7,0,0,0,0,0,0,0,3,0
"e9e62dde263b78ff9784c694189bf035",0,0,0,0,0,0,0,0,0,0,9,0,0,0,11,0,0,11,0,0,0,0
"ea74acc611dfbc986c6d1717b1e62233",5,0,1,21,1,0,1,5,0,9,0,0,0,0,2,170,0,2,0,0,19,0
"ea760721620e2c7bc5ce3b0ba82d21cb",0,0,0,0,0,0,0,0,0,0,0,0,0,2,0,0,0,0,0,0,0,0
"edfa2b680a42826e7668ac1136b86fbc",0,0,0,0,0,0,0,0,0,0,0,0,7,0,0,0,0,0,0,0,0,0
"ee47b326c380e50faa878032111391d2",0,0,0,0,0,0,0,0,0,6,2,0,0,0,0,3,0,0,0,0,0,0
"ee827df34d1e79d2abef5c563ea7d155",2,6,0,0,11,0,0,0,19,0,1,0,0,0,6,24,0,0,3,0,0,2
"efe2674d564de8e0c75ef81492d96b83",0,0,0,0,0,0,0,2,0,0,0,0,0,0,0,0,0,1,0,0,0,0
"f0607c2e0bd8808d7240855be80ffeee",422,6,0,0,5,0,0,0,0,0,0,3,0,36,0,471,596,1,491,0,0,137
"f1b29b94321a719dd484190f18837442",0,0,0,0,0,0,0,0,0,1,0,0,0,0,0,0,0,0,0,0,0,0
"f3155ca1b4e5abf9ef4d4f7c3c3feca1",0,0,0,0,0,0,0,1,0,0,0,0,0,0,0,0,0,0,0,0,0,1
"f3c67ba0c408a8f7844d603910d8a263",0,0,0,0,0,0,0,0,0,0,2,0,0,0,0,0,0,0,0,0,0,0
"f3ce98a45ad0f7295016ce623984d512",0,0,0,0,0,0,0,0,1,0,0,0,0,0,0,0,0,0,0,0,0,0
"f413858fbdf000bc77863ebd85937e8e",0,0,0,0,0,0,0,0,0,0,0,0,0,0,1,0,2,0,0,0,3,0
"f4630353c2f4d344e85e7d64c73daa3a",0,0,0,0,0,0,0,0,0,0,0,0,0,6,0,0,5,2,0,0,6,3
"f611ad43e0b8c6f0f27a3a555999aa1f",0,0,0,1,0,1,0,42,0,0,0,0,0,0,0,0,0,0,0,0,0,0
"f69cf3da1d5ffcc7e6422bf34cc837e1",0,0,0,0,0,0,3,0,6,0,7,0,0,0,0,1,11,0,0,5,0,0
"f6cd548313198ef82ac1874ebf448ed5",17,0,0,0,7,15,0,25,37,19,0,0,8,117,11,52,20,0,0,34,16,6
"f72978893c85cd6f3a89598b280923a3",0,0,0,0,0,0,0,0,0,5,0,0,0,4,0,0,0,0,0,0,0,5
"f8a34a7351e8fb01aff6adc065f48849",0,0,0,0,0,0,0,0,0,0,0,0,0,7,0,0,0,0,0,0,0,0
"f9266aad96ffb2f7a2ee6983ca4c6752",0,86,0,1,0,1,0,41,0,9,0,0,0,2,0,17,0,2,0,0,0,0
"f968f1c03ed958403c04c5f8d076a3a3",0,0,0,0,0,0,1,0,0,0,0,0,0,0,0,0,0,0,0,0,0,0
"f9d32b172ae04cea995e90f9ab0e2060",0,0,0,0,0,15,0,0,0,0,0,0,0,0,0,0,0,0,0,0,0,0
"fa32c6fdf5b000e544beeb6d3fec88f8",0,0,0,0,0,0,0,0,0,0,0,0,4,0,0,0,0,0,0,0,0,0
"fb82c0b1733200ee85bd9c562b4c096b",2,2,3,3,10,1,1,1,0,4,50,4,4,2,5,0,0,4,3,10,2,6
"fb93e62a9afdfdc54645109326810226",0,0,0,0,0,0,1,0,0,0,0,0,0,0,0,0,0,0,0,0,0,0
"fc3a4fe94df363956fc88405714ae109",0,0,0,0,0,0,0,0,0,0,0,0,0,0,0,0,0,0,1,0,0,0
"fc8eae1ed7d46c94e2b4872e02ad0643",2,0,0,0,0,0,0,0,0,0,0,0,0,0,0,0,2,0,0,0,0,0
"fd36ad6b744afb24a1cd847587305167",0,0,0,0,0,0,0,1,0,0,0,0,9,2,0,0,0,0,0,0,0,0
"fd77d9ce9c157e00781b80605fec310d",0,0,0,0,2,0,0,0,0,0,0,0,0,0,0,0,0,2,4,10,0,0
"fd88d355676826758b3975652fddfd77",0,0,2,0,0,0,0,0,0,33,0,0,0,1,0,0,0,0,0,0,3,0
"fdc1b9e544332f3f7e45711d574a950c",0,0,0,0,0,0,0,0,0,0,0,0,0,0,0,1,0,0,0,0,0,0
"fdd872f4f21a218b302fa17437ce71e4",0,0,0,0,0,0,0,0,0,0,0,0,0,0,0,0,0,0,0,0,0,3
"fff60bd7f77182fa5168730f4d38fcab",0,0,0,0,0,0,0,0,0,0,0,0,0,4,0,0,0,0,0,0,0,0
