"","HPC1401","HPC1403","HPC1406","HPC1408","HPC1409","HPC1410","HPC1412","HPC1413","HPC1414","HPC1415","HPC1416","HPC1417","HPC1418","HPC1419","HPC1420","HPC1421","HPC1422","HPC1423","HPC1425","HPC1426","HPC1428","HPC1429","HPC1430","HPC1417KNZ"
"008167913ce8eac6ad6cb522d7a1990a",0,0,4,0,1,0,2,11,0,102,0,0,0,0,18,0,0,0,0,0,0,0,0,0
"01404cb98895d58a0181327432d1777d",1,0,0,8,13,0,3,0,0,9,0,50,0,2,19,0,0,0,2,26,0,0,8,34
"035bcd1d9af45acab031b1b03fdb7aac",0,32,0,0,0,0,157,50,0,0,0,0,0,0,0,0,0,0,0,0,0,8,0,0
"0439d6960acb7b6a6f194f6396f3cc1d",0,0,0,0,0,0,0,20,0,0,0,0,0,15,0,0,0,3,0,3,5,5,0,0
"0687a2a4e93a91db213eaf4c97fbba2e",0,0,0,0,0,0,0,55,0,0,0,0,0,0,0,0,0,0,0,0,0,0,0,0
"0814700c3c601fa02ee43c1b6838e4e6",0,0,0,0,0,0,0,0,0,0,0,0,0,0,0,0,0,0,0,0,2,0,0,0
"08250c855de3e12cde8e15dcacffd4a6",0,0,0,0,0,0,0,0,5,0,1,0,70,0,0,0,0,0,0,0,14,0,6,0
"0890c5dc3a8f393f1c03994efbc9b0c0",0,0,0,0,0,0,0,0,0,0,0,0,5,0,0,0,0,0,0,0,0,0,0,0
"09c7a9b0d7e4534dd1b9563ecb91de1f",0,0,0,0,0,0,0,1,0,0,0,0,0,0,0,0,0,0,0,0,0,0,0,0
"0a55820148562eef7c47af5ab05610b8",0,0,0,34,0,0,0,0,0,0,0,0,0,0,0,0,0,0,0,0,0,0,0,0
"0a7fe3595e40caeafecb26f55ecf526d",1,0,0,1,0,24,0,25,0,0,0,0,2,9,0,0,0,5,0,179,0,0,0,0
"0b2a6a480ce04bf8dc8254472ddeb9eb",0,0,0,0,0,0,0,0,0,18,0,0,0,0,0,0,0,0,0,0,0,0,0,0
"0cde90f43f801d279fa011bfb4c6b3a6",0,0,0,0,0,0,0,0,0,0,0,0,0,0,0,0,0,0,0,0,0,4,0,0
"0d30f03a89e08e2c570de556a4032d00",0,0,0,0,0,0,0,0,0,0,0,0,0,2,0,0,0,0,0,3,0,0,0,0
"0d64e0170fd5c43d58714adb75f53603",0,0,0,6,2,0,3,3,4,4,0,0,0,0,2,0,1,0,0,0,0,0,1,3
"0db587bb2a24679c3dedd2f3d99bdffe",0,0,0,0,0,0,196,0,0,0,0,0,0,35,0,0,0,0,0,0,0,0,0,0
"0fa1fae74f9f9dffe32d78d11dd84a59",0,0,0,0,0,0,0,3,0,0,0,0,0,0,0,0,0,0,0,0,0,0,0,0
"105c0710d035b53930b0bad9a8daa8a1",0,0,0,0,0,0,0,6,0,0,0,0,0,0,0,0,0,0,0,0,0,0,0,0
"10839859eac5ca8431ee848d9f00803f",0,1,5,3,0,0,1,0,0,0,0,0,2,2,0,0,19,0,0,0,0,33,12,0
"108cbc975ea4ac83a7fa3c8220bc89d7",0,0,0,0,0,0,3,0,0,0,0,0,9,0,0,0,0,2,0,0,0,0,0,0
"10e5f4a0a45782e74568a9ed32c54bbe",0,0,0,0,0,0,0,0,0,0,0,0,0,44,1,0,0,0,0,0,0,0,0,0
"12081ff9c48c809bcd85b29b7a5011ee",2,0,0,0,0,0,0,0,0,0,0,0,0,2,0,0,0,0,0,0,0,0,0,0
"128a7930b5f5e4376c85a4d10e619b67",0,0,0,0,0,0,0,0,0,0,0,0,0,0,0,0,0,0,0,0,0,0,0,18
"1306cfc10b8ca165e6efb11e3595ef4b",0,0,0,2,0,0,0,0,0,0,0,0,0,0,0,0,0,0,0,0,0,0,0,0
"133065a88b4fbf1d3e133afe0e6564b3",4,0,0,0,0,0,0,0,0,0,0,0,0,0,0,0,0,0,0,0,0,0,0,0
"13e7d8f598035447d123840e986a771a",0,0,0,0,0,0,0,0,0,0,0,0,3,0,0,0,0,0,0,0,0,0,0,1
"13fed5d2205932c2e96bc819c9c15c5c",0,0,0,0,0,0,0,0,0,0,0,0,0,0,0,0,0,0,0,0,6,0,0,0
"140acf302629ce8a6c92b6ee6e949a53",0,0,0,0,0,0,0,0,0,0,0,0,0,0,0,0,0,0,0,22,0,0,0,0
"14130b7ecf57d356da3280f9778c3f1b",0,0,0,0,3,0,0,0,0,0,0,0,0,0,0,0,0,0,0,0,0,0,0,0
"143de015385a62581309a55c2283d70c",0,0,0,0,0,0,0,0,0,0,0,0,0,0,0,0,0,0,0,0,0,1,0,0
"14e02c3f063caa94b0cc4cd379e48340",0,0,0,0,0,0,5,0,0,12,0,0,0,0,81,0,0,0,0,0,0,0,0,0
"157a3ae68f649aa19985b36aeb2b5cc6",0,0,0,0,2,0,0,0,0,0,0,0,1,0,0,0,0,0,0,0,0,0,0,0
"16507e25d999abc59217324eaa106635",0,0,0,0,0,0,0,0,0,0,0,0,0,0,0,0,0,13,0,0,0,0,0,0
"169f1397c4e27946716ce2b984c6edc7",0,12,0,0,0,34,0,0,0,0,0,0,0,0,0,0,0,0,2,0,0,0,0,0
"1865baa970105b9d8ae8063fb9ba26bd",0,0,0,0,0,0,0,0,0,0,0,0,0,0,0,0,0,4,0,0,0,0,0,0
"188b307248a230218d204fbc39bdf605",1,0,0,0,0,0,0,0,0,0,0,0,0,0,0,0,92,0,0,0,8,0,0,0
"18969c46d339b4eddedb74b77d81bd93",0,0,0,0,0,0,0,0,0,0,0,0,0,0,0,0,0,0,0,0,0,0,0,19
"18f9169db6bf6f031d94b7047720217c",0,0,0,0,0,0,0,0,0,0,0,0,0,0,0,0,0,0,0,0,0,0,0,5
"19dfd24be4bcad3cf4dba3875acfa2fb",0,0,0,7,0,0,0,0,0,0,0,0,0,0,0,0,0,0,0,0,0,0,0,0
"1b008844ab1e1200398d3a38eeafcf19",0,0,2,0,0,0,4,0,0,0,0,0,0,4,6,0,0,1,0,0,0,23,4,0
"1c26df1ed24fcb63151559348777dd35",0,0,0,4,0,0,0,0,0,0,0,0,1,0,0,5,0,0,0,0,0,0,0,0
"1c2c4481171be567789843de77e41d11",0,0,0,0,0,0,0,0,0,0,0,0,0,0,0,0,0,0,0,14,0,0,0,0
"1cb031b91bb95b4f538abeaaf0026e96",0,0,0,0,0,0,0,0,0,0,0,0,0,0,0,0,0,0,0,0,0,278,0,0
"1cdb007b530994869ed47e6660b6761f",0,0,0,0,0,202,0,0,0,0,0,0,0,0,0,0,0,0,0,0,0,0,0,0
"1d4e962f0cb28b17623d5ce153bf3da0",1,0,0,0,0,0,0,0,15,0,0,5,0,0,0,0,0,0,0,0,0,0,0,3
"1d8aca6733efbdca55134d3d6eb1d5b8",0,0,0,0,0,0,0,0,0,0,0,0,0,0,15,0,0,0,0,0,0,0,0,0
"1db34a3c2faac40962039ce55ddf2e6c",0,0,0,0,0,0,0,0,0,0,0,0,0,0,0,0,0,0,0,0,0,1,0,0
"1dbe529017f29b95ce78f5cc38355432",0,0,0,0,0,0,0,0,0,0,0,0,0,0,0,6,0,0,0,0,0,0,0,0
"1f40236cdff722a5116eb9457f8dabd3",0,0,0,0,0,0,0,0,0,0,0,0,0,0,0,3,0,0,0,0,0,0,0,0
"1f41d1247e97294bd4a54c5946268927",0,0,0,0,0,4,0,0,0,0,0,0,0,0,0,0,0,0,0,0,0,0,0,0
"1f7b30915a8fbd0ba09bec6473b86704",0,0,0,23,0,0,0,0,0,0,0,0,0,0,0,0,0,0,0,0,0,27,1,0
"20077bf45361bfb7c93a37840a275c37",0,0,0,0,0,0,0,0,0,0,0,0,0,0,0,0,0,5,0,0,0,0,0,0
"2046bb0f26fadcdf415fc402a9d93679",0,0,0,0,0,0,0,1,0,0,0,0,0,0,0,0,0,0,0,0,0,0,0,0
"205689b524b6f04b260bfa6f080179bd",772,3,9,13,0,11,8,0,7,63,0,0,11,3,12,5,0,0,0,44,4,7,84,0
"205b88c92931ca92e0f146a0e2a47dca",0,0,0,0,0,0,0,0,0,0,0,0,0,0,0,0,0,0,0,6,0,0,0,0
"207647183ba0333a1ed361c02ea50d0f",0,2,0,0,0,0,0,0,0,0,0,0,0,0,0,0,0,1,0,0,0,0,0,0
"218ce46fd7a5e12ca88880bab234f7d9",0,0,0,0,0,0,0,0,0,0,0,0,0,0,0,0,0,0,0,0,0,30,0,0
"22793edc9cd9907ce5d798d27d9bea22",0,0,0,6,0,0,0,0,0,0,0,0,0,0,0,0,0,0,7,0,0,0,0,0
"228e7ae35ddea86db1e312de22a46b5b",0,0,0,0,0,0,0,0,0,0,0,2,0,0,0,0,0,0,0,0,0,0,0,0
"23edb4fd44dea85d661464ae7125f257",0,0,0,0,0,0,0,0,0,0,0,0,0,0,0,0,0,0,0,0,0,71,0,0
"2628bc3ce0449352d3090092eba9ebc8",0,0,0,0,6,1,0,0,0,4,17,0,0,0,2,0,0,0,0,0,0,0,0,0
"26f339506d88e7b057613ee1c5bc510d",0,0,4,0,0,0,8,0,0,11,0,3,18,2,0,0,0,0,0,0,0,0,0,0
"27995115a3a9556d0a61cd820b438bb6",0,2,0,0,0,0,0,0,0,0,0,0,0,0,0,0,0,0,0,0,0,0,0,0
"2884f446b7bb73b0f419f130e9aa55b9",0,0,0,0,0,0,0,0,0,0,0,0,0,0,0,0,0,0,0,0,0,0,0,3
"28d810ba0a32732763dfb2628fdc3106",0,0,0,0,0,0,0,0,0,0,0,0,0,0,0,0,0,0,0,0,0,0,0,15
"293c013b8b4d9e2e73a5900a1364255a",0,0,2,0,0,0,3,0,0,0,0,0,0,5,0,0,0,0,0,0,7,0,2,0
"29a2816a1ac8efb1f35b2aa183c1d6e8",0,0,0,0,0,0,0,0,0,0,0,1,0,0,0,0,0,0,0,0,0,0,0,0
"29b7cd6352becc322414fa5fe983e206",0,0,0,0,0,0,0,1,2,9,0,0,0,0,0,0,0,2,0,0,0,0,0,0
"29d9af249d83e5fc67054ff02cbce1c4",0,0,0,0,0,0,0,0,0,0,0,0,0,0,0,0,0,0,0,5,0,0,0,0
"2a2b8b0dcd151e3cded4e9a0c6c8525c",0,0,0,0,0,0,0,0,0,0,0,0,0,0,0,0,0,0,0,2,0,0,0,0
"2ba90b0be01177328bfba05450b59ed7",0,0,0,0,0,0,0,0,0,0,0,0,0,0,0,0,0,0,1,0,0,0,0,0
"2cc5a3c7f04660f1ed343fa0dfc45b9a",0,0,0,0,0,0,0,0,0,0,0,0,0,0,0,0,0,0,0,0,64,0,0,0
"2cf646413bd751e43d3e3d59449dce78",0,0,0,0,0,0,0,0,0,0,0,0,0,0,0,0,0,0,28,0,0,0,0,0
"2d8f6db5d2b2c4714cc2837f9a0f2015",0,17,0,0,0,0,0,11,0,0,0,0,0,0,0,0,0,3,0,0,1,7,3,0
"2dad2b20e9a477cf4f2f537f7c39ebc5",0,0,484,0,0,0,0,0,0,0,0,0,0,0,0,0,0,0,0,0,0,0,0,0
"2e424c331fd4cc1ff133695d5b9514cd",0,0,0,0,0,0,0,0,0,0,0,0,0,0,0,0,0,0,11,0,0,0,0,0
"2e756e9be0fb920d489d2245e62d3248",0,0,0,0,0,0,0,0,0,2,0,1,0,0,0,2,0,0,0,0,0,0,0,0
"2e8cf80a637f35436facf4d188dd5efa",0,0,0,0,0,0,0,2,0,0,0,0,0,0,0,0,0,3,0,0,0,0,0,0
"2e9647a26f7602fa1bfeb52e4b5f74f1",0,0,0,0,0,0,0,0,0,0,0,0,0,0,0,0,0,9,0,0,0,0,0,0
"2eb343cdd4e7f8194270bddb086b9f60",0,0,0,0,0,0,0,2,0,0,0,0,0,0,0,0,0,0,0,0,0,0,0,0
"2f37611fbd002402d0d7bc5694578944",0,2,182,0,0,0,1,0,0,0,0,0,0,8,0,0,0,0,0,0,0,0,0,0
"2f49610f9b40af4a510bd644f3efad4b",0,0,0,0,0,0,0,0,0,0,0,0,0,0,0,0,0,0,0,0,2,0,0,0
"302c25410e905a32fac3f59019a52c7a",0,0,1,0,13,0,17,0,4,0,1,0,2,0,0,0,0,3,0,0,0,0,0,0
"3088a14eb98815ddfc6829219fe2ece3",0,0,0,0,0,9,0,0,0,0,0,0,0,0,0,0,0,0,0,0,0,0,0,0
"30e3d72fcbd951def5a57611527d2a91",0,0,17,0,0,0,0,0,0,0,0,0,0,12,0,0,0,0,0,0,0,11,0,0
"325553effac2caa0a5684f0650893e49",0,21,0,0,0,0,0,78,0,0,0,0,0,35,0,0,0,0,0,25,0,0,0,0
"3262a7e70e1dd963244d1d00a2b9281a",55,0,23,11,29,0,22,5,2,14,10,7,15,0,0,22,0,14,5,0,2,2,0,3
"328cdb0f35f0207ed4e3a37e77886853",0,0,0,0,0,0,0,0,0,0,0,0,0,0,0,0,0,0,0,0,0,0,0,1
"32e2b928caa17f9c52b5edc922326cbb",0,22,0,22,0,0,0,0,0,1,0,0,0,0,5,0,191,0,0,0,0,0,0,0
"3424612315ed0a562bbdd7a35c5591e1",0,0,0,3,0,0,2,4,0,0,0,0,5,0,0,0,0,0,0,0,0,2,0,0
"356c928ad2699d60e88ef8385d09af43",0,0,0,0,0,0,6,0,0,0,0,0,0,0,0,0,0,0,0,0,0,0,0,0
"35c84552eab09fbd4ad5b56782e29bac",0,0,0,0,0,0,0,0,0,0,0,0,0,0,0,0,0,0,1,0,0,7,0,0
"3763617a6117adc2b98525dea5f83538",0,0,0,0,0,0,0,0,0,0,0,0,0,0,0,0,0,14,0,0,0,0,0,0
"37a735a589da0a94a2ba7b17f800101d",0,1,0,0,0,0,9,0,0,12,1,0,24,0,0,4,5,3,7,0,1,0,0,0
"37d850b040c0ac3ed9b4cf1f31425509",0,0,0,0,2,0,0,0,0,0,0,0,0,0,0,0,0,0,0,0,0,0,0,0
"3878023a8196c382009637ebfe503175",0,0,0,0,0,0,0,0,0,14,0,0,0,0,0,0,0,0,0,0,0,0,0,0
"38ccc9b4b8603b38469c32ab1a7a2c24",0,0,0,0,0,4,0,1,0,0,0,0,0,0,0,0,0,0,0,0,0,0,0,0
"3990019a6040874110a72374eb15b139",0,0,0,0,0,1,1,0,0,0,0,0,0,0,0,0,0,0,0,0,0,0,0,0
"39ffb9d76fac554e243855153d0b7179",0,0,0,0,0,0,0,0,0,0,0,0,0,0,0,0,0,0,0,0,0,0,0,1
"3a579e8e269f7d3f67a4a99df65de414",20,0,0,0,0,0,0,0,0,0,0,0,0,0,0,0,1,0,0,0,0,0,0,0
"3b180b5dd5fed6eac59f8908b236b689",9,3,7,0,0,0,6,0,0,1,0,1,0,0,2,0,0,0,0,0,0,0,0,1
"3c3fd1b0bbd9f4e23e6d0abb65346a7a",0,0,0,0,0,0,0,0,0,0,0,0,0,0,0,0,0,0,0,10,0,0,0,0
"3c604a3201e8ba638398a8022cf81237",0,0,0,0,0,0,0,15,60,0,16,0,0,0,24,9,0,0,0,0,13,0,0,0
"3ed42a2a6a97d92ca05a9def60ae129a",0,1,0,0,11,0,18,1,5,2,0,0,2,5,0,9,0,3,5,0,5,0,0,0
"41152e8a5f5f452a0b48ae0be59bbf64",0,0,0,4,6,0,0,0,0,0,0,0,0,0,0,8,0,0,4,0,2,0,0,0
"41a1e2b189fb844cc6f709b415c7cb03",0,0,0,0,0,0,0,0,0,0,0,0,0,0,0,0,0,0,0,0,0,0,0,18
"4243d90941dd5826c6601bd0d628e752",1,1,0,15,0,0,0,0,0,0,0,0,0,0,0,0,0,0,0,0,0,0,0,0
"42f44f2edb9c0e7410229cd2b8495308",0,0,0,0,0,0,0,1,1,0,0,0,0,0,0,0,0,0,0,0,0,0,0,0
"42f6f0a22e628bb23bc824261f91e871",0,0,0,9,0,0,0,0,0,0,0,0,18,0,0,0,0,0,0,0,1,1,0,0
"432b385acccdf0e48a41ac2be91cad7e",0,0,0,0,0,0,0,0,0,0,0,0,0,0,0,0,0,0,0,0,0,0,4,0
"435c503719560e757317f6da116c2533",0,0,0,0,0,0,0,0,0,0,5,0,0,0,0,0,0,0,0,0,0,0,0,0
"44be4c7bdd680e21b5d6aa4223ed66a9",0,0,0,0,0,1,0,0,0,0,0,0,0,0,0,0,0,0,0,21,0,0,0,0
"44f18c2a1a9016f84975520719122199",1,0,0,0,0,0,0,0,0,0,0,0,0,0,0,14,0,4,0,0,0,0,0,0
"4542ef6a2daa70f5270ec346848c7d17",0,0,0,0,0,0,0,0,0,0,0,0,0,0,0,0,0,0,0,0,0,0,11,0
"459a6e098a853bfafb36f1e8a3c2dd33",0,0,0,0,130,0,0,0,0,0,0,0,0,64,0,0,0,0,0,0,0,0,0,0
"4723beab408940fc54f4cd28a8ce2661",15,0,0,0,0,0,0,0,0,0,0,0,2,0,0,0,0,0,0,0,0,0,0,0
"479c85bd49b21ba6a5a00d7b13766555",0,0,0,0,0,0,0,0,8,3,0,0,18,0,0,0,0,0,0,0,0,0,0,0
"47b7cb4025b7d3b0efe74271c4df5ee5",0,0,23,0,0,0,2,0,0,1,0,0,0,19,0,0,0,0,52,0,0,0,0,0
"489855189d9686629879eb3ede9486f8",0,0,0,0,0,0,0,0,0,1,0,0,0,0,0,0,0,0,0,0,0,0,0,0
"489ee2592217f15eced180d1d960d859",0,0,0,0,0,0,7,0,0,0,0,0,0,0,0,0,0,0,0,0,0,0,0,0
"48d9b9c5f3308a02da9f1eab676314e4",0,0,0,0,0,0,0,0,0,0,0,0,0,0,0,0,0,0,0,0,15,0,0,0
"498360bf0e3bea63817172cc8e57f786",0,0,0,0,0,0,0,0,0,0,0,0,2,1,0,0,0,0,0,0,0,12,0,0
"499b187b1bfd265489cfda4b4cb4d8c7",0,11,44,0,0,0,12,1,0,1,0,0,0,36,1,0,0,6,0,0,0,13,24,0
"4b2d1ff155ce01a440faa18da410b7ae",0,0,0,19,0,0,0,0,0,0,0,0,0,0,0,0,0,0,0,0,0,0,0,0
"4c3f744326739cfcb797c290083783e5",0,0,0,0,0,0,0,0,0,0,0,0,1,0,0,0,0,0,0,0,0,0,0,0
"4d06fd961ccde5a149ee9949629301a4",0,0,0,0,0,0,0,0,0,0,0,0,0,0,1,0,0,3,0,0,0,0,0,0
"4d48d7ff5be648dbff5d977be48b6c8e",5,0,0,0,0,0,0,0,0,8,0,0,10,0,0,5,2,5,11,0,0,0,0,0
"4d7192c5a137cf7ed293a21a21043126",0,0,0,0,0,18,0,0,0,0,0,0,0,0,0,0,0,0,0,0,0,0,0,0
"4da78b69df4941cda0b3c8acc6c55eeb",0,0,0,0,1,0,0,0,0,0,0,0,0,0,0,0,0,0,0,0,0,0,0,0
"4f5678f16e6e19f7f6638d8f5dd476ef",0,0,0,0,0,0,0,0,0,1,0,0,0,0,0,0,0,0,0,0,0,0,0,0
"4f8c8e41fa14dc280582fc9bd26bcbab",0,0,0,0,0,0,0,0,0,0,0,0,0,0,0,62,0,250,0,0,0,0,0,0
"4f944790b119a24e422e0c02101f575e",0,0,0,0,0,0,0,0,0,0,0,0,0,0,0,0,0,0,0,0,0,4,0,0
"50757f7f60944cfbcd89d12caf5751ce",0,0,0,0,2,0,0,0,0,0,0,0,0,0,0,0,0,0,0,0,0,0,0,0
"51194b8233acaff275c41bf94ca2c735",4,2,0,3,32,0,10,3,14,2,0,5,16,2,18,2,0,9,10,11,9,3,0,3
"51908ef8c74539aa92b2b9786e011934",37,0,5,23,1,0,7,8,5,3,0,15,11,6,26,33,1,7,11,4,95,4,13,2
"522f17a20b884e53b7e2693b431fce4c",0,0,0,0,0,0,0,0,0,0,0,0,0,0,0,0,0,8,0,0,3,0,0,0
"533abe2f5244fc57bf94b9bc19d75444",0,0,0,0,4,0,0,0,0,0,0,0,1,0,4,11,3,0,0,0,2,0,0,0
"53cf7e6e54540db448c911fd5e92d798",0,0,0,0,0,0,0,0,0,42,0,0,0,0,0,0,0,6,0,0,0,0,0,0
"54b38c88d9c93b19d675949e52a590c6",0,0,4,0,0,0,0,0,0,0,0,0,0,0,0,0,0,0,0,0,0,0,0,0
"55062e73de4a329a87628ff9f37b1ad7",0,0,0,0,0,0,0,0,0,0,0,0,0,0,0,0,0,22,0,0,0,0,0,0
"5642157fa573ca5b7b2c265fdd1d376a",0,0,0,0,0,0,0,4,0,0,0,0,5,0,0,0,0,3,0,0,0,0,0,0
"5676840dcb48c723631bddfa87256e53",0,0,0,1,1,0,0,0,0,0,0,0,0,0,0,0,0,0,0,0,0,0,0,0
"57bdaf7acf546676afff67df37e9a1b5",0,0,0,0,0,0,0,0,0,0,0,0,3,0,0,0,0,0,0,0,0,0,0,0
"57f88509141dd7b2173f2dd7050ae2e7",0,0,0,0,0,0,0,0,0,0,1,0,0,0,0,0,0,0,0,0,0,0,0,0
"57feab577c9e905b89f4a0d0e19a1631",0,0,0,0,0,0,0,0,0,0,0,0,0,0,0,0,0,0,0,0,0,0,0,63
"5896b1cec977d0f477406bd762fa00e7",0,0,0,0,0,0,0,0,0,0,0,0,0,0,0,0,0,0,0,0,0,0,0,18
"58dcb86eead72f784772ae9fa7028978",0,0,0,0,0,0,0,0,0,0,0,0,0,0,1,0,0,0,0,0,0,0,0,0
"595d437ce282c9150ef0b359609dbc2d",0,0,0,12,0,0,0,0,2,0,0,0,6,0,0,0,0,0,0,0,0,0,0,0
"5977ffe9b8a552672171aff53bcf1152",0,0,0,0,0,0,0,0,1,0,0,0,0,0,0,0,0,0,0,0,0,0,0,0
"598684eadeabc0014634de995cee3978",0,0,0,6,1,0,0,0,0,0,1,0,0,0,0,3,0,0,0,0,0,0,0,0
"5a20b9f9b38234c1dac21cd942876080",0,0,0,0,0,14,0,0,0,0,0,0,0,0,0,0,0,0,0,0,0,0,0,0
"5b9ee1e7e133e5d0eb7975ec2ee5b940",0,0,47,0,0,0,0,0,0,0,0,0,2,5,0,0,0,36,0,0,0,0,3,0
"5bc648bddeb33a57dc2d0c1c85d2e8e7",0,0,3,0,0,0,0,0,0,23,0,0,15,0,4,0,0,0,0,0,0,0,0,0
"5c35358f9cf2811d7c01d6ae6338ac4c",0,0,0,0,0,0,0,0,0,3,0,0,0,0,0,0,0,0,2,0,0,0,0,0
"5cad4c8578bb6a3fde296dc310ed4bc8",0,0,0,0,0,0,0,0,0,0,0,0,0,0,0,0,0,0,0,0,0,0,24,0
"5d51b87ca19401d742cc4419b0f302b1",3,0,0,4,0,0,0,0,0,0,0,0,0,0,0,0,0,0,0,0,0,0,0,0
"5e0b1e533d803d7c69e76c2c42359773",5,10,4,1,0,0,68,0,0,8,0,3,0,3,3,0,2,0,0,0,9,63,35,3
"5ea389ed11ea65cbf691d96f33d659db",0,0,0,0,0,0,0,0,0,7,165,0,2,10,247,0,0,0,0,0,0,0,0,0
"5ede7fd03d722dc5639044b5a606c4d9",0,0,0,0,0,0,0,0,2,0,0,0,0,0,0,0,0,0,0,0,0,0,0,0
"5f1d0897425263d44b7b2059d82493f0",0,0,0,0,0,0,0,0,0,0,0,0,0,0,0,0,0,0,0,0,63,0,0,0
"5f52549cdb824e04d23f02bc080d9a8a",0,0,0,0,0,0,76,0,0,0,0,28,0,0,0,0,0,0,0,0,0,0,0,27
"5f55d5c59eb1f4a61aeac6deb998002c",0,0,0,0,0,0,0,0,0,0,0,0,0,9,0,0,0,0,0,0,0,0,0,0
"5f9270e492afaa0d07c4de501ea92b69",0,31,11,0,0,0,3,0,0,0,0,0,0,10,1,0,120,0,0,0,7,0,4,0
"6038cbf29d9df32a9c04c69b9aec44cb",0,0,0,0,0,0,2,1,0,5,0,1,2,0,0,0,0,0,0,0,7,0,0,0
"603be18164bde09818d5345c3442ed43",0,0,0,0,0,0,8,0,3,1,0,0,0,0,6,9,1,0,0,0,3,0,0,0
"60a6e509822b724c7aef5d07e7dd5fa8",0,0,0,0,15,0,0,0,0,0,0,0,0,0,0,0,16,0,0,0,0,0,0,0
"60c3d644187c0e3533afb230533308b5",0,0,0,0,0,0,0,0,0,10,0,0,0,0,0,0,0,0,0,0,0,0,0,0
"618c0803d74e6f8a76a9ee4b22c57763",0,0,0,0,0,0,0,0,0,0,0,0,0,0,0,4,0,0,0,0,0,0,0,0
"61d31bedcdb022077d75c9c804abb782",0,0,0,0,0,0,0,0,0,0,0,0,0,8,5,0,0,0,0,0,0,0,0,0
"622229ca182cb54d8b7d3800a52de41c",0,0,2,0,0,0,0,0,0,0,0,0,0,0,0,0,0,0,0,0,0,0,0,0
"6342ef53783c13e0b8fd48000370459c",0,0,0,0,0,0,0,0,0,0,0,5,0,0,0,0,0,0,0,0,0,0,0,2
"634d407fd78c91813eca9ea557e148bb",0,0,0,0,0,0,0,0,0,0,0,0,0,0,0,0,0,0,0,0,0,0,0,2
"64a4120ad60a06da523fc690d3b62003",0,0,0,0,0,63,0,0,0,0,0,0,0,0,0,0,0,0,0,0,0,0,0,0
"64c217e69e7609aab725bda47022f406",6,24,6,10,7,0,0,0,0,4,20,0,7,2,21,32,49,13,15,21,62,37,26,0
"64c5761da4a82f87b6091e02b1791f15",0,1,0,0,85,0,0,0,0,0,0,0,1,0,0,0,97,0,0,0,0,0,0,0
"64fd6a50605bfdbb323108cc6342a4f5",0,73,1,0,0,0,0,3,274,0,0,0,0,0,1,0,0,0,0,0,0,0,19,0
"652177b74e1009d99f81843a80698de3",1,0,0,0,0,0,0,0,0,0,2,0,0,1,0,4,0,0,0,0,7,0,0,0
"6543568ae01fa1604bc331dd56a0ef35",0,0,0,0,0,0,0,0,0,0,0,0,3,0,0,0,0,0,0,0,0,0,0,0
"65a82a5c911961c932169c0e220e77b2",0,0,0,0,0,0,0,10,0,0,0,0,0,0,0,0,0,0,0,0,0,0,0,0
"65c3609dc0d57f9ea75f577ce7e1f567",0,0,0,0,0,0,0,0,0,0,0,0,0,0,0,0,0,0,0,4,0,0,0,0
"67380cd1a8cb97e0864b9a3e6daf9575",0,0,0,0,0,0,0,2,0,0,0,0,0,0,0,0,0,0,0,0,0,0,0,0
"679f6bff21acdb06b4e86fb5401bc873",0,0,0,0,0,0,0,0,0,6,0,0,0,0,0,0,0,0,0,0,0,0,0,0
"67dbb76f582ee5bf148f1cbd5681492d",0,0,0,0,0,0,0,1,0,0,2,0,0,0,0,0,0,0,0,0,6,0,0,0
"6875c0481fd234d454389a8ed7cc71cf",0,0,0,0,0,13,4,0,0,0,0,0,0,0,0,0,0,0,0,0,0,0,0,0
"692621a111dc44f40a53dab4712bacf2",3,0,0,0,0,0,0,0,0,0,0,0,0,0,0,0,0,0,0,0,0,0,0,0
"6b23984b2fe17d5f9edfe155f224e3e5",0,0,0,0,0,5,0,0,0,0,0,0,0,0,0,0,0,0,0,0,0,0,1,0
"6c1aca20caa77a2ab96e9def38eb1a8f",1,0,0,0,0,0,0,0,0,0,0,0,0,0,0,0,0,0,0,0,2,0,0,0
"6c42ec85481ff6aa8de8d43132ca5a20",0,0,0,0,0,0,0,0,0,0,0,0,0,0,0,0,0,0,0,0,0,1,0,0
"6c66a3897ad1d1d1d6816c0d581bfe5d",0,0,0,0,0,0,0,0,0,0,0,4,0,0,0,0,0,0,0,0,0,0,0,1
"6cc997eb00f4ba8d0c20c370a9a591d2",0,0,0,0,0,0,0,0,0,0,0,0,0,0,0,0,0,0,0,0,0,4,0,0
"6d53cdd772c4fc0282c670c81aeab3a0",4,0,0,13,9,0,0,0,11,5,5,42,0,10,10,0,2,0,0,0,7,0,0,25
"6d5f29dd52b4561905067ff97092fd44",0,0,0,0,0,0,0,0,0,1,0,0,0,0,0,0,0,0,0,0,0,0,0,0
"6e04eb0b099d89855e4e229caca943a4",5,186,0,0,0,0,0,0,0,0,0,0,0,0,0,0,0,0,0,0,0,0,0,0
"6e14aa93e976f784b5235093a71d2f92",0,11,0,0,0,0,0,0,0,0,0,0,0,0,0,0,0,0,0,0,0,0,0,0
"6e28ba17b7b0e0bb43a0bf751695f359",0,0,0,1,0,0,0,0,0,0,0,0,0,0,0,0,0,0,0,0,0,0,1,0
"6e3d0f883223548febd78a555714e15c",0,0,0,0,0,0,0,0,0,0,0,0,0,0,0,0,0,0,0,0,0,0,0,31
"6fc8fdf6401e53683cc2fe1e62cfc6d7",0,0,0,0,0,0,0,0,0,0,0,0,0,0,0,0,0,0,2,0,0,0,0,0
"70b1d53995e11a3784ad8f0b5b37587c",0,0,0,0,5,0,0,0,0,0,0,0,0,0,0,0,0,0,0,0,0,0,0,0
"70cdee3145605eafb5cc73b18f6cc9a0",0,0,0,0,0,0,0,0,0,0,0,0,1,0,0,0,0,0,0,0,0,0,0,0
"71936984ec427fad9bcd250585fbe8bf",0,0,0,1,0,0,0,0,0,0,0,0,0,0,0,4,0,0,0,0,0,0,0,0
"71f95ed8154a369c4db5c66cbb0f7b36",0,0,0,0,0,0,1,0,2,8,0,0,2,0,0,0,0,2,0,0,0,0,0,0
"720c9f32b026be38a8b24343e83c9b60",0,0,0,0,0,0,0,0,0,7,0,0,0,7,0,0,0,0,0,0,0,0,0,0
"72211ab6dda8354bc2a4dc33b8d18bdb",0,5,0,0,0,3,0,40,0,0,0,0,0,44,0,0,0,0,0,0,0,0,0,0
"722ad392ef331a4cb468236be9c994c9",0,0,2,4,6,0,0,0,0,0,0,4,4,0,0,0,0,0,0,0,0,0,0,6
"7248e56a284d97555bcc57b40d5f9eb5",0,0,0,0,0,0,0,0,0,0,0,0,0,0,0,0,0,0,0,0,0,0,0,1
"724e4abb18966dfd7cc77e8f711b5ced",0,289,0,0,0,0,0,0,0,0,0,0,0,0,0,0,0,0,0,0,0,0,0,0
"7258c86b16370d40379950c641bcd0fb",0,0,0,0,0,0,0,0,5,0,0,0,0,0,0,0,0,0,0,0,0,0,0,0
"7289534ec800d59f66d4194a0ab076ed",0,0,0,0,0,0,0,0,0,0,0,2,0,0,0,0,0,0,0,0,0,0,0,0
"7292c2e184db97c36ecfae249602d584",0,1,0,13,0,0,0,0,2,0,0,0,11,1,0,4,0,0,0,0,0,0,0,2
"72f023dd7ad73506585ffbfca5a21108",0,0,0,2,0,2,0,0,3,2,0,0,0,0,0,0,0,0,0,5,0,30,0,0
"7341a868b2cf72ab81d78d6a0e907f7a",0,4,2,0,0,0,6,4,0,0,0,0,0,4,0,0,0,17,0,0,0,2,0,0
"74f5a1610715a506f4109920bcb322b6",0,0,0,1,0,0,0,0,0,0,0,0,0,0,0,0,0,0,0,0,0,0,0,0
"752c32cb10f30d582cc699d95d58dd66",0,0,0,3,1,0,0,0,0,0,0,0,0,0,0,0,0,0,0,0,0,0,0,0
"75d645539b3350b78d2b93cf490e7e53",7,0,0,0,0,0,3,0,0,0,0,0,0,0,0,0,0,0,0,0,0,0,0,0
"75f7315d515861f9fce7f5a3d97109d7",0,0,0,3,0,0,0,0,0,2,0,0,0,2,0,0,1,0,0,0,0,0,1,0
"75fc6d9895fa40375fb4f40db931ba39",0,0,0,0,0,0,0,0,0,6,0,0,16,0,7,0,5,0,0,0,0,0,0,0
"797c4f9a3de7217f8b7f1be97a35b6f0",0,0,0,0,0,68,0,68,0,0,0,0,0,3,0,0,0,0,0,0,1,0,0,0
"7aa0fe00ce59539903ce1a19577d832a",0,0,0,0,0,0,0,0,0,0,0,0,0,2,0,0,0,0,0,0,0,0,1,0
"7bdd6dd2e1578b5ca8cb56bce22e3234",0,3,0,0,0,0,0,3,0,0,0,0,0,0,0,0,0,6,0,16,0,0,0,0
"7c9c1abaca7e48a1a6203c52dc125f22",0,0,0,0,0,0,0,4,0,2,0,0,4,0,0,0,0,0,0,0,0,12,0,0
"7d619029480a80a1fd28bb8d11fd204b",0,0,0,0,0,0,0,0,0,3,0,0,0,0,0,0,0,0,0,0,0,0,0,0
"7e07c9eda876bea7f192c2e506799924",0,0,0,0,0,0,0,0,0,2,0,0,0,0,0,0,0,0,0,0,0,0,0,0
"7e3684c55e6129151d085acda1f05e3f",0,4,0,0,0,0,0,0,0,0,0,0,0,0,0,0,0,0,0,0,0,0,0,0
"7f1f4f62310993992280e13982a7df35",0,0,0,0,0,0,0,0,0,0,2,0,0,0,0,0,0,0,0,0,0,0,0,0
"808b2084c548db053486ba67b18f4a31",0,2,0,0,0,0,0,0,0,0,0,0,0,2,0,0,0,0,0,0,0,0,0,0
"80dc63f8264796e5dfe129d502a9bd08",0,0,0,0,0,17,0,0,0,0,0,0,0,0,0,0,0,0,0,0,0,0,0,0
"816c688eaeb3d4b4d21be4439ce2f422",0,0,0,1,0,0,0,0,0,0,0,0,0,0,0,0,0,0,0,0,0,0,0,0
"81eace73448014b04931fe4155306f87",0,0,0,0,0,0,0,3,0,0,0,0,0,0,0,0,0,0,0,0,0,0,0,0
"8227dc74df4f3087a7523bc4624f3e0b",0,0,0,0,0,0,0,0,0,0,0,0,0,0,0,0,0,1,0,0,0,0,0,0
"82788aa8b553c94bcdda7cb288a55f0e",0,0,0,0,3,0,0,0,0,0,0,0,0,0,0,0,0,0,0,0,0,0,0,0
"83b75543bec13dc2aaa5f34f64df65f0",4,0,0,0,0,0,0,0,0,0,0,0,0,0,2,0,0,0,0,0,0,0,0,0
"83c4cb53404548c0bcd454ba4ded1bd7",0,0,0,0,0,0,0,5,0,0,0,0,1,0,0,0,0,0,0,0,0,0,0,0
"84b6319cc04e29b3d9fd9017fb8c1d5e",0,0,0,0,0,4,0,36,0,0,0,0,0,0,0,0,0,4,0,111,1,0,0,0
"8515468dfd4d318c5bc5d748f1ccd16c",13,0,0,29,6,0,11,0,0,43,0,0,20,6,4,35,4,36,0,32,10,106,115,0
"85ecb3a4480ffce252c29f593462e673",1,0,0,0,0,0,0,0,0,0,0,0,0,0,0,0,0,0,0,0,1,0,0,0
"868efabd515dd726b71b7251ccacc7df",0,0,0,0,0,0,0,0,10,0,0,0,0,0,0,0,0,0,0,0,0,0,0,0
"86cefe15bf9186d9841e52b8d2140dea",0,0,0,0,0,0,0,0,0,0,0,0,0,3,0,0,0,0,0,0,0,0,0,0
"87060f759630730f70cf560864cc3e69",0,0,0,0,0,0,0,0,0,0,0,0,62,0,0,0,0,0,0,0,72,0,0,138
"879ffc2e01575192ecf08bb9bc4eeae4",0,0,0,0,0,0,0,0,0,0,0,0,0,20,0,0,0,0,0,0,0,0,0,0
"87c8e363fcc010cbe27bf9b94c438300",0,0,0,0,0,0,0,0,0,0,0,0,0,0,0,0,0,1,0,0,0,0,0,0
"883bc31e5ddd4c60c57f2596558d0c63",0,0,0,0,0,0,0,0,0,0,0,0,0,0,0,0,0,0,0,3,0,0,0,0
"8933a7fddf6ee0a861d8412e1df92c45",0,0,0,0,0,0,25,0,0,0,0,0,0,0,0,0,0,0,0,0,0,0,0,0
"8a506093618486094e4ea9195c45bfd4",0,0,0,0,4,0,4,0,0,15,8,0,4,0,0,0,0,0,0,0,0,0,0,0
"8aa84b3945f44148d755bce72e84caf6",0,0,0,0,0,0,0,0,0,6,0,0,0,0,0,0,0,0,0,0,0,0,0,0
"8b5ecd57089cba9b733889ce44f0668c",0,0,0,0,0,0,0,0,0,0,0,0,0,0,0,0,0,0,0,137,0,0,0,0
"8b84174f2fa22132c7700c3c9f94d264",0,0,0,0,0,0,2,0,0,0,0,0,0,0,0,0,0,0,0,0,0,0,0,0
"8bb82fcd7e4bf572fec94e389c71890f",0,8,0,0,40,0,0,140,6,0,0,0,236,0,104,0,9,6,0,0,7,0,0,0
"8bc8704bf0b0cec29f2ace5829a4b496",0,0,0,0,0,0,0,0,0,0,0,0,0,57,0,0,0,0,0,0,0,0,0,0
"8be2ac63941f893f51e415c1ed9a1547",0,0,0,0,9,0,5,0,0,0,0,0,0,0,0,0,0,0,0,0,0,0,0,0
"8bfd186c44a48fb7c360a5832f985c84",0,0,1,0,0,0,0,0,0,0,0,0,0,0,0,0,0,1,0,0,1,0,0,0
"8c406939ddcf61dd3605a8041b4b1ee8",0,0,0,0,0,0,0,0,0,0,0,0,0,0,0,0,0,14,0,0,0,0,0,0
"8c694aec46d18add999eab7efd4cc97e",0,0,0,0,0,0,0,0,0,0,0,0,0,16,0,0,4,0,1,0,0,0,0,0
"8d03a02f499c122acf65553e758ec372",0,2,0,15,27,0,22,6,1,0,0,0,0,0,3,0,0,0,9,12,0,0,0,0
"8d3283d4a84db323fdfe35aa29f78e77",0,0,0,3,0,0,6,0,0,0,0,0,1,0,0,0,0,1,0,0,11,0,0,0
"8e8de8ad663b3c59d523b0802ea5a7ea",0,0,2,0,4,0,11,5,2,5,4,0,8,0,0,3,0,3,0,0,0,0,0,0
"8ea2d22cc09a311033ce0cbef2accca7",2,15,5,12,2,3,2,0,0,0,0,0,6,4,0,0,0,77,0,0,0,7,10,0
"8f20155cab8961f657a4824a6340f8c7",0,0,0,3,0,0,1,0,0,0,0,0,0,0,0,0,2,0,1,5,9,1,2,0
"8f719bd3929b0c781ed6d85861f1ab72",0,0,0,0,0,0,0,3,0,0,0,0,0,0,0,0,0,0,0,0,0,0,0,0
"901e76ba827a95be841fe87930edc628",279,118,0,0,0,665,0,0,0,0,0,0,0,0,0,0,0,0,0,0,0,0,135,0
"91901940638fe1568a6c314f2e3ee77a",0,0,0,0,0,0,0,0,0,0,0,11,0,3,0,0,0,0,0,0,0,0,0,5
"91b096d235ee04c097596d94d00a896c",0,0,0,0,0,0,1,0,0,0,0,0,0,0,0,0,0,0,0,0,0,0,1,0
"9257ff2ff456a489b307b29c4958399f",0,1,0,0,0,0,0,0,0,0,0,0,0,0,0,0,30,0,0,0,0,0,0,0
"93043307c86da9894b793b773afda646",0,0,0,0,0,0,0,0,0,0,0,0,0,1,0,0,0,0,0,0,0,0,0,0
"93320ebc29d27e3ded5a82a4b0e05654",0,0,0,0,0,0,0,0,0,0,0,0,0,0,0,2,2,0,0,0,2,0,0,0
"937a2900ceb77e0766b1e02e004a0aae",0,0,0,2,0,0,0,0,0,0,0,0,0,0,0,0,0,0,0,0,0,1,0,0
"93949ed85a779a69a810bbce16aaf3a5",0,0,2,0,0,0,0,0,2,0,0,0,0,2,0,0,0,0,0,0,0,0,0,0
"9417d82d0c7bb435abddf997b39f3495",0,0,0,0,0,0,0,0,0,0,0,57,0,0,0,0,0,0,0,0,0,0,0,81
"943381fd1c5a600c2be94def971cebdf",0,0,0,0,0,0,0,0,1,0,0,1,0,0,1,6,0,0,4,0,0,0,0,0
"9505be29d2fa52676230a091b00ca36b",0,0,0,0,0,0,0,2,0,0,0,0,0,0,0,0,0,0,0,0,0,1,0,0
"959831f6a19bd9ffda2265819bbdff60",0,0,0,6,0,0,7,13,3,74,0,0,0,0,0,0,0,0,1,14,0,0,0,0
"95faeecbb69333a07837b11d12c978ac",0,0,0,0,0,71,0,0,0,0,0,0,0,0,0,0,0,0,0,42,1,0,0,0
"9602403b7c5b2f3c1c1673453ecf6ccf",4,0,0,0,0,0,0,0,0,0,0,0,0,0,0,0,0,0,0,0,0,0,0,0
"96358673195cfa8d619a1835c75f8fca",0,0,115,0,102,0,0,0,2,0,2,28,706,51,353,0,0,0,60,825,0,412,664,21
"9671ec8289fb2663501f64f7b59adf66",0,0,0,0,0,0,0,0,0,0,0,0,0,0,0,0,0,0,0,0,0,0,0,34
"96a1a8351f1bc12e6cf3650e804f392b",0,0,0,0,0,0,0,0,0,0,0,0,0,0,0,0,0,0,0,9,0,0,0,0
"97f48dcce1b129d5c3278b95a30ee9fa",0,53,1,0,0,0,0,0,0,0,0,0,0,0,0,0,0,0,0,0,0,0,0,0
"98c066b4510e653eb43f3726257832a9",0,0,0,0,0,0,0,0,0,0,0,3,0,356,0,0,0,206,0,0,0,0,0,2
"9aaa60378b2f5e36c3ae7b5d1a332297",0,0,24,0,0,0,0,0,0,0,0,0,0,0,1,0,0,0,0,0,0,0,0,0
"9aabfe45561b91b3796826372a958916",0,0,0,0,0,34,0,0,0,0,0,0,0,0,0,0,0,0,0,0,0,0,1,0
"9b9a4c0d38bfd1cbca13ad7ca796e121",0,0,0,0,0,0,0,0,0,5,0,0,0,0,0,0,0,0,0,0,5,0,0,0
"9baadd58cbfe73844b4d5c0947cabf3d",0,0,0,0,0,0,0,0,0,0,0,0,0,0,0,0,0,0,5,0,0,0,0,0
"9bc1120338b7a6c016602acf4e11955e",0,0,0,0,0,0,0,0,0,0,0,0,0,0,0,0,0,0,2,0,1,0,0,0
"9cc389e12aafb1d490972ed42a560606",0,0,0,0,0,0,0,4,0,0,0,0,0,0,0,0,0,0,0,0,0,0,0,0
"9d1496d015d19133de1990a3984b0105",0,0,0,0,0,0,0,0,0,0,0,0,0,34,0,0,0,0,0,0,3,0,0,0
"9f073c7d9d421aecbccef9482ddaa256",0,0,0,0,0,0,1,14,0,0,0,0,3,0,0,0,0,2,0,29,0,0,0,0
"9f09935c802ae14a5722686b18ce7a09",0,0,0,0,0,0,0,0,0,0,0,1,6,0,0,1,0,0,0,0,2,1,0,0
"a0b41a631302f10ee8820993d6dced8e",0,0,0,0,0,0,0,0,0,0,0,0,0,0,1,0,0,0,0,0,0,0,0,0
"a0e46ac8eba28347ab8bec688a4beb35",0,0,0,0,0,0,0,58,0,1,0,0,0,0,0,0,0,0,0,0,0,0,0,0
"a150a91c1d8c5b312909c44054d99d56",0,0,0,0,0,0,0,0,0,0,0,0,0,0,0,0,4,0,0,0,0,0,0,0
"a167f5d3a20c485b2f471ab2c37726ea",0,0,0,0,0,0,0,0,0,0,0,0,0,71,0,0,0,0,4,0,0,0,0,0
"a2c357a0da9e05120d4bf4ea5d207424",10,9,5,15,32,3,50,5,16,38,0,68,26,18,46,92,49,5,12,51,48,49,7,48
"a3e690433a5d05d6986e73778039b877",0,0,0,0,0,0,0,0,0,0,0,0,0,0,0,0,0,4,0,0,0,0,0,0
"a4c33d6fb422f28580951805de91b629",0,0,0,0,5,0,14,0,0,0,0,0,0,0,0,0,0,0,0,0,0,0,0,0
"a4f8050013eaf59b7885511a886ec05c",3,0,0,0,0,0,0,0,0,0,0,0,0,0,0,0,0,0,0,0,0,0,0,0
"a7492f328db73571d15ddc6764974771",0,110,0,0,0,0,0,267,0,0,0,0,0,22,0,0,0,1,19,7,7,0,0,0
"a751ad3c1013e266e50ad99eb9f5cfab",0,0,0,14,0,0,0,0,0,0,0,0,0,0,0,0,0,0,0,0,0,0,0,0
"a75e61e60935cc00ec6f9f5b18e2e153",0,0,0,0,0,0,0,3,0,2,0,50,1,0,0,0,0,0,0,0,0,0,0,32
"a76143fcccaa547f6ee2ce7505c72528",0,0,2,0,0,0,0,0,0,0,0,0,0,0,0,0,0,0,0,0,32,0,0,0
"a86511817d2cdd18a28ccc411d5f232e",0,0,0,0,0,0,0,0,0,0,0,0,0,0,0,0,0,0,0,0,3,0,0,0
"a92592c27ed9a271b75b8508126bd83b",0,0,0,17,0,0,0,0,0,75,0,0,0,0,0,0,0,32,0,0,0,0,0,0
"ab833d760826a6ca6400f05b9b6819df",3,0,0,0,2,0,0,0,1,0,1,2,0,0,0,0,0,0,0,0,0,0,0,0
"ac22a559ac2178dbbdcdcb21a456adb5",0,11,0,0,15,0,2,3,4,24,1,0,5,4,0,2,0,2,14,0,3,1,0,0
"ac4067d1bc9b26ab6dfa92e0611f70c0",0,0,0,1,0,0,0,0,0,0,0,0,0,0,0,0,0,0,0,0,0,0,0,0
"ad0517f63b97eb7f2d585aff52a82a5a",9,0,3,3,0,0,0,0,0,0,0,0,0,9,8,0,0,5,0,0,0,3,0,0
"add5fa04356ef8de355d131bd6a8b141",0,5,0,0,66,33,6,0,0,0,11,92,18,12,8,13,87,24,32,63,19,0,15,73
"ae24fa5bbdacd345d4e707dfc43bd84d",0,0,0,0,0,0,0,0,0,0,0,0,0,0,15,0,0,0,0,0,0,0,0,0
"aee15db96e226ba76ef266b9be1ded54",0,0,0,0,0,0,0,0,0,0,0,0,0,0,0,0,0,26,0,0,0,0,0,0
"af4586aad90e95b275d1f8790caba3a4",0,0,0,0,0,0,0,0,0,0,0,0,0,0,0,0,0,2,0,0,0,0,0,0
"affca838ffefa9cd706b16017bb3a1d5",0,0,0,0,0,50,0,0,0,0,0,0,0,0,0,0,0,5,0,0,0,4,29,0
"b07f8b3173c460d5788af0b0c4d1759a",0,2,0,0,0,0,0,0,0,0,0,0,0,0,0,0,0,0,0,0,0,0,0,0
"b1222a37561d251e0d90372457289dab",0,0,0,5,1,0,6,5,0,16,0,16,0,0,0,0,0,0,0,0,0,0,3,7
"b15f4b0376ee671573d77c88882f224a",0,8,0,0,0,0,0,0,0,0,0,0,0,16,0,0,0,0,0,0,0,0,10,0
"b1a450dde844440618639de15c79f986",0,0,0,0,0,0,0,0,19,0,0,0,0,0,0,0,0,0,0,0,0,0,0,0
"b1f12720c9fdcbc57f844b042513706a",0,0,0,0,0,0,0,0,115,2,0,0,0,1,0,0,0,0,0,0,0,0,2,0
"b22c4bfbed9705913d76ee036c4d32ae",0,0,0,5,0,0,0,0,0,0,0,0,0,0,0,0,0,0,0,0,0,0,0,0
"b26a6bb5229820a1d23ab63ce3bd1dfd",0,0,0,0,0,0,0,0,0,0,0,0,0,0,0,0,0,0,0,0,0,0,0,15
"b2c876c87ecc655a28c5cd606e84650d",0,0,0,0,0,0,0,0,0,8,0,0,0,0,0,0,0,0,0,0,0,0,0,0
"b42e4a2044cb597d69cecbc6cc135d70",0,0,0,0,0,0,0,0,0,0,0,0,0,0,0,0,0,0,0,0,0,0,0,2
"b4693286f1da6b0cf6fdc40d60825cf0",0,0,0,0,0,0,0,0,0,0,0,0,0,0,0,0,0,0,0,0,10,0,0,0
"b48966e56d4a7cf09c2e0ba8db364426",0,0,0,2,0,0,0,0,0,0,0,0,0,0,0,0,0,0,0,0,0,0,0,0
"b50b5ca02be0ac4c4936abb44df4329c",0,0,0,4,2,0,1,0,0,6,0,1,0,3,0,0,0,0,0,0,0,0,0,1
"b579162c3306e9227d909c025b4b93b6",0,0,0,0,0,0,0,0,0,36,0,0,0,0,0,0,0,0,2,0,0,0,0,0
"b59c0cb9b3c115b8122d6b238b91db80",0,0,0,0,0,495,0,0,0,0,0,0,0,0,0,0,0,0,0,0,0,0,0,0
"b5c664a0164d4208088951904ee2836c",0,0,0,2,0,0,0,0,0,0,0,0,0,0,0,0,0,0,0,0,0,0,0,0
"b655a145e13345197357c179388d5320",0,3,0,0,29,0,17,0,0,0,0,0,0,0,0,0,0,0,0,0,0,0,0,0
"b663f3caf7e5b53da8dec91859ff75a2",0,0,0,0,0,0,0,1,0,0,0,0,0,0,0,0,0,0,0,0,0,0,0,0
"b6a91c19a4fe996af94d5841a4e21e42",0,0,0,0,1,0,0,0,0,0,0,0,0,0,0,0,0,0,0,0,0,0,0,0
"b704e8b262581e66feeb69ffbfb40916",0,0,629,0,1,0,0,0,841,0,0,0,0,668,0,0,0,0,1,0,0,0,0,1
"b8bdb08e00c58b0357c86a766da0c25f",0,0,0,0,0,0,0,0,0,0,0,0,0,0,0,0,0,0,1,0,0,0,0,0
"b9c24c95b2be51fe6c022a7132713cc8",0,0,0,0,0,0,0,34,0,0,0,0,0,0,0,0,0,0,0,0,0,0,0,0
"ba2d82ee9bea738227c60139f8e1b4d7",0,0,0,0,0,0,3,0,0,0,0,0,0,0,0,0,1,0,0,0,0,0,0,0
"ba7c9356eceed18354e4ab587172fab8",0,0,0,0,0,0,0,0,0,6,0,16,0,0,0,0,0,1,0,0,0,0,0,10
"bb0a4c6a932ce93cd016c3d797a7335f",0,0,0,0,0,0,0,0,2,0,0,1,15,18,0,20,0,0,0,0,0,0,0,0
"bbb724d663f39ce2ff3305ae12f801cc",6,0,0,4,0,0,1,0,0,3,0,0,0,0,0,0,11,0,0,0,0,0,0,0
"bbfc412e61b83ccf64d8fe364c108734",6,0,0,2,5,0,23,0,10,29,7,1,28,0,13,0,19,0,0,0,2,0,2,2
"bc2dca03830ac4d471db3c64ead32c0f",0,0,0,0,0,0,0,0,0,21,0,0,4,0,0,0,0,0,0,15,0,29,0,0
"bc710dee36909e63c516a2db6d0bff54",0,0,0,6,0,0,0,0,0,0,0,0,3,0,0,0,0,0,0,0,0,0,0,0
"bc7dac3d769ae7f1a8231f2af77595ef",0,0,0,0,0,0,0,0,0,0,0,0,0,0,0,0,0,0,0,0,0,0,0,11
"bd8346d96ce325c586dabc23464afaf1",0,0,0,0,0,0,251,0,0,0,0,0,0,0,0,0,0,0,0,0,0,0,0,0
"bdf1b9320afae9faa81dcd0746f39d78",0,0,0,0,0,0,0,0,0,0,0,0,0,0,0,0,0,5,0,0,25,0,0,0
"be11ff7a71ad16222d6fb25832a9428b",0,0,0,0,0,0,0,0,0,0,0,0,0,0,0,0,0,0,0,0,0,0,13,0
"be81e9534f64bf6d7cc665fa0d02ba3c",3,5,7,28,55,0,9,0,4,13,5,5,3,9,22,41,12,6,20,46,49,5,1,1
"bea64cae41a783ff2a13ab83b663c71a",0,0,0,0,0,0,0,0,0,0,0,0,2,3,0,0,0,1,38,0,0,0,0,0
"bf1f2247ed8cc506a4a1a469e0193080",0,0,0,0,0,23,4,3,0,0,0,0,0,0,0,0,0,0,0,25,0,0,0,0
"bf7326383717cca9aeafae12f004a3d1",0,0,0,3,15,0,6,1,0,5,0,3,3,0,0,0,0,7,1,0,2,0,0,5
"bfcdb25a294b0ef84e964f4f9d964a94",3,116,2,36,13,6,14,11,307,42,346,8,20,0,0,187,0,113,7,7,8,0,40,14
"c017fffe4b2390658f3fc755a15d325c",0,0,0,11,0,0,6,0,0,0,0,0,0,0,0,0,29,0,0,0,0,0,0,0
"c0df105a43db9827405a3c4d652c16da",0,0,0,52,0,0,96,0,0,17,0,0,0,0,0,350,0,0,440,0,1,0,26,0
"c1979dd45333b8dc0d5d5d03e7e72976",0,0,0,0,0,0,0,0,0,0,0,0,0,0,0,2,0,0,0,0,0,0,0,0
"c1c9a910aa380ee8c810e376d5c47fb6",0,0,0,0,0,0,0,0,0,0,0,0,0,0,0,0,0,0,0,0,0,0,0,17
"c1f91bf0de4827887a8652fe3170623c",0,0,0,0,0,0,0,0,0,0,0,0,0,0,0,0,0,0,0,14,0,0,0,0
"c22bea380dfd07a18649d6212ab95a77",0,0,0,0,0,0,0,0,0,0,0,0,0,0,0,0,0,0,0,0,10,0,0,0
"c2ee2c7c136154a676840ec23002d034",0,0,0,0,0,0,0,0,0,0,0,0,1,0,0,3,0,0,0,0,0,0,0,0
"c3185e57ea7fc799bc72b741c4fec3b6",0,0,0,0,0,10,0,0,0,0,0,0,0,0,0,0,0,0,0,0,0,0,0,0
"c354ef460023df4e2f6da07df4f6b7b8",0,0,0,0,0,0,0,0,0,32,0,0,0,0,0,0,0,0,0,0,0,0,0,0
"c379a58c1e9a614264fc7359907465d5",0,0,0,0,0,0,0,0,0,0,0,0,0,0,0,0,0,0,0,0,0,0,0,3
"c3a5aa8e580ba49872d77c9b351d2dac",0,0,0,0,5,0,9,0,0,0,0,0,0,52,0,0,0,0,0,0,0,0,0,0
"c3ca415256b58b57050a8dcf1d01b4e9",0,0,0,10,0,0,0,0,2,0,0,1,0,0,0,0,0,0,0,4,0,0,0,0
"c3cd7a0599b72aa37f8dc51a3e5a145e",8,0,0,3,0,0,0,0,2,0,0,0,0,0,0,0,0,0,0,0,0,0,0,0
"c442bea63c2ce46f1bf1b2f415e28a01",0,0,0,0,0,0,0,0,0,0,0,0,0,0,0,0,0,0,0,0,0,0,0,4
"c48ba35a9b17ed8194b9d6d86c597698",0,158,0,0,0,0,10,0,0,0,0,0,0,0,0,0,0,0,0,0,0,0,0,0
"c55db7a652b1e887c7d6d32687ee41d3",0,0,0,0,0,0,0,0,0,0,0,0,0,0,0,0,0,0,0,0,4,0,0,0
"c567bf7abb311bb370033be67adfaa48",0,0,0,0,0,0,0,0,0,0,0,1,0,0,0,0,0,0,0,0,0,0,0,2
"c595a6f3431803bf7101317fd85ec23b",0,6,0,3,0,58,9,9,0,0,0,0,0,20,0,0,0,6,4,129,15,26,7,0
"c6292261aef296d5088023149bb308e4",0,0,3,0,0,0,0,0,0,0,0,0,0,0,0,0,0,0,0,0,0,0,0,0
"c665678f66dbac187747d21fad41ee92",0,0,0,0,0,0,0,0,0,0,0,0,4,15,0,14,0,0,1,0,0,0,0,0
"c6a814659d35e3b3db5f065838992a6f",0,0,0,0,19,0,0,0,0,0,0,0,0,0,0,0,4,0,0,0,0,0,0,0
"c6af86d8a6dba2b7ae3e3604d81b7b14",0,0,0,0,2,0,0,0,0,0,0,0,0,0,0,0,0,0,0,0,0,0,0,0
"c6bee26d60c7ac66ac0e409e7221ec12",0,0,0,0,0,0,0,54,0,0,0,0,0,0,0,0,0,0,0,0,0,0,0,0
"c6cf1b9fe242ff77e83f88faeff1a309",0,2,0,0,0,0,0,0,0,0,0,0,0,0,0,0,0,0,0,0,0,0,2,0
"c6d9ed70e1b4ccd9b8c755dfc5dd732b",0,0,0,0,0,0,0,0,0,0,0,0,0,0,0,0,2,0,0,0,0,0,0,0
"c72be7befb629450a3b5baae4886ec08",0,4,0,0,17,0,0,0,0,2,0,0,0,0,0,0,76,0,0,0,0,9,0,0
"c7aebe3ff00d1b27d95056b2bfc18738",4,1,0,3,0,0,3,2,0,0,0,0,0,0,0,0,4,0,0,0,0,0,0,0
"cbc4c77e61ae22c1dc6c41c6fa7af4db",0,0,0,0,0,0,0,0,0,4,4,62,0,0,18,0,4,0,3,0,0,0,4,34
"cda378e2bca7a513e8c12f625dd65e8c",0,0,0,0,0,0,0,0,0,0,0,0,0,0,0,0,0,0,0,0,0,0,123,0
"cdd0be4640d5a0e9c4304bd9716c475a",0,2,0,0,0,0,0,0,0,0,0,0,0,1,0,0,0,0,0,0,0,0,0,0
"cef8e806ec2c356ef855d125dc2cd450",0,0,0,0,1,0,0,0,7,0,0,0,0,0,0,0,0,0,0,0,0,5,0,0
"cf82fbe157d6c713ab034354492c227e",0,0,3,0,0,0,0,0,0,0,0,0,0,0,0,0,0,0,0,0,4,0,0,0
"d19ab6062fc0399c27645b6da87fa597",0,0,0,0,0,0,0,56,0,87,0,0,0,0,0,0,0,0,0,0,0,0,0,0
"d21710911b184d6eee705efbd62291d6",0,0,0,0,0,0,0,0,0,0,0,0,0,0,0,0,0,2,0,22,0,0,0,0
"d2a3b0bff7e77e696d61747db220e5eb",0,0,0,0,0,0,0,0,0,0,0,0,0,4,0,0,0,0,0,0,0,0,0,0
"d3fde8c76baf89da74067b510353335a",0,0,0,0,0,0,0,27,0,0,0,0,0,0,0,0,0,0,0,0,0,0,0,0
"d433dc4aa91bc9daa5f53f5ec5a21684",0,0,0,0,1,0,0,0,0,0,0,0,0,0,0,0,0,0,0,0,0,0,0,0
"d5674bc4146a8055523ad04123e69337",0,0,0,0,0,0,0,0,0,0,0,0,0,4,0,0,0,0,0,0,0,0,0,0
"d6a1f0a127d0ac180c9d664b35e33ab3",4,0,0,0,0,0,0,2,0,0,0,0,0,0,0,0,0,0,0,0,0,0,0,0
"d6bfb4a12ae37cc3afa209f64b766bdb",0,0,18,2,0,0,0,94,0,0,0,0,0,0,0,0,4,16,0,0,0,0,0,0
"d80f3d6368c3e7ec328bff638a272abd",0,0,0,0,0,0,0,3,0,0,0,0,0,0,0,0,0,0,0,0,0,0,0,0
"d8ad4bab95f1c96a8148b1e85a1047d3",0,0,0,0,0,0,0,0,0,0,0,0,0,0,0,9,0,0,0,0,0,0,0,0
"d8fb9ae030e1b8c35452cd8897bcfa19",0,0,0,7,0,0,13,0,0,0,0,0,1,4,5,0,0,0,0,0,0,0,0,0
"d905cc371e1d9fa50a177230e5c14355",0,0,0,0,0,12,0,0,0,0,0,0,0,0,0,0,0,0,0,0,0,0,0,0
"da854ed0345bde4815f588e990197f8e",0,0,0,0,0,0,0,0,0,0,0,1,1,0,0,0,0,0,0,0,0,0,0,0
"dac977091c36ad3cf5b1dc51be836544",0,0,0,0,0,0,0,0,0,14,0,0,0,0,0,0,0,0,0,0,0,0,0,0
"dcfa160aa0639bb6a24f8fe3534f3d3e",0,0,0,0,0,0,0,0,0,3,0,0,0,0,0,0,0,0,0,0,0,0,0,0
"dd48440e364f7cbd4a59efb70de4c998",0,0,0,2,0,27,0,0,0,0,0,0,0,0,3,0,2,0,0,0,0,1,0,0
"dd7008e8576eac2369d61ea6be4201f9",0,0,0,0,0,0,0,24,0,0,0,0,0,14,0,0,0,0,0,0,0,0,0,0
"de4ed0bff88b2c77a9af8bdf38b1f1e3",17,2,0,4,8,10,6,2,2,8,9,64,46,4,8,39,0,40,0,5,0,6,0,32
"de6dfa90142f537868169167ee3c97e9",0,1,0,3,5,0,12,3,4,6,0,2,1,0,0,7,1,9,2,7,0,12,0,1
"de9be834fc7b42169a00cab2af100d2f",1,0,0,3,0,0,4,0,6,6,3,6,0,1,1,0,0,0,0,0,0,0,0,0
"df01d553195b33509cf4594ce7b8894e",0,0,0,0,0,0,0,0,0,0,0,0,0,0,0,0,0,0,0,57,0,0,0,0
"df194c1bb0d2958e892c22038dab81a0",0,0,0,0,0,0,53,0,0,0,81,0,0,0,0,0,0,0,0,0,0,0,15,116
"df22ac41e91b9ac5d229ad84dc14798f",0,0,0,6,1,0,0,0,0,0,0,0,0,0,0,3,0,0,0,0,0,0,0,0
"e030b8a227571bbf8895cd8707888c74",0,0,0,0,0,0,0,1,0,0,0,0,0,0,0,0,0,0,0,98,0,0,0,0
"e1102aa8497f7a776bad1c8e79814f7a",6,0,0,0,0,0,5,0,0,0,0,0,3,0,0,0,5,0,1,0,0,3,0,0
"e164bdd76758ba8773463f96042e87e2",0,1,9,0,0,0,0,16,0,0,0,0,2,0,1,0,0,2,0,0,2,2,0,0
"e1731db90436ff821ce7a5d9dd01e3f1",0,0,0,0,0,0,2,0,4,0,0,0,0,0,0,0,0,0,0,0,0,0,0,0
"e21251704acee76a1259cf7abb92f921",0,0,0,0,0,0,0,0,0,0,0,0,0,0,0,0,0,0,0,0,0,43,0,0
"e22e90dc88d530a3e1df2299063b6fa0",0,0,0,0,0,0,0,0,0,0,0,0,0,0,0,0,276,1,0,0,0,0,6,2
"e2d470f4ea2ee62af59e9e8deff156ff",0,0,0,9,0,0,0,2,0,0,0,0,0,0,0,0,0,0,0,0,0,0,0,0
"e328c2957e2e9cc2c000c5e337c6d6f3",0,0,0,0,0,0,0,0,0,0,0,0,0,0,0,0,0,0,0,0,0,0,0,9
"e353510f589c999862b99e58b5261f4a",0,0,0,0,0,0,0,0,0,0,0,0,0,0,0,0,0,0,0,0,0,0,0,1
"e4312ea6755ce892f11fd1cfec87feef",0,0,0,0,0,5,0,0,0,0,0,0,0,0,0,0,0,0,0,0,0,0,0,0
"e4bb6d30f5c4b7293c6b4583634f7724",0,0,0,2,0,0,10,0,0,0,0,0,0,0,0,0,0,5,0,0,0,0,0,0
"e5682e86239a3955624c619135927dbc",0,0,0,0,0,0,0,5,0,0,0,0,0,0,0,0,0,2,0,22,1,1,0,0
"e58ebcda778bce3f4ca3a33397822452",0,0,0,0,0,0,0,0,0,0,0,0,0,0,0,0,0,0,1,0,0,0,0,0
"e597ccfe45843414575081e1a9473fc3",0,0,0,0,0,0,0,0,0,0,0,0,0,0,0,0,0,0,0,0,0,0,3,4
"e5d6e777993a77e6d3395b040da98107",0,0,0,0,0,0,0,0,0,0,0,0,0,0,0,0,0,0,0,0,1,0,0,0
"e653d2072a0ba5d211f3efa7fa2666b8",0,0,0,0,0,0,0,0,0,0,0,0,0,0,0,0,0,0,0,0,0,0,9,0
"e68e70d81d7a64a3bcccc61986d61692",0,0,0,0,0,0,0,0,0,0,0,0,0,0,0,0,1,0,0,0,0,0,0,0
"e70453a9ca859e98820cc90884b2cd3b",0,0,0,0,0,0,0,0,0,0,0,0,0,0,0,0,0,0,0,0,0,148,0,0
"e70be14b59b96b60426f8ccf4ccb9899",30,0,0,12,0,0,17,0,0,0,0,0,0,0,0,62,0,0,0,0,0,7,34,0
"e70d700a66f6f8c1b7015ae8bd757a4e",0,0,0,0,0,0,0,0,0,0,0,0,0,0,0,0,0,0,0,14,0,0,0,0
"e746b3149463dd60cbdb1e685c0e93db",0,0,0,0,0,0,0,0,0,0,0,0,0,0,0,0,1,44,0,0,0,0,0,0
"e80fc88b1e7f9bf15ed3154e66f45c59",0,0,0,0,3,0,0,0,0,0,0,0,0,0,0,0,0,0,0,0,0,0,0,0
"e843c4b4c8c564d48fc56608ff2a61c6",0,0,18,469,3,0,0,0,0,0,444,0,0,0,28,258,0,0,0,0,0,0,0,0
"e8be8273c24834ca59aac18e88774862",0,0,21,0,0,17,7,15,0,0,0,73,3,3,2,13,0,0,20,0,2,0,0,63
"e997ee1d057834c8599876127664ec6a",0,0,0,0,0,0,10,0,0,0,0,0,0,0,0,0,0,0,0,0,0,0,0,0
"e9edf388319c89c9fce4107efadfe2cc",0,0,0,0,0,0,0,0,0,0,0,0,0,0,0,0,0,0,0,0,0,0,3,0
"ea6f798e18f5111e81d0d1311520d357",0,0,0,0,0,0,0,0,0,0,0,0,0,0,0,0,0,7,0,0,0,0,0,0
"ea8e740f398f46ed51e2583f8d4c3dff",0,0,1,3,1,0,0,0,0,0,0,1,4,0,0,0,0,1,0,0,13,1,0,0
"eaeb39796ac186f4f0de98502ccb5189",0,2,0,0,0,0,0,2,0,0,0,0,0,0,0,0,0,0,0,0,0,0,0,0
"eb004bb56bfcfb528423999878626e16",0,8,0,0,0,0,0,0,0,0,0,0,0,0,0,0,0,0,0,0,0,0,0,0
"eb89ba67d163d87cf67e752e6abc78ea",2,0,0,6,0,0,0,0,0,0,0,1,0,0,0,1,0,0,0,0,0,0,0,0
"ebd36b4d49f39fc3767575b66c4a2ad6",0,0,0,0,0,0,0,0,0,0,0,0,0,0,0,0,0,0,0,0,0,59,0,0
"ec24a0ea221098dafcfd4855eb9d87b3",0,0,0,0,0,0,0,0,0,0,0,0,0,0,0,0,0,0,0,52,0,0,0,0
"ec491f12fa816bcf42ea183b7a9be534",0,3,0,0,0,0,0,0,0,0,0,0,0,0,0,3,0,0,0,0,5,0,0,0
"ecda2e57d922a12ab0582d25e0e027ed",5,0,3,0,0,0,0,0,46,13,0,0,0,4,0,0,0,0,0,0,0,0,0,0
"ece1e0a6a7937a0a7466d2e5642660ef",0,0,0,0,0,0,0,0,0,0,0,0,0,1,0,0,0,0,0,0,3,0,0,0
"ee47b326c380e50faa878032111391d2",0,0,0,0,0,0,0,0,0,43,0,0,0,0,0,0,0,0,0,0,0,0,0,0
"ee827df34d1e79d2abef5c563ea7d155",17,0,6,5,15,0,27,14,9,14,124,156,58,26,22,32,9,24,2,45,33,18,6,112
"eec2199a0528917145eabfec8c6ae91d",0,0,0,0,0,0,0,0,0,0,0,0,0,0,0,4,0,0,0,16,38,0,0,0
"f022cd56ba8ed11aa1d449de2cf19ac5",0,0,0,0,0,4,0,0,0,0,0,0,0,0,0,0,0,0,0,0,0,0,0,0
"f04e36e772fd810296e6e9d8837d7465",0,0,0,0,0,0,4,1,0,0,0,0,0,0,0,0,0,0,0,0,0,0,0,0
"f0d2a7581c4bd7f58692d33441b0136e",0,0,0,0,0,0,0,0,0,0,0,0,0,0,293,0,309,0,0,0,0,0,73,0
"f10465c7f7c8e2c5977d5855616345f2",0,0,0,0,0,0,0,0,0,4,0,0,0,0,0,0,0,0,0,0,0,0,0,0
"f1b2c530b8f36ad6ebcafd910373b7a3",0,5,0,0,0,0,0,0,0,0,0,0,0,0,0,0,0,0,0,0,0,0,0,0
"f240b0a63131c9e78f626e2c8ff68383",0,0,0,0,0,0,0,0,0,0,0,0,2,0,0,0,0,0,0,0,0,0,0,0
"f26f75216e50e0fe70db3cd291a2a4d6",0,0,0,0,0,0,0,0,0,0,0,0,0,0,0,0,0,3,0,0,0,0,0,0
"f27b4e30ad42a6d1b2e393abcd9dd063",0,0,0,0,0,0,9,0,0,0,0,0,0,0,0,0,0,0,0,0,0,0,0,0
"f2c76dca0b6749e7ad74cd8d6a94779e",0,0,0,0,0,0,0,3,0,0,0,0,0,0,0,0,0,0,0,0,0,0,0,0
"f2e20ef42e47d0746b62a973467cfb5d",0,0,0,2,0,0,0,0,0,0,0,0,11,0,0,8,0,0,6,0,4,0,0,0
"f3155ca1b4e5abf9ef4d4f7c3c3feca1",0,0,1,0,0,0,0,0,0,0,0,0,0,0,0,0,0,0,0,0,0,0,0,0
"f3c67ba0c408a8f7844d603910d8a263",0,0,0,0,0,0,0,0,0,0,0,0,0,0,0,0,0,0,0,0,0,4,0,0
"f413858fbdf000bc77863ebd85937e8e",0,0,0,2,4,0,0,0,0,12,0,0,2,0,4,21,0,0,7,0,0,0,4,0
"f51dbad5017c05d57855a21926bfe568",0,0,0,3,0,0,0,0,0,0,0,0,0,0,7,0,0,0,0,0,0,0,0,0
"f62eb952e695c1cf0ca9b60698fa09f2",0,0,0,0,0,0,0,2,0,0,0,0,0,0,0,0,0,0,0,0,0,0,0,0
"f698ac835f16974d9d1322ca8a33b0a7",0,0,0,0,0,0,0,0,0,0,0,0,0,0,0,0,0,0,0,4,0,0,0,0
"f72978893c85cd6f3a89598b280923a3",0,0,0,0,8,0,0,0,0,0,0,0,0,0,0,0,0,0,0,0,0,0,0,0
"f78395fdb4e6ecd556541cef2f90bd79",0,0,0,0,0,0,0,0,0,0,0,0,0,0,0,0,30,0,0,0,0,0,0,0
"f7c46d8b4100b5f92040dfbb279fad6c",0,0,0,0,0,0,0,0,0,0,0,0,0,0,0,0,0,0,0,0,9,0,0,0
"f80d8e32afac44c4ee4ad900140e209d",0,0,19,0,0,0,0,0,0,0,0,0,0,0,96,0,115,0,0,0,0,0,0,0
"f8b02361f454cfe28d532c57747df123",0,0,1,0,0,0,1,0,4,0,0,0,1,0,0,0,0,0,0,0,0,0,0,0
"f9dafe96320c72d254ec9dbba2653bb7",0,0,0,0,0,0,0,8,0,0,0,0,0,0,0,0,0,0,0,0,0,0,0,0
"f9fa9ff66690e5897a0d8081756bf5af",0,0,0,0,36,0,0,0,0,0,0,0,0,0,0,0,408,0,0,0,0,0,2,0
"fa0a007ed36c520f046ca04f37e35dfb",0,0,0,0,0,0,0,0,0,0,0,0,0,0,0,0,0,0,1,0,0,0,0,0
"fa183e0588a0216763d67f28701f8112",0,4,0,0,0,0,0,0,0,0,0,0,0,0,0,0,3,0,0,0,0,0,0,0
"fa704dd14a06b0791eda86161dd260b1",0,0,0,0,0,0,3,0,0,0,0,0,19,0,2,0,0,0,0,0,0,0,0,0
"faea103e94547fa3642a96cc32e485ca",0,0,0,0,0,0,0,0,0,0,0,0,0,0,0,0,0,0,0,0,0,0,3,0
"fb0ab617a4bec7d7956ec643385518a0",0,0,0,0,3,0,0,0,0,0,0,0,11,0,7,0,0,1,30,0,0,6,2,0
"fb19621368814e7b77c321684e0f7358",0,1,4,31,27,0,0,8,0,13,0,38,1,14,6,95,2,84,30,0,5,0,0,32
"fb82c0b1733200ee85bd9c562b4c096b",0,0,2,0,0,0,0,5,51,3,2,0,0,15,5,0,1,0,0,0,0,0,6,0
"fc0a40a4c7dc4c6a13befa94a49ff3c1",0,0,0,0,0,0,0,0,0,3,0,0,0,0,0,0,0,0,2,0,0,0,0,1
"fc5e2a0e71bb7025d2af2864bff26784",0,0,1,0,0,0,0,0,0,3,0,0,0,0,0,0,0,4,1,0,3,0,0,0
"fca962888b6117b6e26eeb06d309a4c7",0,0,0,0,4,0,0,0,0,0,0,0,0,0,0,57,0,0,0,0,0,0,0,1
"fd88aa89ef7aba81bda46d7c47ed1b02",0,0,0,0,0,0,0,0,0,0,0,5,3,0,0,0,0,0,0,0,0,0,0,0
"fd88d355676826758b3975652fddfd77",0,17,0,0,0,0,0,3,0,0,0,0,0,0,0,0,0,1,0,0,4,3,5,0
"fdc1b9e544332f3f7e45711d574a950c",0,0,0,3,0,0,0,0,0,0,0,0,0,0,0,0,0,0,0,0,0,0,0,0
"fe09ccbc5ff61b899d57e35d83cbdbcd",0,0,0,0,0,0,0,0,0,0,0,0,0,0,0,0,0,0,0,0,0,0,0,6
"ff845e1a352363161773e5c3884e5990",0,0,0,0,0,0,0,4,0,0,0,0,0,0,0,0,0,0,132,0,0,0,6,0
"ffc9f8e72d1f1dbe8674831b3b20f85e",0,0,0,0,0,0,0,0,0,0,0,0,0,0,0,0,0,2,0,0,0,0,0,0
