"","HPC1642","HPC1643","HPC1645","HPC1648","HPC1649","HPC1650","HPC1651","HPC1652","HPC1654","HPC1655","HPC1657","HPC1661","HPC1662","HPC1663","HPC1664","HPC1665","HPC1667","HPC1668","HPC1669","HPC1662KNZ"
"00832a3584b7b6a7974ad9794d181080",0,0,0,0,0,0,0,0,0,0,2,0,0,0,0,0,0,5,0,0
"00b9f7cfaad6714a0a740d4a6d92c2e7",0,12,0,0,0,0,0,2,15,7,2,0,0,0,0,0,0,0,0,0
"00db141e7cf1c2a9de519b6703d3301a",0,0,0,0,0,0,0,0,0,0,0,0,0,0,0,0,2,0,0,0
"02b1f2a0da8827e721e10015f98811e6",0,0,0,0,1,0,0,0,0,0,0,0,0,0,0,0,0,0,0,0
"02fe720e318c829f48ced96b71e9ae99",0,0,0,0,0,0,0,8,0,0,0,0,0,0,0,0,0,0,0,0
"0348c6c9ea978f89c82727bee5564d4c",0,0,0,0,0,0,0,0,0,0,0,0,0,5,0,0,0,0,0,0
"03a1d1b68f39575c6b8e0e87de08cff7",0,0,0,0,7,0,0,0,0,0,0,0,0,0,0,0,0,0,0,0
"0439d6960acb7b6a6f194f6396f3cc1d",0,0,0,1,0,0,0,0,0,0,0,0,0,15,0,0,0,0,0,0
"04a1f78a9b42466fa892dbb5d9712e73",0,0,0,0,0,0,0,0,0,0,118,13,0,0,130,17,0,0,0,0
"050bfd02104f80d631b377e3841cc73d",0,0,0,0,7,0,0,1,0,0,0,0,0,0,0,0,0,0,0,0
"05703ed30530df3decdded2e69235587",0,0,0,6,0,0,0,0,0,0,0,0,0,0,0,0,0,0,0,0
"05af9519d853e5639f9b6b44467282fe",0,0,6,0,0,0,0,1,0,0,0,0,0,0,0,0,0,0,0,0
"05d6774de2a5887116af407b2188065a",0,1,0,2,0,11,0,0,3,0,0,0,1,5,0,0,0,0,0,1
"069563643cf6909aa9670ae7c0588c74",0,0,0,0,0,0,0,0,0,0,0,0,0,0,0,4,0,0,0,0
"06e93a1ef1306c65d6e2a68a039d0039",43,7,14,8,2,31,3,25,110,76,1,58,51,3,201,13,17,15,7,46
"0837b657c1d1f43f280ef2435311c939",0,0,0,10,2,0,1,13,0,0,0,0,0,0,0,0,0,4,0,0
"08ca358ce38892e235f7054771e57b93",47,1,0,0,0,0,0,0,0,0,0,0,0,0,0,0,0,0,0,0
"09a89a3685785c1fb61e6a60ac46a7bc",0,0,0,0,0,8,0,0,0,0,0,0,0,0,0,0,0,0,0,0
"09d8c46bf96a2781fb219eccffc2f75f",0,0,0,2,0,0,0,0,0,0,0,0,0,0,0,0,0,0,0,0
"0a1c83f2d25bd167f5266c6ec68a0174",0,0,0,1,0,0,0,0,0,0,0,0,0,0,0,2,0,0,0,0
"0a7fe3595e40caeafecb26f55ecf526d",0,1,0,0,1,0,1,4,0,0,0,0,1,0,0,0,0,1,0,0
"0ada5f4de5ba3335d39592c00e2b5c14",0,0,0,0,0,0,0,20,0,0,0,0,0,0,0,0,0,0,0,0
"0ae83476180e4baae11f6b7225d9815d",0,0,0,0,0,0,0,3,0,0,0,0,0,0,0,0,0,0,0,0
"0b19538c4616c2e4675c64cbf73a3372",0,0,0,5,0,8,0,0,135,0,3,6,0,3,4,6,24,1,20,0
"0b3ca4470e07693f7027a1ef404c9c24",0,0,1,0,0,0,0,0,0,0,5,0,0,0,0,0,0,0,0,0
"0d136193a495427b25467923bbf469bd",3,4,0,0,0,0,0,4,0,14,0,0,0,25,0,1,10,0,0,0
"0d30f03a89e08e2c570de556a4032d00",0,0,0,0,0,0,0,0,0,2,4,0,0,0,0,0,0,1,0,0
"0d64e0170fd5c43d58714adb75f53603",0,0,0,0,3,1,3,0,1,1,0,0,0,0,0,28,0,0,0,0
"0deac369a5fb83b8203038374103c545",0,0,0,0,0,0,4,0,3,0,0,0,0,0,0,1,0,0,0,0
"0e1c3eb39d3e4c237e8f682745caaceb",0,1,0,2,0,0,3,0,0,0,1,0,0,0,0,0,0,0,0,0
"0e6ead526832eec2aa8175400ab0ea29",0,5,18,4,0,0,0,0,0,0,0,0,0,0,0,0,0,0,0,0
"0f5c88a54d6007485912717d5bafb999",0,0,0,2,0,0,0,0,0,0,0,0,0,0,0,0,0,0,0,0
"105c0710d035b53930b0bad9a8daa8a1",0,7,0,0,0,0,0,0,0,0,0,0,0,0,0,0,0,0,0,0
"110e156c86d57328fa8679d6d062782e",0,0,6,34,0,0,0,0,8,0,0,0,0,0,0,0,0,0,0,0
"12081ff9c48c809bcd85b29b7a5011ee",0,0,0,0,0,2,0,0,0,0,0,0,0,0,0,0,0,0,0,0
"1275950e2ff128b474b7ecd7b5256333",0,1,0,0,0,0,0,0,0,0,0,0,0,0,0,0,0,0,0,0
"128a7930b5f5e4376c85a4d10e619b67",0,0,0,0,0,0,0,0,0,0,0,0,0,0,0,0,0,0,0,18
"128ed17cb7931cd03f546d81102936b6",0,0,0,0,4,7,0,7,0,0,0,0,0,0,0,0,0,0,0,0
"12e2b8025c4538e9da7e719ee9590d3f",5,0,0,2,0,0,0,0,0,0,0,0,0,0,0,0,0,0,0,0
"13e7d8f598035447d123840e986a771a",0,0,0,0,0,0,0,0,0,0,0,0,26,23,13,0,0,0,0,38
"149ad0f81495a63b10c015eb64c9cb16",0,0,0,0,0,0,0,0,0,0,0,0,0,3,0,0,0,0,0,0
"157a3ae68f649aa19985b36aeb2b5cc6",0,0,0,0,0,0,1,2,0,0,0,0,0,0,0,6,0,0,0,0
"1621f9afddf139e3c5fda841eaa78968",0,0,0,0,0,0,0,0,17,1,95,16,0,0,15,0,15,0,0,0
"16e55c99632146e819f47e623bdf2194",0,0,0,0,0,0,0,0,0,0,17,0,0,0,0,0,0,0,0,0
"17c3ac8d97271940b3d9c956e97057a9",0,0,3,0,0,0,0,0,0,0,0,0,0,0,0,0,0,0,0,0
"17e3269c6377143ae4d7fdd2c88aef45",2,2,0,0,1,0,1,3,0,0,3,0,9,0,3,4,0,3,0,0
"1865baa970105b9d8ae8063fb9ba26bd",0,0,0,0,0,0,0,2,0,0,0,0,0,0,0,0,0,0,0,0
"1985cd54ab819b16fedcef9dc1aa435a",0,0,1,0,0,0,0,0,0,0,0,0,0,0,0,0,0,0,0,0
"1ad668a41aac5debc81f6a3ce19880d9",5,3,0,0,0,0,0,0,0,3,4,0,0,1,0,0,7,0,0,0
"1b008844ab1e1200398d3a38eeafcf19",0,0,0,15,0,0,0,0,0,0,0,6,0,0,0,0,0,0,0,0
"1b5e0e454ab7ebb804e1a7790dd16aba",0,0,0,0,0,0,1,1,0,0,0,0,0,1,1,0,0,0,0,0
"1b74fe0dc73b1a4a18640db200b5f78d",0,0,0,0,0,0,0,0,0,126,0,0,0,0,0,0,2,37,58,0
"1c4cd61e295870e81876450db56481a5",1,2,0,0,0,0,0,0,0,0,0,0,0,0,0,0,2,0,0,0
"1d8aca6733efbdca55134d3d6eb1d5b8",0,0,0,0,0,0,0,0,0,0,0,0,0,75,0,0,0,0,6,0
"1db34a3c2faac40962039ce55ddf2e6c",0,0,0,0,0,0,4,0,0,0,0,0,0,0,0,0,0,3,0,0
"1e3664d43cb955b61387aa11d1dddfd0",0,0,0,0,0,95,0,0,0,0,0,0,0,0,0,0,0,0,0,0
"1f7c2d848e18b62b3508f645fe387cb6",0,0,0,0,0,0,0,0,0,3,0,0,0,0,0,0,0,0,0,0
"2043997cfb99492760e2f9ac5c5d0173",0,161,0,0,0,0,0,0,0,0,0,0,0,0,0,0,0,0,0,0
"2046bb0f26fadcdf415fc402a9d93679",0,8,0,0,1,0,0,0,0,0,0,0,0,0,0,0,0,0,0,0
"2049dbf2c8ae54415643a66af8b44b16",0,0,0,0,0,0,0,0,0,0,0,0,0,0,0,0,0,0,0,2
"207647183ba0333a1ed361c02ea50d0f",0,2,0,1,0,0,0,2,0,0,0,5,0,0,0,0,0,35,0,0
"211f5d22bb693d6843475d918ed00370",48,0,0,0,0,2,0,0,0,0,0,0,0,0,0,0,0,0,0,0
"218814b1473236a565c490e8122c6d88",0,0,0,0,0,0,0,0,0,0,0,0,0,0,0,0,0,0,0,2
"22bfdf922188ba93ee555cd3a5ac5d48",0,0,0,0,0,0,0,0,0,0,0,1,0,0,0,0,0,0,0,0
"23ca407ce705d78957f772565f05df16",0,0,0,55,0,17,0,0,0,0,0,0,0,0,0,0,0,0,0,0
"23cbd4281484f51bda8944278248a5ba",0,0,0,1,2,0,0,0,0,0,0,0,0,0,0,0,0,0,0,0
"23edb4fd44dea85d661464ae7125f257",0,0,0,0,0,0,0,0,0,0,0,0,0,0,0,3,0,0,0,0
"2470cda90f354ca14d67b80025ba34ed",0,0,0,0,0,0,47,0,0,0,0,0,0,0,0,0,0,0,0,0
"24c70ba42443f6cc45265a2769e4e49c",0,0,0,2,0,0,0,0,0,0,0,0,0,0,0,0,0,0,0,0
"259933104865d0181d7a213e14fa6a24",0,0,19,0,0,26,0,0,23,22,0,16,1,66,26,5,15,0,0,0
"2628bc3ce0449352d3090092eba9ebc8",0,0,5,0,4,1,1,2,0,0,0,0,0,8,5,0,0,1,0,0
"2849ae4e04864aa470fcafd5f8c86473",1,1,2,2,2,5,5,40,0,1,1,0,30,10,0,5,12,33,0,19
"28e91c45b68e92c4db0daafed17a5974",0,0,0,0,0,0,0,0,0,0,0,0,2,0,2,0,0,2,0,0
"294c35db4390d1600746650117e063d0",0,0,0,0,0,0,0,0,0,0,0,0,0,0,0,3,0,0,0,0
"29d9af249d83e5fc67054ff02cbce1c4",0,0,0,0,0,0,0,0,0,0,0,0,0,0,0,0,0,2,0,0
"2b62fe8b3f8211040e64fa8fc5b36b27",0,0,9,0,0,0,0,0,0,0,0,0,0,0,0,0,0,0,0,0
"2c03065f3acff133c9c05e0488a8e458",0,0,2,0,0,0,0,0,0,0,0,0,0,0,0,1,0,0,0,0
"2d4c2ced8f8c77e0ca2df5945b7238bf",0,0,0,0,0,2,0,0,0,0,0,0,0,0,0,0,0,0,0,0
"2d949d1ac2c7bd016db42d26914c12a1",0,0,0,0,3,0,0,0,0,0,0,0,0,0,0,1,0,0,0,0
"2e0ffe0780cca0b0dbfc11a3a4aa7580",0,0,0,0,0,0,0,0,0,0,0,0,7,0,0,0,0,0,0,3
"2f49610f9b40af4a510bd644f3efad4b",2,2,5,0,1,16,0,4,0,7,4,111,0,10,0,16,0,0,0,7
"2f7354a4691dc830628e1137b50fb7ce",0,0,0,0,0,0,0,6,0,0,0,0,0,0,0,0,0,0,0,0
"2fe574953b2ed1c76e938ad95058df0c",0,0,0,0,0,0,0,0,0,0,0,0,1,0,0,0,0,0,0,0
"3088a14eb98815ddfc6829219fe2ece3",0,0,0,0,1,0,0,0,0,0,0,0,0,0,0,0,0,0,0,0
"30e3d72fcbd951def5a57611527d2a91",0,0,0,0,0,0,0,0,0,0,0,0,0,0,0,0,0,24,0,0
"31607ddc7a1a535229aa35e60c946e91",0,11,0,0,0,0,0,0,0,0,0,0,0,0,0,0,0,0,0,0
"3237e697d2b209e19da2c0659536262e",0,0,0,4,0,0,0,0,0,0,0,0,0,0,0,0,0,0,0,0
"325553effac2caa0a5684f0650893e49",0,0,0,1,0,0,0,8,0,0,0,0,0,0,0,0,0,0,0,0
"3262a7e70e1dd963244d1d00a2b9281a",5,0,25,0,9,18,1,24,42,10,4,0,28,10,27,24,2,18,18,11
"3283a229be2833832852f05af8e2b6ed",0,0,0,0,0,0,4,0,0,0,0,0,0,0,0,0,0,0,0,0
"328f9549be50f601b725df3641430e89",0,0,0,0,0,0,0,2,0,0,0,0,0,0,0,0,0,0,0,0
"33821016e68ce838bdff3bcb57daf11b",0,0,0,12,0,3,0,0,0,0,0,0,0,0,0,0,0,0,0,0
"338c1b853eb62521e948eea620bd694e",0,0,0,0,0,2,1,0,0,0,0,0,0,22,0,0,0,41,0,0
"3424612315ed0a562bbdd7a35c5591e1",0,0,0,0,3,3,0,7,0,0,0,0,0,0,0,1,0,0,0,0
"3513a70ba737294df24e17662f28242e",0,0,0,0,0,0,0,0,0,0,0,0,0,0,0,0,1,0,0,0
"363cc719a76f2d65f7cc6058c48ffe8d",0,0,0,0,0,0,0,0,0,0,0,0,0,0,0,0,0,0,0,5
"37a735a589da0a94a2ba7b17f800101d",0,0,0,0,0,0,0,0,6,0,0,0,0,3,0,0,0,0,0,0
"3853ce2fe08302838f7d5e01e5ace755",3,0,0,0,0,0,0,0,0,0,0,0,0,0,0,0,0,0,0,0
"385a1ba4cef54506cb0123b81c9d802a",0,0,0,0,0,55,409,0,0,0,0,0,35,16,0,6,0,109,9,35
"38ccc9b4b8603b38469c32ab1a7a2c24",0,0,0,54,30,0,29,62,0,0,0,5,0,0,4,0,0,2,0,0
"396dc8d78be6c7d98b9bc1b7cf44eb14",0,0,0,0,0,0,0,0,0,0,0,0,0,0,0,1,0,0,0,0
"3990019a6040874110a72374eb15b139",0,0,0,0,0,0,0,0,0,7,0,0,0,0,2,0,0,0,0,0
"39ffb9d76fac554e243855153d0b7179",0,0,0,0,0,0,0,0,0,0,0,0,0,0,0,0,0,0,0,4
"3b180b5dd5fed6eac59f8908b236b689",13,2,4,0,4,6,0,7,0,0,0,0,0,0,0,0,0,0,0,0
"3b5f068b98a24ea8ffab161509da4856",0,0,0,0,0,0,0,0,0,0,0,0,0,0,7,0,0,0,0,0
"3bc45e0457d8222f3b53ff5257312107",0,0,0,0,1,27,0,0,0,5,2,0,5,0,11,0,0,0,0,0
"3c604a3201e8ba638398a8022cf81237",0,0,0,77,4,4,0,0,0,0,0,17,0,0,0,15,0,0,0,1
"3cbf1bdaf9fd6b157c726a4fdce39f3b",0,0,0,0,0,0,0,0,0,0,0,0,0,4,0,0,0,0,0,0
"3e4a59c6c7ec5832570351689be879b3",0,0,0,15,0,1,0,0,0,0,0,0,0,0,0,0,0,0,0,0
"3e70d124741af565e6195ad7f1827a22",0,0,0,0,0,0,0,0,0,0,0,0,0,0,0,5,0,0,0,0
"3f1c593b98dc141b1801a6df5011ba26",0,0,0,0,0,0,0,0,0,0,0,0,0,0,0,0,0,2,0,0
"412deab72957958fc5ccba311df01c77",0,0,0,0,0,0,0,35,0,0,0,0,0,0,0,0,0,0,0,0
"418d9b5900f345a50bb8bb7e77bc5fe0",0,0,0,0,0,0,0,0,0,0,0,0,0,0,0,0,0,0,0,1
"419648a41ef62253417f790b972dd986",0,0,0,0,0,0,0,0,0,6,0,0,0,0,0,0,0,0,0,0
"41a8e284802f5e9202cfa5f842e43b4e",4,0,23,0,0,0,0,2,0,0,0,0,0,0,0,0,0,0,0,0
"41dcf842aa87acad4b9a667eb597f04b",1,0,0,0,0,0,0,0,0,0,0,0,0,0,0,0,0,0,0,0
"42f6f0a22e628bb23bc824261f91e871",0,0,0,0,0,0,0,0,0,0,1,0,0,0,0,0,0,0,0,0
"439fb76ecd2ef62e3fd2fec870c71578",0,2,0,0,0,3,0,0,0,0,0,0,0,1,0,0,0,0,0,0
"43c0c64b0402e054e33ce01f58675500",0,0,0,3,0,0,0,0,0,0,5,0,0,1,0,1,0,0,0,0
"44be4c7bdd680e21b5d6aa4223ed66a9",0,0,0,0,0,0,1,0,0,0,0,0,0,0,0,0,0,0,0,0
"44d03b7de750db6268d79bf3b7b3f565",0,27,12,0,0,0,5,0,23,51,10,56,0,154,84,14,5,0,0,0
"44fb84495a3bec4529e369e18c8d0165",0,0,59,0,0,0,0,0,0,0,0,0,0,0,0,0,0,0,0,0
"474958a0926828720ab070eea123ccac",0,0,0,0,4,0,0,0,0,0,0,0,0,0,0,0,0,0,8,0
"479c85bd49b21ba6a5a00d7b13766555",0,0,0,0,1,0,7,129,0,4,0,0,52,19,3,57,0,2,0,31
"47b7cb4025b7d3b0efe74271c4df5ee5",19,0,0,6,0,0,0,0,0,0,0,0,1,0,0,0,0,0,0,0
"48058b189bbe8b3c84c6360015e1532f",0,0,0,0,0,0,0,0,0,0,0,0,0,0,0,0,3,0,0,0
"489855189d9686629879eb3ede9486f8",365,0,24,14,6,38,164,0,0,0,426,156,0,0,670,59,900,19,15,0
"498360bf0e3bea63817172cc8e57f786",0,0,0,7,0,0,1,0,0,0,0,6,0,0,0,0,0,0,0,0
"4a46814357f11ab6347f1fc0b35bfb21",0,0,0,0,0,0,0,0,4,0,0,0,0,0,0,0,0,0,0,0
"4aa24e7a15922e1b6971014a2889877d",4,0,0,0,0,0,0,0,0,0,0,1,0,0,0,0,0,0,0,0
"4ad36510b1a97c62504db23cabe50029",0,0,0,6,0,0,0,0,0,0,0,0,0,0,0,0,0,0,0,0
"4b045fdd81a50cbe7916c2793381ce4d",11,0,0,21,34,101,16,14,0,0,0,3,11,25,19,122,0,26,0,13
"4bafa1d630342b15918e5abea15ad79f",0,0,0,3,0,0,0,0,0,0,0,0,0,0,0,0,0,0,0,0
"4c3f744326739cfcb797c290083783e5",79,6,2,0,0,47,0,0,33,1,3,11,0,30,0,9,0,0,0,0
"4c49e4c0f7ebc2795a1e7e81525af196",0,1,0,0,0,0,0,0,0,0,0,0,0,0,0,0,0,0,0,0
"4d82a72dcd7a3935d9389b32f3c593fc",0,0,0,0,0,0,0,0,4,0,2,0,0,0,0,0,0,1,0,0
"4d988617cf329818e90a69296cf7496c",0,0,4,0,0,0,0,5,0,0,0,0,0,0,0,0,0,0,0,0
"4d9ef5cc68a5cdc486d6d4b3542cde71",0,0,0,0,0,4,0,0,0,0,0,0,0,0,0,0,0,0,0,0
"4e3b6320d037cf4fbed810cb1424ec8a",36,0,0,0,0,1,15,12,0,0,0,0,0,0,0,0,0,0,0,0
"4f94946970288e36030d8e943dbc5bbb",0,0,0,0,0,0,0,0,0,0,0,16,0,0,0,0,4,0,8,0
"4fd4520ef55489d25bcd2fe1d4748612",0,1,0,2,1,0,9,60,0,0,0,0,0,0,9,0,0,0,0,0
"500827f5eb77cfedcae3579e53ec8c76",1,0,0,0,0,1,0,0,42,1,0,27,0,22,0,10,4,44,25,0
"51194b8233acaff275c41bf94ca2c735",152,14,61,65,121,101,0,11,647,145,3,0,0,138,51,0,0,0,0,0
"5325b623f48091942b79da221094c206",0,0,25,0,0,14,0,26,0,0,0,0,0,0,0,0,0,0,0,0
"535644fbdf865ddd0cc9ea93502a6bbc",0,0,0,0,0,0,0,0,0,0,0,0,0,16,2,0,0,6,0,2
"5379516f81af3858da523f2d65cf6e7b",0,0,0,0,1,0,0,4,0,0,0,1,0,0,0,0,0,0,0,0
"54305693ac20167cca877f883539d0a4",0,3,0,0,0,0,0,0,0,0,0,0,0,0,0,0,0,0,0,0
"54e1df2289e6a784eaebc42527234aad",32,0,36,24,0,3,0,140,0,0,0,0,0,0,0,0,0,0,0,0
"55062e73de4a329a87628ff9f37b1ad7",0,59,0,127,0,0,108,0,46,68,35,0,0,0,3,0,0,0,117,0
"55a335b2a6008f5b62e335e417546205",0,0,0,3,0,0,0,0,0,0,0,0,0,0,0,0,0,0,0,0
"55b58124016596c4a6b7b2c4b7633efb",13,8,14,10,8,30,7,16,0,3,11,4,0,83,20,4,0,5,0,0
"55dc227df61b5886c6219fc13e273064",0,0,41,0,0,0,0,0,0,0,0,0,0,0,0,0,0,0,0,0
"55ddd43c22951df6f258f5c7e78d8241",2,0,0,0,0,0,0,0,0,0,0,0,0,0,0,0,0,0,0,0
"57bdaf7acf546676afff67df37e9a1b5",0,0,0,0,1,0,0,0,10,2,0,92,19,7,3,14,0,0,0,33
"59df2c588f0059fa316d9fe920acff2f",0,0,0,0,0,0,0,0,5,1,3,0,9,2,0,0,0,0,0,0
"5b26a49a4253516b41f51345009b2ab7",1,0,2,0,0,0,0,0,0,0,0,0,0,0,0,0,0,0,0,0
"5b47792bdbd213c22084c334ce7e0238",0,0,0,0,0,0,17,140,0,0,0,0,45,42,0,0,0,0,0,110
"5b8b6570d8b5aca23981d80c0f665bc5",0,0,0,0,0,0,0,0,0,0,0,9,0,0,0,1,3,0,0,0
"5be4a273e1c77677b372ec4c640287e1",0,0,3,0,0,0,2,0,3,0,0,0,1,0,0,0,0,0,0,0
"5c24bbaad9985a6f587d484a3baea988",0,1,17,0,0,0,0,2,0,0,0,0,0,0,0,0,0,0,0,0
"5caec825d8ca5a09af29738b562d2890",0,0,0,61,0,0,0,0,0,0,0,0,0,0,0,0,0,0,0,0
"5d12c5354286cda7c52d5c46170a37ea",0,0,0,0,0,0,0,0,0,0,0,0,0,0,0,0,0,1,0,0
"5da6db7d5475532af1e5e5bffb5c75f1",0,1,0,0,0,5,0,0,0,1,0,0,0,0,0,12,0,0,0,0
"5e0b1e533d803d7c69e76c2c42359773",0,0,0,0,1,5,0,0,0,0,0,0,0,6,0,1,0,0,0,0
"5eba1c776d92e0dcc3ce48c161dfeb75",0,0,0,0,0,0,0,0,0,0,0,4,0,0,2,0,0,0,0,0
"5f55d5c59eb1f4a61aeac6deb998002c",0,7,0,2,0,0,0,9,0,0,0,0,0,0,0,0,0,0,0,0
"6038cbf29d9df32a9c04c69b9aec44cb",0,0,0,0,0,7,0,4,9,0,2,0,0,0,0,7,0,0,5,0
"61d31bedcdb022077d75c9c804abb782",0,10,0,0,0,0,0,12,0,0,0,0,0,0,0,0,0,0,4,0
"62096074bf23142dcac8e62ad8303c78",0,0,0,0,0,0,1,0,0,0,0,0,0,0,0,0,0,0,0,0
"622229ca182cb54d8b7d3800a52de41c",0,0,0,0,0,0,0,0,0,0,0,0,0,0,0,0,0,8,0,0
"62653027548ae1a31505cc56af3ae4cd",49,0,0,0,0,0,0,0,0,0,0,130,0,0,0,14,0,0,0,0
"62d97a11dff2e17a59a4b30d8a971175",0,0,0,0,0,0,0,0,0,0,0,4,0,0,0,0,0,0,0,0
"64ae9b50ea4c1eb2d77301ce3e7f4750",0,0,0,0,0,0,0,0,0,0,0,0,0,0,0,0,0,0,0,3
"652177b74e1009d99f81843a80698de3",8,0,20,4,1,0,1,0,0,0,0,0,0,0,25,0,0,0,0,0
"65316b075919a823fbe3dee2177b2662",0,0,0,1,0,0,0,0,0,0,0,0,1,0,3,0,0,0,0,0
"658263d1a05a1ce818b2886cb69ad587",1,0,0,0,0,4,6,0,0,0,0,0,0,1,0,0,1,0,0,0
"65a82a5c911961c932169c0e220e77b2",0,0,3,0,0,0,0,0,0,0,0,0,0,0,0,0,0,0,0,0
"65fae1cc8350d0a68fc428a88029ab6b",0,0,0,0,0,0,0,0,0,0,0,0,0,0,0,0,4,0,0,4
"67dbb76f582ee5bf148f1cbd5681492d",0,0,0,0,0,2,0,0,0,0,0,0,0,0,0,0,0,0,0,0
"6875c0481fd234d454389a8ed7cc71cf",0,0,0,0,0,0,0,0,0,0,0,0,0,0,0,0,0,11,0,0
"6ab700bd29db8f5769564ce0793ab73b",0,0,0,0,0,0,0,0,0,2,0,2,0,2,6,2,4,3,0,0
"6ae5480744961b24ea91f48f2e389c5e",0,0,3,0,0,0,0,0,0,0,0,0,0,0,0,0,0,0,0,0
"6b283e64341526a8b63ca659dfef98e5",0,0,0,0,0,0,0,0,0,0,0,0,4,0,0,0,0,0,0,1
"6b51ff66089cf55810ad6ce88b57b7cc",0,0,0,0,0,0,2,0,0,0,0,0,0,0,0,0,0,0,0,0
"6e04eb0b099d89855e4e229caca943a4",0,0,0,0,0,0,0,0,0,0,0,0,0,0,0,0,15,0,6,0
"6e28ba17b7b0e0bb43a0bf751695f359",5,0,0,2,0,1,0,0,0,2,0,0,6,2,0,0,0,2,0,2
"708216a98c09c4f783e6909da2ae8a8d",0,0,22,0,0,0,0,3,0,0,0,0,0,0,0,0,0,0,0,0
"70b1d53995e11a3784ad8f0b5b37587c",0,0,0,0,534,84,13,0,0,0,0,0,0,0,0,0,0,0,0,0
"711352c534d8ed7592a87288f5e3b678",0,0,0,0,0,0,0,0,0,0,0,0,0,0,0,0,1,0,0,0
"7258c86b16370d40379950c641bcd0fb",0,0,0,0,0,17,0,0,0,0,0,0,0,0,0,0,0,0,0,0
"72663adb78a1b10cc8deaeb60fe50f8e",0,6,0,0,32,6,0,0,0,0,0,0,0,0,0,0,0,0,0,0
"7341a868b2cf72ab81d78d6a0e907f7a",0,0,1,23,1,0,0,12,0,0,0,0,0,0,0,0,2,3,11,0
"75e48c2b172b1a2dbf1cd4ee82870f18",0,0,0,0,0,0,0,0,0,0,0,0,0,0,0,0,0,0,0,79
"7605961befa3702a958c526a0d655366",0,0,0,0,6,0,0,7,0,0,0,0,0,0,0,0,0,2,0,0
"76f45a2c24394cc20bcddc70e161cd19",0,0,0,326,0,0,0,0,0,0,0,0,0,0,0,0,0,0,0,0
"78ea78b77f6e75c06815cadb7d4026af",0,0,0,0,0,0,9,3,2,0,0,0,0,0,0,0,0,0,0,1
"7915e904854d62bb98a3ea97da1caa55",0,0,12,4,0,0,0,0,0,0,0,0,0,0,0,0,0,0,0,0
"797c4f9a3de7217f8b7f1be97a35b6f0",0,0,0,0,7,0,0,40,0,0,0,0,0,0,3,0,0,15,0,0
"7bdd6dd2e1578b5ca8cb56bce22e3234",0,0,0,0,0,0,0,0,0,0,0,0,0,0,0,0,0,9,0,0
"7c5bbe010f31122bf493d049023a8969",0,0,0,0,0,0,0,0,0,0,0,0,0,0,0,0,0,3,0,0
"7cc7a38e8cf0616a3f6f1d79f3689334",0,0,0,0,0,0,0,0,0,0,0,0,0,0,13,0,0,0,0,15
"7ed15f94370ddcaa0d8781924978e3dd",5,0,0,0,0,0,0,0,0,0,0,0,0,0,0,0,0,0,0,0
"800528824c5f147521d97ea3e5113cd3",0,0,0,0,0,0,0,0,3,0,0,0,0,0,0,0,0,0,0,0
"80dc63f8264796e5dfe129d502a9bd08",0,0,0,0,0,0,0,9,0,0,0,0,0,0,0,0,0,0,0,0
"80de25715ab3930d4ca22131f051a4f8",0,0,0,0,0,0,0,0,3,0,0,0,0,0,0,0,0,0,0,0
"80e06b2036a459dadbcfaab12f6c2211",44,0,7,0,4,61,39,0,10,27,38,18,16,0,2,2,22,4,14,29
"81116a4c40c40d044fa1b17e8bf11a15",0,0,0,0,0,0,0,0,0,0,0,0,4,0,0,0,0,0,0,0
"819695b9f19e3ce24ad4083e838c4026",0,0,0,0,0,0,0,0,0,0,0,0,6,0,0,0,0,0,0,3
"81eace73448014b04931fe4155306f87",0,0,0,0,0,0,1,3,0,0,0,0,0,1,0,0,0,0,0,0
"82788aa8b553c94bcdda7cb288a55f0e",0,0,1,0,0,0,0,0,0,0,0,0,0,0,0,0,0,0,0,0
"82842746f0f9647091807bf6a0e79c76",0,0,0,0,0,0,0,2,0,0,0,0,0,0,0,0,0,0,0,0
"82f4c04442a2a19515d138b96814cc93",0,0,0,0,0,0,0,0,0,0,0,0,0,0,2,0,0,0,0,0
"83b714cc07a11fd7e0c90f09fb6a0f22",0,0,0,0,0,0,0,0,0,2,0,0,0,0,0,1,0,0,0,0
"83b75543bec13dc2aaa5f34f64df65f0",0,0,0,0,0,0,0,0,0,0,0,0,0,0,1,0,0,0,0,0
"84b6319cc04e29b3d9fd9017fb8c1d5e",0,0,0,0,378,0,8,0,0,0,0,0,0,1,4,0,3,6,0,0
"8515468dfd4d318c5bc5d748f1ccd16c",0,0,0,0,0,0,0,0,3,17,21,14,103,6,43,3,15,0,37,56
"8532e5056f1918fccfdf4a3bbb02d6f8",0,0,0,0,0,0,1,0,0,1,2,0,4,0,1,0,0,0,0,4
"85333842060f041bced98bf5ec4ebac7",0,0,0,0,0,3,0,0,0,0,0,0,0,0,0,0,0,0,0,0
"853829edbd5d62a53ca36d247785f8dd",0,1,0,0,0,0,0,0,0,0,3,0,0,1,0,0,0,0,0,0
"86d0d8e0ea1996a14615eae54f3ef096",0,0,0,1,0,0,0,0,3,0,0,0,0,5,0,0,0,0,0,0
"87dd5da7018d55008a9facf9a37d9db7",0,0,0,0,0,0,0,0,0,0,0,0,0,1,0,0,0,0,0,0
"87f7c26c7734cae12a6e62c806bb80b0",0,14,0,0,0,0,0,0,0,0,0,0,0,0,0,0,0,0,0,0
"87fa857dbb37357999702957ac718902",0,1,3,13,0,17,0,0,0,0,0,0,0,0,0,0,0,0,0,0
"880a2f1e9e97643c96e94e09ab32e57b",0,0,0,0,0,0,0,0,0,0,0,0,0,0,0,0,3,0,0,0
"89e48292b2db88a309b8bb94d175c0b8",0,0,0,0,0,0,0,0,0,0,0,0,0,0,0,0,0,0,0,1
"8afe4fa622a80f956bf0a33130e0f708",0,0,0,3,0,0,0,0,0,0,0,0,0,0,0,0,0,0,0,0
"8b5ecd57089cba9b733889ce44f0668c",0,0,0,172,36,0,0,0,0,0,0,0,0,0,0,0,32,0,0,0
"8b84174f2fa22132c7700c3c9f94d264",0,0,0,0,0,0,0,0,0,0,0,5,0,0,0,0,0,0,0,0
"8b8626d0c319dfa9f64868ce99f6318b",0,0,0,0,0,0,0,0,0,0,0,0,0,0,6,0,0,0,0,0
"8b90dd4264a6820ec36dedd5ecf18bd1",0,0,0,0,0,0,0,0,0,0,0,0,0,0,1,0,0,0,0,0
"8be6c8f539abf41f7003d4e5713454b4",0,0,3,0,0,0,0,0,0,0,0,0,0,0,0,0,0,0,0,0
"8d305f7981e94dc92c1fbb7f365ef107",0,0,0,0,0,0,0,0,0,0,0,2,0,0,0,0,0,0,0,0
"8d306dae49aa70c494a31292f93cd178",0,0,20,0,0,0,0,0,0,0,0,0,0,0,0,0,0,0,0,0
"8d4eba2bdd46f28c2b0640b73dc4961b",0,0,3,0,0,0,0,0,0,0,0,0,0,0,0,0,0,0,0,0
"8e37354696baa7b3141bce1df5375443",0,0,0,0,0,4,0,1,0,0,0,0,0,0,0,0,0,0,0,0
"8ea2d22cc09a311033ce0cbef2accca7",4,0,0,0,0,0,0,0,0,0,0,0,0,0,0,0,0,0,0,0
"8f28ebcb5019b421668638927de8edaa",0,0,6,2,0,0,0,0,0,0,0,0,0,0,0,0,0,0,0,0
"8f325bf51a0d50864541831d59c18210",0,0,0,0,0,0,2,0,0,0,0,0,0,0,0,0,0,0,0,0
"901e76ba827a95be841fe87930edc628",0,0,0,0,0,0,0,0,0,0,0,0,0,0,13,0,0,0,0,0
"91b096d235ee04c097596d94d00a896c",0,0,0,0,0,612,24,219,0,0,0,0,0,0,0,0,0,0,0,0
"91b4cb04a6e91afc2b29d05ba61b5096",0,0,0,0,2,64,0,0,0,0,0,0,43,0,3,46,0,0,0,41
"9309f4a90e5a7224e73942c69edf750f",0,0,0,0,0,0,0,0,0,1,0,0,0,0,0,0,0,0,0,0
"9392013a098996977701febfc266e733",0,3,0,0,0,0,0,0,0,0,0,0,0,0,0,0,0,0,0,0
"940beb893a5b4ef699c05a27dad0096d",2,0,0,0,0,1,0,0,0,0,0,0,0,0,0,0,0,0,0,0
"958c174f7c10d24b52c24ff496a5ae06",0,0,0,0,0,0,0,0,0,0,0,0,0,0,0,0,0,0,0,15
"95db23a57306bc528b998b18bdd3e170",0,0,0,118,24,95,123,101,0,4,0,3,0,0,26,154,68,347,204,0
"95faeecbb69333a07837b11d12c978ac",0,0,0,0,0,0,0,57,0,0,0,0,0,0,0,0,0,0,0,0
"97015c85528071847c1bca543cad479d",0,0,0,0,1,0,0,0,0,0,0,0,0,0,0,0,0,0,0,0
"9722eb5b9717ef530fc2b55d25e00b03",0,0,0,0,0,0,0,2,0,0,0,0,0,0,0,0,0,0,0,0
"9753712028f3ce03dbdf5087ae93e7e6",0,0,1,0,0,0,0,9,0,0,0,0,0,0,0,0,0,0,0,0
"97c442e76bcbc8c808540737603edbdb",0,0,0,0,0,0,0,0,0,0,0,0,0,0,0,0,0,0,35,0
"9935a1b5345c1e9b3fd4f3fe400759ba",0,0,0,0,11,30,0,2,0,0,0,0,0,0,0,0,0,0,0,0
"9a8f873ad1836293cbcddc1229fa9f51",0,0,0,0,0,0,0,0,21,0,0,67,0,1,639,305,0,0,0,0
"9ab9c32ce47ae58e04c2b1ddff90e0d6",0,0,0,0,23,15,0,0,0,0,0,0,0,0,0,0,0,0,0,0
"9b10804c5333f9734d1596266ccbf261",0,0,0,0,0,9,0,0,5,0,0,0,0,2,0,0,0,0,0,0
"9b5fd6df25b987497d1d705fc463630a",0,0,0,0,0,0,0,0,0,0,0,0,0,0,0,1,0,0,0,0
"9b69a1058c01d37dd92e6ca0ddaaa87a",0,0,2,0,0,0,0,4,0,0,0,0,0,0,0,0,0,0,0,0
"9baadd58cbfe73844b4d5c0947cabf3d",1,0,0,3,0,0,0,0,3,3,3,2,2,0,4,1,0,0,0,4
"9d6eb0563ab11c55a561e5470faea5ad",0,0,0,0,5,7,2,0,0,0,0,0,0,0,0,1,0,0,0,0
"9ed30fda4750460428d8691c8c947177",0,0,0,0,0,0,0,0,0,0,0,0,0,0,0,0,0,0,5,0
"9f073c7d9d421aecbccef9482ddaa256",0,0,0,0,10,0,6,1,0,0,0,0,0,0,0,0,0,0,0,0
"9f2216ede4abe1dc82fbd060ba4f0921",24,8,13,4,0,11,0,9,47,0,14,11,0,18,0,20,30,17,5,0
"9f69243367afb1338fafab67a810a77b",0,0,0,4,0,0,0,0,0,0,0,0,0,0,0,0,0,0,0,0
"9fab353850dce58ef746cdb5cae48899",0,0,0,0,0,0,0,0,0,0,2,0,29,0,1,0,0,0,0,28
"9fd696f4792b8d92649e8afa79121031",0,0,0,0,0,0,0,0,0,0,0,0,0,0,0,0,0,3,0,0
"9fdf41799c084c867c8d142f3712a20b",0,0,0,0,0,0,0,0,0,0,0,0,0,0,3,0,0,0,0,0
"a03c35fe68494631680c6de0c09119e2",0,0,0,0,0,0,0,0,0,0,3,0,0,0,1,0,0,0,0,0
"a0e46ac8eba28347ab8bec688a4beb35",0,0,0,0,0,4,0,0,0,0,0,0,0,0,0,0,0,0,0,0
"a150a91c1d8c5b312909c44054d99d56",0,0,12,0,0,0,0,0,0,0,0,0,0,0,0,0,0,0,0,0
"a159aebc1149250ba796afbe366babc3",0,39,0,0,0,5,0,0,0,0,0,0,0,0,0,0,0,0,0,0
"a1969ae69dad9185b794869330caa6a0",11,0,0,0,0,0,0,6,0,0,0,0,0,0,0,0,0,0,0,0
"a26b541f11c4660161785b12f43242a3",0,0,0,0,0,0,0,0,0,0,0,0,0,0,0,0,0,0,5,0
"a2c357a0da9e05120d4bf4ea5d207424",21,0,22,7,8,75,1,5,0,0,0,0,0,0,0,1,0,2,0,0
"a3ada875cb829435e99a7a9d61c52e8b",0,0,0,0,0,0,0,0,0,0,0,0,0,0,0,0,7,0,0,0
"a3b081ba449377e89f03e3a5b7894d71",0,0,151,0,0,0,0,0,0,0,0,0,0,0,0,0,0,0,0,0
"a5051e031678ea4b7a65e40448c1c3d4",0,0,0,0,0,0,2,0,0,0,1,0,0,0,0,0,0,0,0,0
"a7492f328db73571d15ddc6764974771",0,0,0,0,4,0,0,4,0,0,0,0,0,0,0,0,0,1,0,0
"a7541f7b12ccd05b6c64cbfa3a095e60",0,0,0,2,0,0,4,0,0,0,0,0,0,0,0,2,0,0,0,0
"a76143fcccaa547f6ee2ce7505c72528",4,0,0,16,0,0,0,3,0,0,0,0,0,0,0,0,0,0,0,0
"a7c1431ffcb7525a014923bc2ef0f491",0,0,0,0,0,0,0,0,0,0,0,0,0,0,0,0,0,0,4,0
"a85255d3918937d25cd25b28e7c68f6a",0,0,7,0,0,0,0,0,0,0,0,0,0,0,0,0,0,0,0,0
"a857e49bcfb7dc7d27c7bb22930d8037",0,0,0,0,0,0,0,0,0,0,0,0,0,3,0,0,1,6,0,1
"a8705a6b9f4ac7b1c6cdbdb947837b3e",0,0,0,0,0,0,0,0,0,0,0,0,0,0,0,0,0,2,0,0
"a954fdc7a4eaf0cdbd264839a41d2917",0,0,0,0,0,0,1,0,0,0,0,0,0,0,0,0,0,0,0,0
"aabd0a0f961679ce968989ce32d8a482",6,0,4,0,0,0,0,7,0,0,0,0,0,0,0,0,0,0,0,0
"ab1345c4db7fcf14e9a3cabf552ea274",4,0,0,27,0,0,0,0,0,0,0,0,0,0,0,0,0,0,0,0
"ab384c9c8217220eb16dd69fbe087bc1",0,0,0,0,8,0,0,0,0,0,0,0,0,0,0,0,0,0,0,0
"aba57e8a118a08ec805ff9c1fa2c7d7b",0,0,0,0,0,0,0,0,0,0,1,0,4,0,0,2,0,3,0,0
"abc4f61d0f16b9063c9957c2342a95b4",2,0,0,0,0,5,0,0,0,0,0,0,0,0,0,0,0,0,0,0
"af5c0160e1e3fff8cced008eaab0367a",0,0,1,0,0,0,0,0,0,0,0,0,0,0,0,0,1,0,0,0
"af69ef3c5bcfdcab2ccdf4d076aeb3ad",0,0,0,0,0,0,1,0,0,0,0,0,0,0,0,0,0,0,0,0
"affc646afca684200893baaee5179492",0,0,0,0,0,0,6,22,0,0,0,0,0,5,0,0,8,10,0,0
"b08fabd6adc6905c18511831de81fc43",0,0,0,0,0,10,0,14,0,12,0,0,0,0,4,29,12,19,0,12
"b0a4201e6e598bd3da33059eadc91c39",0,0,0,0,0,0,0,3,0,0,0,0,0,0,0,0,0,0,0,0
"b0e2d6a36c9c7d4e82ca8e6973b624bf",0,0,0,0,0,0,0,0,0,0,0,0,0,0,0,0,0,0,0,48
"b15f4b0376ee671573d77c88882f224a",0,0,0,9,3,0,0,0,0,0,0,0,0,0,4,0,0,0,0,0
"b22c4bfbed9705913d76ee036c4d32ae",0,0,34,0,0,0,0,0,0,0,0,0,0,0,0,0,0,0,0,0
"b2676f0d2c59d13162d706517894ae1c",0,0,0,0,0,0,0,0,0,0,0,1,0,0,0,0,0,0,0,0
"b3227e9279dd6f66624123e1b866bf2a",0,0,0,5,1,0,0,5,0,0,0,0,0,0,0,0,0,0,0,0
"b3d7027b6baa99b2d81c1cf36ec7ae5d",0,0,0,0,0,0,0,0,0,0,0,0,0,0,0,0,3,0,0,0
"b3db988932c36733f5900c6e3a8f4c59",0,0,0,0,0,0,0,0,0,0,0,534,0,0,0,0,0,0,0,0
"b42e4a2044cb597d69cecbc6cc135d70",0,0,0,0,0,0,0,0,0,0,0,0,0,0,0,0,0,0,0,3
"b5c664a0164d4208088951904ee2836c",0,0,11,0,0,0,0,0,0,18,4,0,0,0,0,0,0,0,0,0
"b5c6c6ea2b321c2ccbc1b5c48da2edbe",0,0,60,0,0,0,0,0,0,0,0,0,0,0,0,0,0,49,0,0
"b5fb6f373519b2f45cb92a5e666fd7fe",0,1,2,0,0,0,0,6,0,0,0,0,0,0,27,0,0,0,0,0
"b704e8b262581e66feeb69ffbfb40916",0,0,0,42,0,0,646,0,0,0,0,394,950,0,1,156,0,5,0,868
"b83b207c52cb6b099f766bcab3546a55",2,0,0,0,0,0,0,0,1,0,0,0,1,0,0,0,0,3,0,0
"b890bed803678ce63162050dbafedd03",0,11,0,0,0,0,0,0,4,0,0,14,104,0,0,0,0,0,0,79
"b914d693b3f09f04015430e09b803576",0,0,0,0,0,0,0,0,1,0,0,0,0,0,0,0,1,0,0,0
"ba2d82ee9bea738227c60139f8e1b4d7",0,0,0,0,0,0,0,0,0,0,0,0,0,0,0,0,0,4,0,0
"ba7c9356eceed18354e4ab587172fab8",0,0,36,0,0,0,0,0,0,0,0,0,0,0,0,2,0,0,0,0
"bb6ccf76f7a1b278da9ebdfd8ecb9799",0,1,0,0,2,1,0,0,9,3,0,10,0,0,0,0,0,6,15,0
"bbb724d663f39ce2ff3305ae12f801cc",0,0,0,0,0,2,0,0,0,0,0,0,16,0,0,0,0,6,0,0
"bbfc412e61b83ccf64d8fe364c108734",0,0,0,0,5,0,0,1,11,0,0,0,0,23,0,0,0,0,0,0
"bc710dee36909e63c516a2db6d0bff54",9,0,0,0,0,0,0,0,0,0,0,0,0,0,0,0,0,0,0,0
"be44ca7830cb0eabfb800a5a67a6a756",0,0,0,0,0,0,0,0,0,2,0,0,0,0,0,0,0,0,0,0
"be58a37fe801367134ead8433c1f5d70",2,0,0,0,0,0,0,0,0,0,0,0,0,0,0,0,0,0,0,0
"bf7326383717cca9aeafae12f004a3d1",0,0,0,0,0,0,0,0,0,0,0,0,0,0,0,0,1,0,0,0
"bfcdb25a294b0ef84e964f4f9d964a94",0,0,10,0,0,0,0,0,79,0,0,0,97,9,0,0,0,0,0,94
"c01c8d9b4dbab291186f7387bce000ba",0,0,0,0,0,0,1,0,0,0,0,0,0,0,0,0,0,0,0,0
"c03ed6036b8796df6ad9788f1946eae2",0,0,0,14,6,0,2,0,10,9,0,0,17,0,0,9,0,142,0,7
"c0df105a43db9827405a3c4d652c16da",0,0,0,0,136,130,70,50,0,9,57,7,9,13,103,0,0,21,213,3
"c2957616efbdbb7d567b83230932f56d",0,0,0,0,0,0,15,0,0,0,0,0,0,0,0,0,0,0,0,0
"c2ee2c7c136154a676840ec23002d034",0,0,0,0,18,0,0,0,0,0,0,0,0,0,0,0,0,0,0,0
"c30bf2aff09093cf9b9358029251b1b5",0,0,0,0,0,0,0,0,0,0,0,0,1,6,0,0,0,0,0,0
"c34159ec69cbe492d17dbdebff10bbe7",0,0,0,0,0,16,0,11,0,0,0,0,0,0,0,0,0,0,0,0
"c354ef460023df4e2f6da07df4f6b7b8",0,0,0,0,58,0,0,0,0,0,0,0,0,0,0,0,0,0,0,0
"c55db7a652b1e887c7d6d32687ee41d3",0,0,4,1,0,0,0,0,0,0,0,0,0,0,3,0,0,0,0,0
"c56399fcfb2be2732188758a10ba7702",0,0,0,0,0,0,0,0,6,0,0,0,0,0,0,0,0,0,0,0
"c595a6f3431803bf7101317fd85ec23b",0,5,1,3,5,0,1,9,0,0,0,2,0,0,0,0,0,14,0,0
"c62306f026c1096496f56af44531f51c",0,0,0,0,0,0,0,0,0,0,0,0,0,0,0,0,0,0,23,0
"c6292261aef296d5088023149bb308e4",0,0,0,6,52,0,0,0,0,0,0,0,0,0,0,0,0,274,0,0
"c63c8347285c78a1f6357e79826a20f4",0,0,0,0,0,0,0,0,0,0,0,0,0,4,0,0,0,0,0,0
"c6500bd9e55dfe7fde2421d79fb2e749",0,0,0,0,0,0,0,3,0,0,0,0,0,0,0,0,0,0,0,0
"c6735b6edc8917ab7e280e7166d01d24",15,0,0,2,10,1,0,31,3,2,0,0,0,3,0,0,0,10,0,0
"c6af86d8a6dba2b7ae3e3604d81b7b14",0,0,1,0,0,2,0,4,0,0,0,0,0,0,0,0,0,0,0,0
"c6b49038d3b098bb0f399566cc25cc91",142,0,0,0,6,0,0,0,0,0,0,0,0,0,0,0,0,0,0,0
"c6cf1b9fe242ff77e83f88faeff1a309",0,8,0,9,0,0,0,0,0,0,0,0,0,0,20,0,0,15,0,0
"c7a0e357824e2e6865bac7c314c4b450",0,0,0,0,0,0,0,0,0,0,1,0,0,0,0,0,0,0,157,0
"c7aebe3ff00d1b27d95056b2bfc18738",0,0,0,0,0,0,0,0,0,0,0,0,3,0,0,0,0,8,0,0
"c7e0d0ec7db5ff6b347c3c4e24d0adc7",2,2,2,13,0,25,4,7,3,7,20,27,12,38,6,25,50,2,0,5
"cbc4c77e61ae22c1dc6c41c6fa7af4db",122,39,0,0,0,0,1,0,0,2,0,0,0,181,0,0,0,0,0,0
"cdcc84e73bd7af2a8a1e6af59f2b25bb",0,0,0,0,0,0,0,0,7,0,0,0,0,2,0,0,0,0,0,0
"cde74a01337a8afe333fdab3708c7887",0,0,0,0,0,0,0,0,0,0,0,0,10,0,0,0,0,0,0,0
"cf40681cb43b27e45b91efd59ad9914b",0,0,1,0,0,0,0,1,0,0,0,0,0,0,0,0,0,0,0,0
"d088d7e80b196d72f75080a812d08264",0,0,0,0,0,0,2,0,0,0,0,0,0,0,0,0,0,0,0,0
"d0d49a868d682ae745d71f4fbfba71b1",0,0,0,0,1,0,1,3,0,0,0,0,0,0,0,0,0,1,0,0
"d198e552ef7c616836e160d74e8d99aa",0,0,0,0,0,0,0,0,0,0,0,0,0,0,0,0,0,0,0,1
"d2ca6be9f93f3134c519900baa78261e",0,0,0,0,0,3,0,3,0,0,0,0,0,0,0,0,0,0,0,0
"d3d67e8a02d58a5676804b4e686cba88",0,0,0,0,7,30,1,0,0,0,0,0,0,0,0,0,0,0,0,0
"d46a67f0137b31e0f7cb711fd6590689",1,2,0,0,0,0,0,0,0,0,0,0,0,0,0,0,0,0,0,0
"d49a0682e2bc3375445f83963cfcb38b",0,0,0,0,0,0,0,0,3,0,0,0,0,0,0,0,0,0,0,0
"d54633f6b6b99aa2050708251830a20a",0,0,0,0,0,1,5,26,0,0,0,1,0,24,0,81,0,6,0,0
"d5665b1f8e9df3e9e16b2455c106d75b",0,0,0,0,0,0,0,5,0,0,0,0,0,0,0,0,0,0,0,0
"d6a1f0a127d0ac180c9d664b35e33ab3",0,0,0,1,0,2,0,0,0,0,0,0,0,0,0,2,0,0,0,0
"d6bfb4a12ae37cc3afa209f64b766bdb",0,0,0,0,0,0,0,0,10,4,2,0,0,14,0,32,0,1,0,0
"d7543a24064eea4804477ce17ff9a470",0,0,0,0,0,0,0,0,0,0,0,0,0,0,9,0,0,0,0,0
"d8fb9ae030e1b8c35452cd8897bcfa19",0,9,7,0,0,0,0,6,4,6,2,0,0,1,4,9,0,0,0,6
"d927c1e46f89c7ec615f6d9f7bf71e4b",0,6,7,7,1,8,4,18,4,3,3,2,15,0,3,30,10,0,14,7
"da854ed0345bde4815f588e990197f8e",0,0,15,0,0,0,0,0,0,0,1,0,0,0,0,0,0,0,0,0
"dbdb7d1a9ec4974f8f96e098e217f634",0,0,0,0,201,0,0,0,0,0,0,0,0,0,0,0,0,0,0,0
"dc9a6900137f01af6debf8b1dce649a0",0,1,0,2,0,0,0,0,0,0,0,0,0,0,0,0,0,1,0,0
"dd7008e8576eac2369d61ea6be4201f9",0,0,0,17,0,0,0,0,0,0,0,0,0,0,0,0,0,0,0,0
"ddb92a10e6534e91f64b377f6db853d4",0,0,0,0,0,0,0,0,0,31,0,0,0,0,0,0,0,0,0,0
"de87fc1c99274fb37424fee5361df498",0,0,0,270,1,0,0,0,0,0,0,0,0,0,0,3,0,0,0,0
"de9be834fc7b42169a00cab2af100d2f",0,0,0,0,2,1,2,4,0,0,0,0,0,0,0,0,0,0,0,0
"ded6bed35c222f9132efd76f66697c38",0,0,0,0,0,0,0,0,0,0,0,0,0,0,0,0,6,0,0,0
"e1102aa8497f7a776bad1c8e79814f7a",0,0,0,0,0,0,0,0,0,1,0,0,0,0,0,0,0,0,0,0
"e12efecf3c899604b8b2c15880da88f2",0,0,0,2,0,0,0,0,0,0,0,0,0,0,0,0,0,0,0,0
"e156724072b9620eb87744ec240c089d",0,0,0,0,0,0,0,0,0,3,0,0,0,0,0,0,2,7,0,0
"e178219f755ec448d0f9bcdc2a75c017",0,0,0,0,0,3,0,0,0,0,0,0,0,0,0,0,0,0,0,0
"e1ff75ec73e58ffc5acd0947e602cb37",0,0,2,0,0,2,0,0,0,0,0,0,0,0,0,0,0,0,0,0
"e232a96c48f7ff198b4ee0d461408256",10,0,2,0,0,1,0,0,0,0,8,0,0,42,0,14,0,0,0,0
"e2a60e010fb4882be69866ada882906f",0,0,0,8,1,0,5,9,0,0,0,0,0,0,4,0,0,4,0,0
"e2d470f4ea2ee62af59e9e8deff156ff",0,0,0,0,0,0,0,0,0,0,0,0,0,0,0,0,0,8,0,0
"e30a72de982da9510584c6964bb4df1c",31,0,0,0,0,0,0,0,0,0,0,0,0,0,0,0,0,0,0,0
"e353510f589c999862b99e58b5261f4a",0,0,0,0,0,0,0,0,0,0,0,0,0,0,0,0,0,0,0,2
"e558755bda4c68b9947e37aeb4e2010e",78,34,5,105,97,96,26,71,406,83,146,79,27,361,25,49,81,6,74,36
"e56705fc7879985b1c3642c9fc907221",2,1,0,0,0,0,0,2,0,0,0,0,0,0,0,0,0,7,0,0
"e5682e86239a3955624c619135927dbc",0,8,0,5,8,0,14,56,0,0,0,19,0,0,0,0,0,3,0,0
"e676172c4d95d211b2d120072a280fdb",0,1,0,0,0,0,0,0,0,0,0,0,0,0,0,0,0,0,0,0
"e7f0128c958a0509174174b2a68c6a95",0,0,0,0,0,0,0,0,1,0,0,0,0,0,0,0,0,0,0,0
"e843c4b4c8c564d48fc56608ff2a61c6",0,0,0,0,0,0,0,0,0,0,0,0,1,0,0,0,0,0,0,0
"e8be8273c24834ca59aac18e88774862",1,0,0,1,0,5,6,0,2,6,12,123,7,0,2,4,6,0,27,5
"e9edf388319c89c9fce4107efadfe2cc",0,0,0,0,0,0,0,0,0,0,0,0,0,0,0,0,2,0,0,0
"ea0d3134cd02c27f17d2c4d67a37315d",0,0,0,0,0,0,2,0,0,0,0,0,0,0,0,0,0,0,0,0
"eb6e7b6f205474b5eb7730db52dd7df7",0,0,0,0,0,0,0,0,0,0,0,0,0,0,0,0,0,0,0,118
"ec1cd948cb2dfff0277c6d1dc5f7035f",0,0,0,0,0,0,1,1,0,0,0,0,0,0,0,0,0,0,0,0
"edfa2b680a42826e7668ac1136b86fbc",0,0,0,0,0,0,0,0,0,0,0,0,0,0,0,0,0,0,0,3
"ee7d362508e3b85ebda5cc4e8fd0a611",0,0,0,0,0,0,0,3,0,0,0,0,0,0,0,0,0,0,0,0
"ee827df34d1e79d2abef5c563ea7d155",0,0,0,0,0,3,0,0,0,0,0,0,0,0,0,0,0,0,0,0
"f0d2a7581c4bd7f58692d33441b0136e",0,0,0,0,0,0,0,0,0,43,0,0,0,0,0,0,0,0,0,20
"f27b4e30ad42a6d1b2e393abcd9dd063",4,57,0,0,4,113,2,9,0,0,0,0,2,3,3,9,0,1,44,0
"f3155ca1b4e5abf9ef4d4f7c3c3feca1",0,0,0,0,0,0,0,0,0,0,0,2,0,0,0,0,0,0,0,0
"f3c67ba0c408a8f7844d603910d8a263",2,1,0,2,0,4,0,5,14,3,0,0,61,3,4,3,1,0,14,39
"f413858fbdf000bc77863ebd85937e8e",0,0,0,0,0,0,0,0,0,0,0,0,0,0,0,3,0,0,0,0
"f4630353c2f4d344e85e7d64c73daa3a",0,0,0,0,0,0,0,6,0,0,0,0,0,0,2,0,0,0,0,0
"f484841e923f40367a08f3ba2aba1fb7",0,0,0,0,0,0,0,0,0,0,0,0,0,0,0,0,0,0,0,2
"f66c6161365d99970dffa5e3a4985fa7",0,5,6,1,0,0,0,0,0,0,0,0,0,0,0,0,0,0,0,0
"f69cf3da1d5ffcc7e6422bf34cc837e1",0,0,1,5,0,0,0,0,0,0,0,6,0,0,0,0,0,0,0,0
"f6cd548313198ef82ac1874ebf448ed5",0,0,0,0,9,0,0,3,0,0,0,0,0,0,0,0,0,0,0,0
"f72978893c85cd6f3a89598b280923a3",0,0,2,0,0,0,0,0,0,0,0,0,0,0,0,0,0,0,0,0
"f7c46d8b4100b5f92040dfbb279fad6c",0,0,0,0,0,0,0,0,0,0,0,0,0,0,0,0,0,9,0,0
"f9d32b172ae04cea995e90f9ab0e2060",0,12,0,0,0,0,7,8,15,6,3,0,0,0,0,0,0,0,0,0
"fb57ce6e6e5fee8e61bee068c701b65d",0,0,0,0,0,0,2,0,0,0,0,0,0,0,0,0,0,0,0,0
"fb882c6a0032fe58284cd4803b143673",0,0,0,0,0,0,0,0,0,0,0,0,0,1,0,0,0,0,0,0
"fc3a4fe94df363956fc88405714ae109",0,0,0,0,2,0,0,0,0,0,0,0,0,0,0,0,0,0,0,0
"fd7c9ce39c8550998029ba76ce67851c",0,0,0,0,0,0,0,0,0,0,0,0,0,0,0,0,0,1,0,1
"fd88d355676826758b3975652fddfd77",0,0,0,0,3,2,0,0,0,0,0,1,0,0,0,0,0,0,3,0
"fdd872f4f21a218b302fa17437ce71e4",0,0,0,0,0,7,0,7,0,0,0,0,0,0,0,0,0,0,0,0
"fe290e7cb731760d74c04b4df1af9a9b",0,0,0,0,0,0,2,0,0,0,0,0,0,0,0,0,0,0,0,0
"fefa42a2732d35ed2d3c37c38084eb61",0,0,0,0,0,0,0,0,0,0,0,0,0,0,0,0,0,6,0,0
