Site,CWRSCSCY_2019,DMRSCSCY_2019,HSCSCSCY_2019,HTMSCSCY_2019,KNZSCSCY_2020,KWDSCSCY_2019,MPSCSCY_2019,PCSCSCY_2019,RRSCSCY_2019,SPSCSCY_2019
001745c5db838e2383d051929e908be1,0,0,0,0,0,0,0,0,0,7
008167913ce8eac6ad6cb522d7a1990a,0,364,0,138,83,0,0,0,0,0
00832a3584b7b6a7974ad9794d181080,0,1,7,0,0,0,3,0,1,0
00b9f7cfaad6714a0a740d4a6d92c2e7,20,0,38,0,1,8,81,79,12,0
00d68b2855f660cd2fee44bf26b3821c,0,0,0,0,0,1,0,0,0,0
00db141e7cf1c2a9de519b6703d3301a,48,0,2,0,8,15,4,0,14,8
00fb68e47adfc60c29b079702dd3a7e0,19,0,0,0,0,0,107,2,0,0
0115cc192c7fe18c66b846586a518cab,0,0,0,0,0,0,130,0,0,0
011fa9a4d5f5094db7fa13e0deec3475,0,0,0,0,1,0,4,0,0,0
01356770c03c794d8c10c9584ce069c7,0,0,0,0,0,0,0,1,0,0
01404cb98895d58a0181327432d1777d,2,3,0,175,27,0,0,0,0,0
0176faebc1401add55c602c315bdfb31,0,17,0,0,0,0,0,0,0,0
0180b9cddc616bc73cb330e1475e4808,0,0,0,0,44,14,0,0,0,5
0185932c3c7166d85ef932de1b14cfe1,8,0,0,0,7,0,0,0,5,0
019b0519517852defce025ec2f3a43f9,0,0,0,0,1,0,0,6,0,646
01c7863997c76ec9b6edf09720da3d75,0,0,0,0,9,0,0,0,0,0
02217ce5774022c7404c6bd0d4a2ccf9,43,0,0,0,48,0,21,54,0,0
02220fccc405a8b8f9b18ba70c9ab6b2,2,0,0,0,0,0,0,0,0,3
025476b7795071c7a4ac3ef5f26c4ea7,0,0,0,0,3,0,0,0,0,0
02572cbf807aaf23803bc3e7e6926af9,5,0,0,0,0,0,0,0,0,0
026c46cdc1ae3f6cf9501beb54fa2532,0,10,0,0,54,0,20,56,0,1
02b1f2a0da8827e721e10015f98811e6,7,3,1,0,0,0,0,0,1,0
02e3e0f0b94e50ef2d8644a57ba5f466,0,0,0,0,0,0,0,0,7,0
02f1e9bb0ea9da186cc93e71db81e9bb,0,0,0,0,0,0,0,0,0,2
02fe720e318c829f48ced96b71e9ae99,0,0,8,0,0,0,0,4,0,0
033f5bd5245fd93273db013ecfaf1fb0,135,0,0,0,202,0,0,0,199,0
0348c6c9ea978f89c82727bee5564d4c,0,0,5,0,0,0,0,0,0,0
035bcd1d9af45acab031b1b03fdb7aac,10,4,0,247,9,0,0,18,37,0
036296b590ab233649b3d8c5effdae3c,0,0,0,0,0,15,0,0,0,0
03a1d1b68f39575c6b8e0e87de08cff7,0,0,7,0,0,0,0,0,0,0
03b7772f2168ac3e041fec207cd257cf,8,15,0,0,207,180,0,0,0,2
03da7b8a89bba96f12c045c8df2d2365,0,0,0,0,0,0,0,0,0,7
0439d6960acb7b6a6f194f6396f3cc1d,4,0,16,51,0,13,20,6,23,1
0446368341dbe1c357e807f26d473cf7,0,0,0,0,0,1,0,0,0,0
0451e479239cc42616200ec547dbcb12,0,0,0,0,0,4,0,0,0,0
0483edc31280cd96e0faf9c5d2bac65f,0,0,0,0,0,12,0,0,0,0
04a1f78a9b42466fa892dbb5d9712e73,0,0,278,0,0,0,0,0,0,0
04bab2af8215d1184e1e8a06ccae904f,0,0,0,0,0,0,0,0,0,3
050bfd02104f80d631b377e3841cc73d,0,0,8,0,0,0,0,0,0,0
055bdbf5208d97fa30b7fc6f97552546,0,0,0,0,0,0,0,0,0,17
05703ed30530df3decdded2e69235587,96,0,6,0,0,0,0,327,0,0
05af9519d853e5639f9b6b44467282fe,0,0,7,0,0,15,0,16,12,6
05c7b894703fa5faec6738c6a371c601,0,0,0,0,0,32,0,0,0,0
05d6774de2a5887116af407b2188065a,0,0,24,0,0,32,0,0,0,0
062128647b7039b483a796d626611e6d,0,0,0,0,0,0,0,0,0,1
0687a2a4e93a91db213eaf4c97fbba2e,0,0,0,55,0,0,0,0,0,0
069563643cf6909aa9670ae7c0588c74,9,0,4,0,0,0,0,0,0,8
069f183ab5a5cf8d67d73bc695809c6b,422,0,0,0,0,0,0,0,237,850
06e93a1ef1306c65d6e2a68a039d0039,66,0,731,0,492,624,2,17,20,43
06eeae92fa350383a1959449d0f4962e,0,0,0,0,0,3,0,0,0,0
06f4dea6ac43bf6564f3b69b128f6b10,0,0,0,0,0,0,0,0,0,6
06fbddb56fbc5b3ca6e2b71ea921bd50,16,1,0,0,4,0,12,1,42,10
07280755834d1922dbd391b13ddcc636,0,0,0,0,0,10,0,0,0,2
074b3980ba954093004b40bc10725889,0,0,0,0,0,0,0,4,0,0
0798bc4b2b5f721f76fce95fa7c4ad65,2,0,0,0,0,0,108,0,0,0
07f3c079e01635caa0e30633c01fecd6,0,0,0,0,0,0,0,0,0,4
0814700c3c601fa02ee43c1b6838e4e6,0,0,0,2,0,0,0,22,0,0
08250c855de3e12cde8e15dcacffd4a6,0,14,0,96,0,0,0,0,0,0
0837b657c1d1f43f280ef2435311c939,9,43,30,0,5,3,0,0,1,6
088afd5a3a18b602d8b1603556719420,1,0,0,0,0,0,0,0,1,129
0890c5dc3a8f393f1c03994efbc9b0c0,0,0,0,5,0,0,0,6,0,0
089e7f00e2341df2db9e7129ee161aa1,23,0,0,0,0,0,0,0,0,1
08b01942a8693872cf3a3bd50508d2d7,0,0,0,0,0,0,2,18,0,0
08ca358ce38892e235f7054771e57b93,110,0,48,0,662,87,0,0,18,87
08d18eef87874a2c4eb73552d7916f2d,0,0,0,0,0,0,45,0,0,0
0903918b3071a83f760bf2001007ad1a,0,0,0,0,670,0,0,0,0,0
09153f4ecbcbd805f2432e4170d22613,0,0,0,0,0,0,0,9,0,0
09499b5aa21475970d3bae2de467f60c,0,0,0,0,0,0,0,14,0,0
09a89a3685785c1fb61e6a60ac46a7bc,0,0,8,0,0,3,49,0,0,0
09c7a9b0d7e4534dd1b9563ecb91de1f,22,744,0,1,0,0,0,0,0,60
09d8c46bf96a2781fb219eccffc2f75f,0,0,2,0,0,0,0,1,0,0
0a1262599880334ac4fefda22d067519,0,0,0,0,0,0,0,1,6,0
0a1c83f2d25bd167f5266c6ec68a0174,0,0,3,0,127,1,0,0,0,0
0a55820148562eef7c47af5ab05610b8,99,2,0,34,0,0,0,22,162,3
0a667e34252be42cc613e4f2259d1b1c,0,86,0,0,5,0,1041,0,0,39
0a6c2744f3fd46a27df769862d9f51ed,0,0,0,0,33,0,0,0,0,0
0a7fe3595e40caeafecb26f55ecf526d,198,70,9,246,177,67,17,75,13,22
0aaa7a386861e8d20ecd463c71506aed,0,0,0,0,31,0,0,0,0,0
0ada5f4de5ba3335d39592c00e2b5c14,0,0,20,0,8,18,0,0,0,0
0ae83476180e4baae11f6b7225d9815d,0,0,3,0,0,0,0,0,0,0
0aeeef473c13d3b4fd4fd74efec556e4,4,0,0,0,0,0,0,0,0,0
0af52ddb668e460e74c1cb030b056f6b,0,0,0,0,0,0,0,6,0,0
0afb9118d3f6846414574d46471c3c59,0,0,0,0,34,0,0,50,0,0
0b13fa184028c77f264c71b3c41ff3c4,0,1,0,0,0,0,0,0,0,0
0b19538c4616c2e4675c64cbf73a3372,136,0,215,0,0,0,0,0,82,0
0b2a6a480ce04bf8dc8254472ddeb9eb,0,90,0,18,0,0,0,0,0,0
0b3ca4470e07693f7027a1ef404c9c24,1,0,6,0,0,2,0,0,0,0
0b4aa7d9505c525678f6cf1f3501d951,0,0,0,0,0,0,0,0,1,3
0c3c94cf4cf82986c18b6a2d554a72c5,0,0,0,0,8,0,0,0,0,0
0c4f251dd001c1d8f7bfc684cfd16c9e,0,0,0,0,0,8,0,0,0,0
0c770efe5e803fcfb94717b5b50dd4a8,0,0,0,0,0,0,3,5,0,0
0cde90f43f801d279fa011bfb4c6b3a6,0,0,0,4,0,0,0,644,0,0
0d136193a495427b25467923bbf469bd,0,0,61,0,0,194,0,0,169,60
0d205189461a213eec32642977f0761a,0,0,0,0,0,0,0,2,0,0
0d22d743586378beb4ffdaf660877670,0,0,0,0,8,0,0,0,0,0
0d30f03a89e08e2c570de556a4032d00,0,0,7,5,0,0,0,29,0,0
0d49e52caf3af748f7b8ec895898a7e0,0,0,0,0,173,0,0,0,0,0
0d64e0170fd5c43d58714adb75f53603,31,12,37,29,8,13,27,17,6,8
0db587bb2a24679c3dedd2f3d99bdffe,0,333,0,231,0,0,1,289,0,2
0ddc4f9500212f1dda7e91831770186a,4,0,0,0,0,0,1,0,0,0
0de200022a3685b2bd932cb5a318f9d3,0,0,0,0,0,2,0,0,0,0
0deac369a5fb83b8203038374103c545,0,0,8,0,0,5,0,0,0,0
0e1c3eb39d3e4c237e8f682745caaceb,0,0,7,0,0,2,0,0,0,0
0e58477a274a45e4fd4fffef21e72de1,0,0,0,0,17,0,0,0,0,0
0e6ead526832eec2aa8175400ab0ea29,0,0,27,0,0,205,0,0,0,0
0ea6804aff8f5fe986aefc8e7a392c9e,0,0,0,0,0,0,0,0,0,2
0eaea4817728b1b9fc908a08e1fba154,9,0,0,0,2,0,0,0,0,0
0f047104074602e77bdf9312dbc164a9,0,6,0,0,0,0,0,0,0,0
0f0dd81f42d59ec796a8bfb4d4c38911,0,0,0,0,5,0,0,0,0,0
0f1b44d6e53647c4c9335b8701cc4314,0,0,0,0,0,0,0,0,1,0
0f29aec4e7dafdd70a57ac1e3c3f6dcf,1,0,0,0,97,27,13,0,5,0
0f5c88a54d6007485912717d5bafb999,1,0,2,0,0,0,0,0,35,1
0f9715c39ff1dd298c99a40c8caaacb3,0,2,0,0,0,0,0,0,0,0
0fa1fae74f9f9dffe32d78d11dd84a59,0,25,0,3,0,0,0,0,0,0
0fa5f8c287a62bc7d3ab7700a8ee5132,0,0,0,0,3,0,0,0,0,0
0fd24fb9edc352a688fa95e24733afdf,11,1,0,0,46,0,0,0,0,3
0fd321a89348e331185791939bd83635,9,0,0,0,0,0,0,32,0,0
0ff382d7ae605eeed36cb6880d95a4a3,0,0,0,0,355,0,0,0,0,0
1001f50b31121a770c6b6cd5d8ed96c8,0,0,0,0,0,0,0,57,0,0
101a0c48addd9964a65ece01ec5fc1db,0,0,0,0,0,5,0,0,0,0
105c0710d035b53930b0bad9a8daa8a1,3,0,7,6,0,0,0,0,0,0
10682ee1eb9e040a49b00b35f5920015,0,82,0,0,0,0,0,14,12,0
10839859eac5ca8431ee848d9f00803f,7,49,0,78,0,0,2,8,7,0
108cbc975ea4ac83a7fa3c8220bc89d7,1,2,0,14,0,0,7,0,0,0
109c12009b32f821a32af4cc62599596,2,0,0,0,15,0,0,0,0,0
10e2f2086363bbd1c5e63752ea90bb3e,0,0,0,0,0,0,0,0,0,23
10e3aba27f4ba6d182cd65489594a467,0,0,0,0,3319,0,0,0,0,0
10e5f4a0a45782e74568a9ed32c54bbe,7,3,0,45,0,0,0,99,1,4
10f6ec05551665bce8f1942bbdded715,2,0,0,0,0,1,0,0,0,0
10f9ca7de745905c07ac28cb5c214e94,0,0,0,0,0,0,0,0,0,6
110e156c86d57328fa8679d6d062782e,0,0,48,0,0,0,0,0,0,0
114a0bce87e416d7710a2ea64c381af6,0,0,0,0,1,0,6,0,0,1
1168bb363a67a1cfdc8133ccf81b8e13,87,28,0,0,0,0,0,0,0,25
119c57487e6a23e8d33b30c4b7d69a99,0,0,0,0,548,0,0,0,0,0
11d9a8ad994c5ca7f9b1f324137bc9c5,0,0,0,0,151,0,0,0,0,0
12081ff9c48c809bcd85b29b7a5011ee,0,0,2,4,0,1,0,0,0,0
12438de5de428a96cbfdc2b52d609915,0,0,0,0,15,0,0,0,0,0
12568fd361529a405bbd54a1bb356e8b,3,0,0,0,0,0,0,0,0,0
127297ee519e246131a0ec2f6e7f224c,41,0,0,0,5,0,0,0,0,55
1275950e2ff128b474b7ecd7b5256333,0,0,1,0,0,0,0,0,0,0
128a7930b5f5e4376c85a4d10e619b67,0,0,18,18,4113,0,97,29,138,0
128ed17cb7931cd03f546d81102936b6,37,0,18,0,0,1,0,0,36,3
12c97856cf831e1bb0359ad8ddb5af4a,0,0,0,0,29,0,0,0,0,0
12d5be2618953ce779e808db22ea0f03,0,0,0,0,14,0,0,17,0,0
12e2b8025c4538e9da7e719ee9590d3f,0,0,7,0,0,0,0,0,0,0
1306cfc10b8ca165e6efb11e3595ef4b,0,0,0,2,0,0,0,2,0,0
133065a88b4fbf1d3e133afe0e6564b3,0,6,0,4,0,0,0,0,0,0
133869d6c384ec7ee443d9ccd48341ba,0,0,0,0,0,0,11,0,0,0
134dadfafac1322ae3f3ded21fbcf714,0,0,0,0,0,0,0,3,0,0
13732f048ea48b3f0fb009e69b5f1178,0,0,0,0,0,0,0,0,0,4
13a47711ff7b06937abe13f51ea57202,0,0,0,0,0,0,0,0,9,0
13e7d8f598035447d123840e986a771a,239,8,100,4,426,0,0,457,0,10
13eafc60002a2def40a44cadba71a4af,0,0,0,0,0,0,0,0,3,0
13fed5d2205932c2e96bc819c9c15c5c,2,0,0,6,0,0,0,0,0,0
140acf302629ce8a6c92b6ee6e949a53,0,0,0,22,0,0,0,0,0,0
14130b7ecf57d356da3280f9778c3f1b,0,0,0,3,9,0,0,0,0,0
143de015385a62581309a55c2283d70c,0,0,0,1,0,0,0,0,0,0
149ad0f81495a63b10c015eb64c9cb16,0,0,3,0,0,0,0,0,0,0
14da701d736ef70cf12a3edc3c0736b6,0,0,0,0,17,0,0,0,0,0
14e02c3f063caa94b0cc4cd379e48340,0,8,0,98,0,0,0,34,15,4
153c5d5a5b9fe379c68c13edd0d4e718,0,22,0,0,0,0,0,0,0,14
156b18a672954bed155804f37327c646,10,1,0,0,0,0,0,2,0,0
157a3ae68f649aa19985b36aeb2b5cc6,5,5,9,3,1,0,2,2,1,2
15f9cad32a8eafb595661e2fcb980551,5,0,0,0,0,0,0,0,0,0
1621f9afddf139e3c5fda841eaa78968,0,0,159,0,0,23,0,0,0,0
164f661db25160341895d79823e73950,0,0,0,0,0,7,0,0,0,0
16507e25d999abc59217324eaa106635,0,0,0,13,84,0,0,0,0,0
167696ae6e3b36b97b3525082d6ba727,1,0,0,0,0,0,4,1,0,0
169f1397c4e27946716ce2b984c6edc7,0,60,0,48,0,0,0,15,0,1
16c588d8b393e723d6214d8d5ac7dc6f,4,0,0,0,34,0,0,0,0,0
16e55c99632146e819f47e623bdf2194,0,0,17,0,0,0,0,0,0,41
16f020830e952b571bc6361e7506bdc6,2,0,0,0,1,0,0,0,3,0
1728571482f6c0f88e98c3a94d9fe951,0,0,0,0,0,0,0,14,0,1
17332728e59dc0a6d6015eb75b324a49,229,19,0,0,173,0,0,2,50,100
17341c3f81b15964ae27a0ac50579d19,9,0,0,0,0,0,0,0,0,0
17471cb529adcb51c4111d6bc2d821c5,0,0,0,0,0,6,0,0,0,0
179710d70e6e69c307d386edd30f8716,0,0,0,0,5,0,0,0,0,0
17c3ac8d97271940b3d9c956e97057a9,0,0,3,0,0,0,1,1,0,0
17e3269c6377143ae4d7fdd2c88aef45,0,0,31,0,0,6,0,0,0,0
180a6e40f560e205f1e90c9b175c6ed3,9,0,0,0,0,0,0,0,0,0
1865baa970105b9d8ae8063fb9ba26bd,0,0,2,4,0,0,0,1,2,0
188b307248a230218d204fbc39bdf605,0,0,0,101,0,0,31,0,0,0
18969c46d339b4eddedb74b77d81bd93,0,0,0,19,0,0,0,0,0,0
18a9ff4724c0cd8d5e18b253c3c6d90a,0,18,0,0,0,0,0,0,0,0
18cadcffaff74a9880cf0d2b09896f19,27,0,0,0,152,0,0,0,191,99
18f5d3b57312818fb6393f179543950c,0,0,0,0,0,10,0,0,3,0
18f9169db6bf6f031d94b7047720217c,0,0,0,5,0,0,0,0,0,0
1985cd54ab819b16fedcef9dc1aa435a,0,0,1,0,1,4,0,0,4,0
19bd11b3a2dcae4bf56779868378d91d,0,3,0,0,0,0,0,0,0,0
19d28370f2da6f664e71e9584f932c56,0,0,0,0,0,0,35,0,0,0
19dfd24be4bcad3cf4dba3875acfa2fb,0,0,0,7,0,0,0,0,0,0
1a390745651f02fdf5ecf394cde030f0,0,0,0,0,0,1,0,0,0,0
1a46c8bf78d0aebada3974e90786a846,0,0,0,0,11,0,0,0,0,0
1a7bc380a2464c9dbc931d58cc8e7abf,0,0,0,0,11,0,0,0,0,0
1ac657404ee31fc8667fa6728da24f6e,0,0,0,0,16,0,0,0,0,0
1aca3264ec91d514a4c11c3cb321f3e0,3,0,0,0,0,0,0,0,6,1
1ad668a41aac5debc81f6a3ce19880d9,0,0,23,0,143,19,0,0,0,0
1ade5f532df56f5ca93c079f16f61dfc,0,0,0,0,0,0,0,0,4,0
1af55106dc6628682b51d314f68857a6,3,0,0,0,42,0,0,0,0,0
1b008844ab1e1200398d3a38eeafcf19,0,0,21,44,6,0,0,7,8,0
1b437b0b51c7ee2733a1069ac7ddf3b2,0,0,0,0,0,0,37,2,0,0
1b5e0e454ab7ebb804e1a7790dd16aba,0,0,4,0,0,4,0,0,0,0
1b74fe0dc73b1a4a18640db200b5f78d,0,0,223,0,0,9,0,0,5,226
1b752e540e78647ec158293b48f23f11,0,0,0,0,6,0,0,0,0,0
1bdd207c2b5a6578f4698c9002dcd069,1,0,0,0,0,22,0,0,0,0
1bfac9024b73f6407173a808838dfa94,9,0,0,0,11,0,0,0,62,0
1c26df1ed24fcb63151559348777dd35,0,0,0,10,0,0,0,0,0,0
1c299effa3b773466b9704e639802c4f,0,0,0,0,226,0,0,1,0,0
1c2c4481171be567789843de77e41d11,35,0,0,14,3,4,0,6,1,5
1c4cd61e295870e81876450db56481a5,2,0,5,0,3,33,0,0,0,0
1ca718193828f4008b20c245b8e73f48,11,0,0,0,0,0,0,0,0,0
1cb031b91bb95b4f538abeaaf0026e96,0,37,0,278,0,0,0,0,0,0
1cd3f843ddb7b340d7edf5da668a648e,0,0,0,0,0,0,0,0,4,0
1cdb007b530994869ed47e6660b6761f,0,0,0,202,0,0,0,0,0,0
1cfe39fb89ec2b3729292bc3a06c33a2,0,0,0,0,0,3,0,0,0,0
1d07bfb45f965ec1b37e15ba15b572c8,0,0,0,0,0,4,0,0,0,0
1d4e962f0cb28b17623d5ce153bf3da0,241,1,0,24,105,0,0,0,0,17
1d5db8b43506538dc873100dbf1babe9,2,0,0,0,9,0,0,0,1,0
1d807b5be869b9e270540eeaac83e094,0,1,0,0,0,0,0,0,0,0
1d8aca6733efbdca55134d3d6eb1d5b8,0,0,81,15,0,6,20,0,0,0
1db34a3c2faac40962039ce55ddf2e6c,5,0,7,1,1,0,0,7,0,0
1db82d63bce8ec53993890c9e44bf041,4,0,0,0,0,0,2,0,0,0
1dbe529017f29b95ce78f5cc38355432,0,0,0,6,0,0,0,2,0,0
1e0398454e9d01703d1fefcb873d6343,0,0,0,0,0,13,0,0,0,0
1e3664d43cb955b61387aa11d1dddfd0,775,0,95,0,567,0,0,189,0,247
1e6df7f9f0d490e45f8d65a02f881489,0,0,0,0,0,3,4,0,0,0
1f1af3da57301b485bd01347a2b71bbc,3,169,0,0,413,0,0,0,0,48
1f40236cdff722a5116eb9457f8dabd3,10,2,0,3,1,0,0,0,0,0
1f41d1247e97294bd4a54c5946268927,0,0,0,4,0,0,0,0,0,0
1f41f115cb405f2ac7a1db6f0d47013a,36,3,0,0,0,0,0,125,2,0
1f42e59f79bfc8aa12bf8282c35787eb,0,0,0,0,0,0,0,13,4,0
1f4a321a449067b0567042a4b687fb0a,0,0,0,0,17,0,0,0,0,0
1f7b30915a8fbd0ba09bec6473b86704,0,0,0,51,0,0,0,0,0,0
1f7c2d848e18b62b3508f645fe387cb6,1,0,3,0,0,0,0,0,0,3
20077bf45361bfb7c93a37840a275c37,0,0,0,5,0,0,0,0,0,0
202dd22d09a1f87885be2fdae3f0be68,1,0,0,0,0,0,0,0,0,0
2031af0ed6bc6004eb969e62bd0624b4,27,60,0,0,0,0,0,3,172,0
2043997cfb99492760e2f9ac5c5d0173,0,0,161,0,95,0,0,0,0,0
2046bb0f26fadcdf415fc402a9d93679,4,19,9,1,0,0,0,3,0,1
2049dbf2c8ae54415643a66af8b44b16,0,0,2,0,7,0,0,0,0,0
205689b524b6f04b260bfa6f080179bd,92,202,0,1056,98,0,86,585,0,35
205b88c92931ca92e0f146a0e2a47dca,0,0,0,6,0,0,54,6,0,0
2066b773af620a3be20eb4158f9a71d5,0,0,0,0,0,0,4,0,0,0
207647183ba0333a1ed361c02ea50d0f,49,22,45,3,0,3,0,0,2,0
20c11d193fa2f74e12e86d3e948fe64f,0,0,0,0,19,0,0,0,0,0
20eab86229b9a6f11127b9bcaf770ae8,0,0,0,0,0,0,0,11,0,0
20edcdedf6caea9a61545ca5eb3395ae,0,0,0,0,3,0,4,0,0,0
211f5d22bb693d6843475d918ed00370,0,122,50,0,15,3,0,0,0,0
213a40e2dac25319691b889f447688c3,0,0,0,0,49,0,0,0,0,0
21788bb471a631f9d4ccff77592bf508,0,0,0,0,0,0,0,22,0,0
218814b1473236a565c490e8122c6d88,0,0,2,0,154,0,0,0,0,0
218ce46fd7a5e12ca88880bab234f7d9,0,0,0,30,0,0,0,0,0,6
21d56555b2e81a477b8fa61bc24770c3,0,0,0,0,0,0,0,4,0,0
22793edc9cd9907ce5d798d27d9bea22,0,55,0,13,18,0,16,1,0,1
228e7ae35ddea86db1e312de22a46b5b,8,1,0,2,0,0,0,0,0,0
22bb52c5f8aac058e6bd8146d1b3fe27,0,0,0,0,7,0,0,0,0,0
22bfdf922188ba93ee555cd3a5ac5d48,3,0,1,0,0,0,0,0,3,0
22f5efb426fc7af9ccdd9307b0d8226d,0,0,0,0,0,0,0,5,0,0
22ff386478a9def9ae87f45c5c101406,0,0,0,0,4,0,0,0,0,0
230512791272401033e01677ec5dc252,0,0,0,0,1,0,62,18,0,0
2335744b931e24305ae3d671f5925443,0,57,0,0,0,0,3,0,0,0
237421b5c0a1a11aba872c8d360e6476,0,0,0,0,0,0,0,6,0,0
23b935857c2905d6797c0c650fcb117b,0,0,0,0,18,0,2,45,0,0
23c0fc711c6d74e4ad7902b34c084b5a,10,0,0,0,0,0,0,0,0,3
23ca407ce705d78957f772565f05df16,0,0,72,0,0,0,2,0,0,0
23cbd4281484f51bda8944278248a5ba,0,0,3,0,145,0,0,0,0,0
23edb4fd44dea85d661464ae7125f257,2,0,3,71,0,0,0,0,0,0
23ff866339d87c42420e6b2549251b31,0,0,0,0,0,0,0,48,0,0
242f5203f381b544768b8a550f120ae6,0,0,0,0,36,0,0,0,0,0
243878730eba8e846f5a2ab8f1544bd2,13,0,0,0,1,0,0,0,0,0
243c43bfaa33c5ebb23daf3336ec57c2,0,0,0,0,237,0,0,0,0,0
245df955ad249df14defe58e03366b8b,0,0,0,0,0,0,0,10,0,0
2470cda90f354ca14d67b80025ba34ed,0,0,47,0,0,0,0,0,0,0
24791d3d91858737c317d435d768b6aa,6,3,0,0,0,0,74,17,1,3
24b4ea001944ba76e643be9e7b75cb86,1,0,0,0,1,0,0,0,0,0
24c70ba42443f6cc45265a2769e4e49c,0,0,2,0,7,20,0,0,0,0
253a45f0a1d8a3c886571450ce94062f,0,0,0,0,0,0,0,6,0,0
2543dd8ec108ba946069649982de4e33,0,0,0,0,1,0,0,0,0,0
2581bcf75073c372b9f2c2ac8eac998c,0,0,0,0,0,0,0,0,29,0
259933104865d0181d7a213e14fa6a24,0,0,219,0,517,546,0,0,306,8
2599fc48ef5f7b1baa8416b50364fb5a,0,0,0,0,0,0,39,0,0,0
25a56c4f61d8e8d3eb1383204a99164a,0,0,0,0,0,0,0,342,0,82
25c5417971dcacb69a73aea3019a7c23,0,0,0,0,16,0,0,0,0,0
261935bf4d4df64dc9206ab7ccfd645e,33,14,0,0,36,0,40,53,9,9
2628bc3ce0449352d3090092eba9ebc8,204,128,27,30,9,19,2,120,184,534
265a370d110c69a565cdcc09dd2ec31a,0,0,0,0,44,0,0,0,0,0
26ba00ca8357396d16b94d11255d71ab,0,0,0,0,0,0,0,0,2,0
26c442a2046841de80134893bc0915a1,2,0,0,0,0,0,0,0,0,0
26f339506d88e7b057613ee1c5bc510d,78,71,0,46,0,0,0,39,2,5
2783244797d962c0a76531e2de84d58f,0,0,0,0,0,0,0,5,0,0
27995115a3a9556d0a61cd820b438bb6,0,0,0,2,0,0,0,0,0,0
27b7792c37c7ac25faffd360a4f6a129,0,0,0,0,4,0,0,0,0,0
27d620edd7ea03a5123fb108e06f0e8f,0,0,0,0,0,0,0,17,0,0
2826584c4dae42748e6c34f9a192d6ab,13,8,0,0,0,0,0,0,2,2
2835e6b3ed880a518c4a7cc45aa2492d,1,0,0,0,0,0,0,0,1,0
283a8c31817c78de01d6f8767b08781a,0,0,0,0,0,191,0,0,0,0
2849ae4e04864aa470fcafd5f8c86473,17,0,169,0,17,99,0,12,0,2
287293cee135b9998709bda1f33c2e49,4,5,0,0,0,0,0,0,0,0
2884f446b7bb73b0f419f130e9aa55b9,0,0,0,3,41,0,0,6,0,0
28d473fc61a702743097f1a0f84a0699,0,2,0,0,0,0,0,0,0,0
28d810ba0a32732763dfb2628fdc3106,0,0,0,15,0,0,0,0,0,0
28e91c45b68e92c4db0daafed17a5974,0,0,6,0,0,2,0,0,4,0
28e992ec5957c74684c8c65b46202f97,0,0,0,0,7,0,0,0,24,0
290ca4b2c3fe8efa51c3227e293ea677,0,0,0,0,2523,0,0,0,0,0
293c013b8b4d9e2e73a5900a1364255a,0,7,0,19,1,0,0,0,0,0
294c35db4390d1600746650117e063d0,0,0,3,0,0,0,0,1,2,0
29670356fdb03864e33ec98c626a9af7,0,0,0,0,0,0,0,0,140,99
298bf2a2be0e9900d8768bda3c1b329c,0,0,0,0,0,5,2,0,0,0
29a2816a1ac8efb1f35b2aa183c1d6e8,0,0,0,1,0,0,0,0,0,0
29b7cd6352becc322414fa5fe983e206,0,1,0,14,0,0,0,2,0,5
29d9af249d83e5fc67054ff02cbce1c4,0,2,2,5,1,0,0,6,1,0
29f9f4c42712c3a12decde0dc16829fa,0,0,0,0,0,2,0,0,0,0
2a2b8b0dcd151e3cded4e9a0c6c8525c,0,0,0,2,0,0,1,4,0,0
2a6d594e52c9b6334bcffef4db6a2fc2,1,0,0,0,3,0,0,0,0,0
2aeadc96ea4c4d04479c996d08cee17e,0,0,0,0,5,0,0,0,0,0
2b4970ca6af26e91607595a26a75099b,53,0,0,0,40,0,1,0,0,0
2b62fe8b3f8211040e64fa8fc5b36b27,2,0,9,0,214,63,0,0,0,0
2ba90b0be01177328bfba05450b59ed7,27,21,0,1,0,0,296,15,0,0
2baddfb2c08e9f5af6e22e4d077906d2,0,0,0,0,0,0,86,0,0,0
2bc3a8be44773e80d2ad7e283df00376,6,0,0,0,4,0,0,0,0,14
2c002806ae1639497f151f76616af94e,0,0,0,0,14,0,0,0,0,0
2c03065f3acff133c9c05e0488a8e458,16,0,3,0,0,0,0,0,17,0
2c036b1943b360bf2dfa70230fbf78b5,0,0,0,0,3,0,0,0,0,0
2c789a10c166cbc0f551f943a8896f43,0,0,0,0,0,0,0,6,0,0
2c84f91a860f29c5ebd69a2021f41199,0,0,0,0,3,9,0,0,0,0
2cc5a3c7f04660f1ed343fa0dfc45b9a,0,2,0,64,0,0,0,0,0,0
2cf646413bd751e43d3e3d59449dce78,0,2,0,28,0,0,58,0,0,0
2d4c2ced8f8c77e0ca2df5945b7238bf,0,0,2,0,0,9,0,0,0,0
2d877221cad6990b379fb7a1b5d919a9,0,0,0,0,0,0,4,0,0,0
2d8f6db5d2b2c4714cc2837f9a0f2015,0,0,0,42,0,0,0,0,0,0
2d949d1ac2c7bd016db42d26914c12a1,44,28,4,0,0,23,0,0,0,0
2dad2b20e9a477cf4f2f537f7c39ebc5,0,84,0,484,0,0,0,0,0,0
2dfe2d6bdb57a8e6ca38db233f8cb4bc,0,0,0,0,0,0,0,4,0,0
2e0ffe0780cca0b0dbfc11a3a4aa7580,0,0,10,0,0,4,0,0,0,0
2e10669d21778c6c943dd10801ceb60a,1,0,0,0,0,0,0,0,14,0
2e424c331fd4cc1ff133695d5b9514cd,0,1,0,11,1066,0,0,0,0,253
2e756e9be0fb920d489d2245e62d3248,0,2,0,5,0,0,13,2,0,0
2e8cf80a637f35436facf4d188dd5efa,0,0,0,5,0,0,0,0,0,0
2e9647a26f7602fa1bfeb52e4b5f74f1,2,0,0,9,0,0,0,1,21,0
2eb343cdd4e7f8194270bddb086b9f60,0,3,0,2,0,0,0,0,11,0
2f0eada40c43563cb3c75ae371da2664,0,0,0,0,3,0,0,0,0,0
2f12ac30d11a51a94fa472b40995e5af,0,0,0,0,0,51,0,0,0,0
2f30622249380e3377597026ba46ad4c,0,0,0,0,65,0,0,0,0,0
2f37611fbd002402d0d7bc5694578944,70,16,0,193,0,0,0,52,98,42
2f49610f9b40af4a510bd644f3efad4b,8,17,185,2,283,493,58,38,62,6
2f7354a4691dc830628e1137b50fb7ce,1,0,6,0,0,3,0,0,0,0
2f8d47332b12dd771e9fefc4167c4680,135,0,0,0,152,0,2669,715,0,0
2fbc442b36aab24b8a84edccd0bdc4f1,19,0,0,0,0,0,0,0,0,0
2fc3fccc4403a7a8759e3ef943738c28,0,0,0,0,0,0,0,0,0,13
2fca1e4e9cc1bfb1cc193ab2d6f1b05d,0,0,0,0,66,0,0,0,0,0
2fe574953b2ed1c76e938ad95058df0c,0,0,1,0,0,25,0,0,0,0
30126f83fbacf86f62b86d30caa9c983,0,0,0,0,3,0,0,0,0,0
302c25410e905a32fac3f59019a52c7a,55,31,0,41,1,0,16,10,25,25
305e0746bf5305f73f26233d14f17c79,0,0,0,0,0,0,0,4,0,0
3088a14eb98815ddfc6829219fe2ece3,0,0,1,9,27,9,0,5,0,0
308db9e0f58aaa4a5072c87ce354b201,0,0,0,0,0,0,0,0,677,0
30de8e78fa22d6f4af12882bcbefca98,0,7,0,0,0,0,0,0,0,0
30e3d72fcbd951def5a57611527d2a91,1,16,24,40,0,59,0,24,499,162
3108ee4675a164b1fe31c9fac79fd78e,0,0,0,0,0,0,8,0,0,0
314413072bf4299e0142a6bb0d0b0c61,0,0,0,0,0,0,0,109,0,0
31607ddc7a1a535229aa35e60c946e91,0,0,11,0,0,11,0,0,0,0
319497d1f9726ac3e901b0bf0e0672d9,0,0,0,0,4,0,0,0,0,0
31e8701d31c3e62c1b346677d0fbb769,2,0,0,0,0,0,8,0,0,0
3237e697d2b209e19da2c0659536262e,0,32,4,0,0,0,0,0,0,0
324a1fb663ce21ad21fa1a4814f02fb2,0,0,0,0,1,3,0,0,0,0
325553effac2caa0a5684f0650893e49,180,69,9,159,0,11,0,96,1,13
3262a7e70e1dd963244d1d00a2b9281a,504,352,276,241,49,200,24,171,452,96
3264c9b36d4b3c3fec30f9100233511c,0,0,0,0,0,0,0,3,0,0
3283a229be2833832852f05af8e2b6ed,0,0,4,0,0,0,0,0,0,0
328cdb0f35f0207ed4e3a37e77886853,3,2,0,1,0,3,0,0,0,0
328f9549be50f601b725df3641430e89,0,0,2,0,0,0,9,0,0,0
32e2b928caa17f9c52b5edc922326cbb,0,0,0,241,0,0,0,0,0,0
33139768b30a93b2f0d625bdb4d526fb,0,0,0,0,0,0,0,0,3,0
333bbc214b6947b8d7796ace0aefa3bf,72,0,0,0,18,0,0,0,0,15
33821016e68ce838bdff3bcb57daf11b,1,0,15,0,10,46,0,0,53,0
338c1b853eb62521e948eea620bd694e,77,0,66,0,0,1,0,0,22,3
3424612315ed0a562bbdd7a35c5591e1,65,0,14,16,0,1,0,5,0,2
34a4b02c3cbaf244e04ce6fa0f3465a4,0,0,0,0,13,0,0,0,0,0
34b2939e001a1f713f24adcefc147785,0,35,0,0,0,44,8,0,21,0
34d87c87118ec297dd0e889d2a2ff2ac,2,0,0,0,0,4,0,0,0,0
3513a70ba737294df24e17662f28242e,0,0,1,0,0,0,0,0,0,0
355467c1358ae54626efbeb1ede7dc0d,13,0,0,0,3,28,0,0,4,4
356c928ad2699d60e88ef8385d09af43,0,0,0,6,0,0,0,1,0,0
35c84552eab09fbd4ad5b56782e29bac,0,15,0,8,0,0,0,4,0,0
35e9627ed3c81ea8f1a6c20155e8191a,12,0,0,0,4,0,0,0,0,0
35f84dab75dd17be6e7b4d3225f2c458,0,0,0,0,0,0,2,0,0,0
363cc719a76f2d65f7cc6058c48ffe8d,19,0,5,0,27,0,0,0,0,0
365c5a50d9d9531b71e2bfb719c0bc1a,0,0,0,0,0,165,0,0,0,0
367b579863f0e1586b6765827bed9d5e,0,0,0,0,0,10,0,0,0,2
372aa8ddf93db7b85700356435339e4e,0,0,0,0,0,0,0,0,40,0
3763617a6117adc2b98525dea5f83538,7,77,0,14,0,0,6,10,0,0
3793c501bf0a541418452baa5b8abff2,2,0,0,0,0,0,1,0,0,0
37a735a589da0a94a2ba7b17f800101d,80,154,9,67,6,36,23,39,66,97
37d850b040c0ac3ed9b4cf1f31425509,0,1,0,2,0,0,0,0,0,0
384e011b832c43c9b451701329a5a17c,0,0,0,0,215,0,0,0,0,2
3853ce2fe08302838f7d5e01e5ace755,1,0,3,0,0,3,0,0,0,0
385a1ba4cef54506cb0123b81c9d802a,25,205,674,0,0,261,0,0,437,500
3878023a8196c382009637ebfe503175,0,0,0,14,0,0,0,0,0,0
3889c757cbbb522208de62cf9892f10b,286,0,0,0,17,0,0,0,4,0
38af1e662318cf6e431fdd84d3af27d0,0,0,0,0,0,0,37,10,0,0
38b410162db7672a1249238acbcaab23,4,0,0,0,0,0,0,0,0,0
38ccc9b4b8603b38469c32ab1a7a2c24,8,22,186,5,0,2,3,16,64,38
38fe7df5b6ef33bbed983b405599acf7,0,5,0,0,0,0,0,0,0,0
3903dfd1b6cb63d6edd12f208615ccf3,12,0,0,0,20,0,0,215,0,0
3932d0e46a4d42546a84688e5b794142,8,0,0,0,0,0,460,7,0,0
3947235d5c0541b28bcab25fcfcf3cab,0,0,0,0,0,0,0,4,0,0
396dc8d78be6c7d98b9bc1b7cf44eb14,0,0,1,0,0,0,0,0,0,0
397079a84d129c629cecbb75d40b80b4,0,0,0,0,0,0,0,0,0,9
3990019a6040874110a72374eb15b139,35,0,9,2,0,2,0,2,16,1
39b689c36edaaa5d342c460d466fcfe2,0,0,0,0,0,0,0,88,0,0
39dd91d31a247df32517663831ab88e4,0,0,0,0,32,0,0,0,0,0
39ffb9d76fac554e243855153d0b7179,0,0,4,1,11,0,0,0,0,0
3a579e8e269f7d3f67a4a99df65de414,0,2,0,21,0,0,0,0,5,3
3a5eac2e85d73708a3ad4ba09f5a4034,0,4,0,0,0,0,0,0,0,4
3acabd6f54da9cb052a07e959307c0cb,0,0,0,0,16,0,0,0,0,0
3b180b5dd5fed6eac59f8908b236b689,15,3,36,30,2,15,40,29,0,0
3b5f068b98a24ea8ffab161509da4856,0,0,7,0,0,14,0,0,10,0
3b6e6d03c26addb29bc6157c38b2e536,37,4,0,0,78,64,0,0,0,32
3bc45e0457d8222f3b53ff5257312107,2,0,51,0,0,10,0,0,0,0
3bccbc77e7dd2ab37755eab737c70f9f,5,0,0,0,2,0,0,0,0,0
3c3e0c0c8f467aed0a830bd407b0a3e2,0,0,0,0,0,0,0,2,0,2
3c3fd1b0bbd9f4e23e6d0abb65346a7a,2,0,0,10,0,0,0,1,0,0
3c604a3201e8ba638398a8022cf81237,0,40,118,137,885,10,59,0,0,0
3c652a4650e397f6146409ad10746935,0,0,0,0,0,1,0,0,0,0
3c9c65d046b33b3edaedfe03cd1de7e1,0,0,0,0,0,0,0,7,0,0
3cbf1bdaf9fd6b157c726a4fdce39f3b,0,0,4,0,0,0,0,0,0,0
3d05e4b4a6977705e8bc654291f15a02,0,0,0,0,564,0,0,0,0,0
3d1bb8aed46d91b0b5fc1ba9a9af2f48,0,0,0,0,2,0,0,3,0,0
3d20d8db719d878b97ac7b9c02a1831c,0,0,0,0,0,0,357,0,4,0
3d3c5220daf3304ee76980882c27e71f,0,0,0,0,13,0,0,0,0,0
3d47bf23798d66c7c6c726b136df5e31,376,0,0,0,37,0,0,9,0,0
3d7fd8a1b7c690baeb988682bbbd1a64,3,0,0,0,24,0,0,0,2,0
3dac25508f59b0bf239ba3b61d53e4ed,0,0,0,0,0,0,0,0,6,0
3dcfdd1a8093f6c5a49eed29bd83ce45,0,0,0,0,0,0,0,2,0,0
3e12b32f0a4960717c6eeac4d37d0f56,0,0,0,0,0,0,0,0,0,77
3e4a59c6c7ec5832570351689be879b3,0,0,16,0,0,16,0,0,0,0
3e57497044f82a163a49f3f60b7b3dc5,0,0,0,0,0,0,0,4,0,0
3e70d124741af565e6195ad7f1827a22,3,0,5,0,1,0,0,0,7,0
3e91b1ff031050a691682d9d8c1af6af,0,0,0,0,0,0,3,0,0,0
3ed42a2a6a97d92ca05a9def60ae129a,33,27,0,67,3,0,81,36,8,12
3f1c593b98dc141b1801a6df5011ba26,0,0,2,0,0,0,0,0,2,0
3f5f33463b91ccc7de9c17a2a1dc98ff,0,0,0,0,343,0,0,0,0,0
400933aaafc7f52e4ee194cba7712b35,5,0,0,0,0,0,0,1,0,0
400e3a5ffdb90a83d747918640c38328,0,0,0,0,0,5,0,0,0,0
403ebbb8b4f528045fe1a73f4cbeedf2,0,0,0,0,0,0,0,0,0,56
4094b513acb17b04870a99a5d74e4c3d,0,0,0,0,385,0,0,0,0,13
40cdc643019f383005cc185dc96dfd75,0,0,0,0,0,43,0,0,0,0
41152e8a5f5f452a0b48ae0be59bbf64,96,60,0,24,138,14,92,118,58,29
412deab72957958fc5ccba311df01c77,119,0,35,0,0,2,0,0,0,0
4159a75410f099866cc8fadb9f3fbeb7,0,0,0,0,0,0,28,0,0,0
41611cc955196b78440f38958466937f,891,0,0,0,678,205,1002,93,0,136
418d9b5900f345a50bb8bb7e77bc5fe0,0,0,1,0,152,0,0,0,0,0
419648a41ef62253417f790b972dd986,0,0,6,0,0,0,0,0,52,0
419bb4dcdf8a17f4af9b17e4abe3d3ec,0,0,0,0,207,0,280,0,0,0
41a1e2b189fb844cc6f709b415c7cb03,0,0,0,18,226,0,0,0,0,0
41a8e284802f5e9202cfa5f842e43b4e,3,0,29,0,104,41,0,0,0,0
41dcf842aa87acad4b9a667eb597f04b,0,0,1,0,0,4,0,0,0,0
41dcffb21d6fa07760f8602154567510,9,0,0,0,43,0,0,0,0,24
41fd9e459c911a3b7a474a3ba4d16fb4,0,17,0,0,17,0,0,0,0,0
4229f6f6b749b78b22c0145e14791623,0,0,0,0,0,0,21,0,0,0
423a389ee07007839b50a192553f58eb,0,0,0,0,0,0,4,0,0,0
4243d90941dd5826c6601bd0d628e752,26,3,0,17,18,0,0,12,10,7
426a23c1c3541e6b3bfd5b7b0c331982,0,0,0,0,0,31,0,0,0,0
42833a894ed914f2aaac8de1522f4104,0,0,0,0,0,3,0,0,0,0
42b4289a186720dc6f14f36c4872aa65,0,0,0,0,0,0,0,0,1,0
42b95bea338f54f2251b469f8dd6d388,0,0,0,0,0,0,0,4,0,0
42d6f1dc35d3d5a9ae3f5af1c3c1658f,0,9,0,0,0,0,0,0,0,0
42f44f2edb9c0e7410229cd2b8495308,2,3,0,2,0,0,0,0,4,3
42f6f0a22e628bb23bc824261f91e871,29,5,1,29,0,0,77,0,2,0
4324339c02149a8564e61850dc616a78,0,0,0,0,12,0,0,0,0,0
432b385acccdf0e48a41ac2be91cad7e,0,0,0,4,0,0,0,0,0,0
435c503719560e757317f6da116c2533,4,0,0,5,0,0,0,0,0,0
43914fd4c3dba72c8a090619d3e4c1af,0,0,0,0,40,0,0,0,0,0
439fb76ecd2ef62e3fd2fec870c71578,0,0,6,0,0,8,0,0,1,0
43c0c64b0402e054e33ce01f58675500,0,0,10,0,0,0,0,1,8,0
44479cb98e7734887f0f8cf441aa7285,0,0,0,0,0,0,0,20,0,0
448682f25e4edde440902c8b33f6df45,0,0,0,0,772,0,0,0,0,0
449411d71eed0ff4804e1aa0984f496a,0,0,0,0,4,0,0,1,0,0
44bc67133752a994478480a150ee78f3,0,0,0,0,0,0,0,3,0,0
44be4c7bdd680e21b5d6aa4223ed66a9,2,0,1,22,1,1,1,9,0,0
44d03b7de750db6268d79bf3b7b3f565,190,0,441,0,1660,176,0,0,72,174
44dfb4b956d8f977709af6df8bfe3e13,0,0,0,0,60,0,0,0,0,0
44f18c2a1a9016f84975520719122199,0,0,0,19,0,0,7,0,0,0
44fb84495a3bec4529e369e18c8d0165,32,1,59,0,0,0,10,25,0,0
4542ef6a2daa70f5270ec346848c7d17,0,10,0,11,0,0,0,0,0,0
45486690c0edcbe3acca30008205ef27,0,0,0,0,0,65,0,0,0,0
458f2463fcf02c892df9dfd7927abe46,0,0,0,0,0,0,26,109,0,0
459a6e098a853bfafb36f1e8a3c2dd33,0,55,0,194,0,0,0,0,0,0
45af6bcc7daaaf271ce8970ae13d887c,0,0,0,0,11,0,0,0,0,0
466197a1542d0bbecf11c782b32754d0,0,0,0,0,0,0,86,0,0,0
4661c4c5ce90dcc1067d11eb6a6cbaa4,26,0,0,0,0,0,0,0,0,5
4674f146f001a5d29c36a7f3e5c7dac2,0,0,0,0,0,0,0,42,0,0
4708ba7577269496637a3524a71e3057,13,0,0,0,40,55,0,0,0,15
4723beab408940fc54f4cd28a8ce2661,0,0,0,17,0,0,0,0,0,0
472e9fd93d7defe466417b5169bd6a50,0,0,0,0,0,2,0,0,22,0
474958a0926828720ab070eea123ccac,1,0,12,0,0,0,0,0,1,0
4782f9cec9f666394f2a0bc1baf18659,0,4,0,0,0,0,0,0,0,0
479c85bd49b21ba6a5a00d7b13766555,58,1,305,29,6,0,120,3,0,17
47b0a4c9c653312dfaa86146ae9e07b6,5,4,0,0,0,0,0,0,0,2
47b7cb4025b7d3b0efe74271c4df5ee5,0,0,26,97,3,140,47,11,0,0
47cdae9ae61c63c2a74fd0f1f322a096,0,0,0,0,0,0,0,9,4,0
47d1bafecd5a6e242a809854afc7f580,0,0,0,0,0,0,0,47,0,0
48058b189bbe8b3c84c6360015e1532f,0,0,3,0,0,2,0,0,0,0
4824e8a9a8a43216b90c456ec5acfc11,0,0,0,0,0,0,0,61,0,0
4832d5e8bbdf4b088316c74366493854,5,6,0,0,2,0,0,0,0,0
489855189d9686629879eb3ede9486f8,13,0,2856,1,920,3621,0,1,2918,2
489ee2592217f15eced180d1d960d859,0,0,0,7,0,0,0,0,0,0
48d427547983c8bc714a6c7a0a9ce82c,0,34,0,0,0,0,0,0,0,15
48d9b9c5f3308a02da9f1eab676314e4,0,0,0,15,0,0,0,0,0,0
490a78d87e4bb5ac65c139c42d0a1728,46,0,0,0,0,0,0,0,0,0
49121012a5c9a5449c23757d83c0cb7e,0,0,0,0,0,0,38,0,0,0
492419a96e35e609cf01553cd966835d,3,0,0,0,0,0,0,0,0,0
49405f439038f1124a501d686ebb470a,0,0,0,0,0,2,0,0,0,0
4958646c3477751d2514a0f87cd1b2d2,0,25,0,0,0,0,386,0,0,0
498360bf0e3bea63817172cc8e57f786,8,15,14,15,1,0,0,22,2,0
499b187b1bfd265489cfda4b4cb4d8c7,70,5,0,149,0,2,1,34,55,14
49c74be7fb4009b028640abfa37a87b4,0,0,0,0,0,0,0,0,4,28
49d06b53111b794439245bb1339dd022,0,0,0,0,0,58,0,0,0,0
4a0b87e83c78e60b7434ae4d2291b0f2,5,4,0,0,0,0,0,0,0,3
4a1e0c5afab7b818861f544d18035c0e,0,0,0,0,0,0,0,0,0,14
4a46814357f11ab6347f1fc0b35bfb21,0,2,4,0,0,0,0,0,20,4
4aa24e7a15922e1b6971014a2889877d,5,0,5,0,8,36,0,0,12,2
4aa7480b0c8992101bbc99f37d87283a,0,0,0,0,0,0,1356,2,0,0
4ad36510b1a97c62504db23cabe50029,0,0,6,0,0,0,0,0,0,0
4b045fdd81a50cbe7916c2793381ce4d,82,15,416,0,87,70,415,87,0,0
4b0ead77f523ebf0b906dc66687e5813,6,0,0,0,0,0,0,0,0,2
4b2d1ff155ce01a440faa18da410b7ae,0,0,0,19,0,0,0,0,0,0
4b3c09a4e6cddd47028cec2a036491aa,0,0,0,0,0,0,8,0,0,0
4b510fc55ea201122038492299711e2c,0,0,0,0,0,3,0,0,0,42
4b59ec7cb5f9d5a293b7a6bd86625084,0,0,0,0,0,0,0,4,0,0
4b916c47b7b6a33da403a5dd3606743f,0,0,0,0,371,0,0,7,0,0
4bade005242553b6a45563dd3e5401ef,0,0,0,0,0,0,0,0,2,117
4bafa1d630342b15918e5abea15ad79f,0,0,3,0,0,4,0,0,0,0
4bf888ce77ad4d14fb3eaa4a1b1d88ab,0,0,0,0,1,0,0,0,0,0
4c3f744326739cfcb797c290083783e5,1,0,221,1,0,147,126,28,1,0
4c49e4c0f7ebc2795a1e7e81525af196,0,13,1,0,0,0,0,0,0,0
4c85f6eb8b5388ee4a46c2cb2719daa4,0,0,0,0,0,0,44,2,0,0
4c978ac32372d9ce2d1b5a3b5be905fa,0,0,0,0,0,1,0,0,0,0
4c9f5ac8ca7a0f987fad19f66a26e078,0,0,0,0,64,0,0,0,0,0
4ce7089bda87b6cfb446630c89ee86ad,0,0,0,0,0,0,17,0,0,0
4d06fd961ccde5a149ee9949629301a4,2,0,0,4,0,0,0,166,0,3
4d48d7ff5be648dbff5d977be48b6c8e,32,81,0,46,12,7,49,23,32,23
4d4da7446dd75ffbca560cec7ba387e4,0,0,0,0,0,0,0,0,2,5
4d7192c5a137cf7ed293a21a21043126,0,0,0,18,0,0,0,8,0,2
4d79feabc5bbc6227b7cda98be35a465,0,129,0,0,10,0,97,209,0,0
4d7fd6e73d69ce59e37790cc24c73bde,0,0,0,0,1157,0,46,0,0,0
4d82a72dcd7a3935d9389b32f3c593fc,0,0,7,0,0,0,0,0,0,0
4d988617cf329818e90a69296cf7496c,0,0,9,0,0,35,0,0,0,0
4d9ef5cc68a5cdc486d6d4b3542cde71,0,0,4,0,0,0,0,0,0,0
4da78b69df4941cda0b3c8acc6c55eeb,0,3,0,1,1,0,0,0,5,0
4dc77e6f9391d7ac5f1e653c08a87bc0,0,1,0,0,0,0,0,0,0,0
4e0f0e494eca3907de68b815147a98f4,0,0,0,0,0,0,0,56,0,0
4e1c0167d3c2040222d31108f88779e9,0,0,0,0,0,1,0,0,0,0
4e3b6320d037cf4fbed810cb1424ec8a,0,0,64,0,0,0,0,0,1418,0
4e3caa7713a4223e544a2014d713208e,0,0,0,0,0,4,0,0,0,0
4e95f3bc8f16beda788849a4e496e5ae,0,0,0,0,0,4,0,0,0,0
4f3f7553321dafa33ac225746aecc366,16,0,0,0,2,0,0,0,0,0
4f5678f16e6e19f7f6638d8f5dd476ef,12,27,0,1,0,0,0,12,0,69
4f8c8e41fa14dc280582fc9bd26bcbab,4,10,0,312,102,0,81,151,0,0
4f944790b119a24e422e0c02101f575e,0,0,0,4,0,0,0,0,0,0
4f94946970288e36030d8e943dbc5bbb,0,0,28,0,0,1,0,0,0,0
4fcd15fdd2341614c4bb93c4ff1a0db8,0,0,0,0,9,0,0,0,0,0
4fd4520ef55489d25bcd2fe1d4748612,9,0,82,0,0,0,0,2,0,0
4fe5efefb811ac9a2b2759ab0ccd9fd6,1,0,0,0,0,0,0,0,22,0
500827f5eb77cfedcae3579e53ec8c76,0,0,177,0,0,228,0,0,359,0
501217c7614e0367600aafe0710a5184,0,0,0,0,0,0,0,0,12,0
5022bd9f7bfdbf8095275df1cdba3eaf,0,0,0,0,104,0,0,0,0,0
5023928aa2661ee151329fa888f00c08,0,0,0,0,3,0,0,0,0,0
50757f7f60944cfbcd89d12caf5751ce,7,0,0,2,0,0,0,0,0,1
51194b8233acaff275c41bf94ca2c735,1205,107,1509,158,1940,1838,343,407,44,100
51908ef8c74539aa92b2b9786e011934,1,64,0,317,0,0,527,4,0,0
5205268f076d777a067b6bc0c27fd843,0,0,0,0,5,0,0,0,0,0
520e6d778a42a778800e637a92a3f7a8,3,0,0,0,0,0,0,0,0,0
52197dca75d1808bd2fa7e5d033f310f,10,6,0,0,0,5,0,0,4,0
522f17a20b884e53b7e2693b431fce4c,20,3,0,11,0,0,0,8,8,0
5258032d24d55e20bf14e853dffd5400,0,0,0,0,0,0,0,10,0,0
525ee868e5c567443c5ec9d71944ace9,0,9,0,0,0,0,0,0,0,3
5325b623f48091942b79da221094c206,72,0,65,0,41,181,0,0,17,3
53353788c0056c2ae8a0796ff05c4fbb,0,0,0,0,0,0,0,123,0,122
533abe2f5244fc57bf94b9bc19d75444,0,1,0,25,0,0,0,0,0,0
535644fbdf865ddd0cc9ea93502a6bbc,0,16,26,0,0,2,0,0,20,0
5379516f81af3858da523f2d65cf6e7b,0,1,6,0,0,0,0,0,0,0
53b6ba92f3934bb0f4618a8afcc2d86e,1,0,0,0,0,0,0,0,1,1
53cf7e6e54540db448c911fd5e92d798,0,0,0,48,0,0,0,0,0,0
53d0bf0a5b4a7ceade38789bbe227c24,0,0,0,0,0,0,40,0,0,0
53ea7c64178dbbce1e1a4722bfaeec1e,0,0,0,0,0,0,0,17,15,3
54305693ac20167cca877f883539d0a4,238,17,3,0,5,0,0,16,69,92
5468708465f8803b803a12fae04453a6,0,0,0,0,15,0,0,0,0,0
546f62608ec43ae23e9d337db1c0c587,0,0,0,0,0,12,0,0,0,0
54b38c88d9c93b19d675949e52a590c6,0,0,0,4,0,0,0,0,0,0
54bb2feb930e73b5d299c6dfe18006af,0,0,0,0,19,0,0,0,0,0
54ce8707bec7ad2d9863b0fe71408b71,0,0,0,0,68,0,0,0,0,0
54e1df2289e6a784eaebc42527234aad,14,0,235,0,182,61,0,0,43,0
54eb8377c15d6d14b418d1ff66294165,0,0,0,0,3,0,0,0,7,0
55062e73de4a329a87628ff9f37b1ad7,39,0,563,22,373,441,871,16,0,34
550eeeb5b33b93c59cfcbcd769c1c656,0,0,0,0,51,0,0,0,0,0
551a9288ab430c36fa0558e4ed2cda14,0,0,0,0,0,0,0,0,0,4
5543a6bfc67615f4f744af998fda320f,0,8,0,0,1,0,0,0,0,0
5579452b3e48a6507174b8add11f30bb,0,0,0,0,5,5,0,0,0,0
55a335b2a6008f5b62e335e417546205,0,0,3,0,0,0,0,0,0,0
55b58124016596c4a6b7b2c4b7633efb,73,2,236,0,1380,234,0,82,494,105
55dc227df61b5886c6219fc13e273064,11,0,41,0,527,71,0,0,30,2
55ddd43c22951df6f258f5c7e78d8241,0,0,2,0,0,291,0,0,0,0
55e8e0fb06bcd13c165ab6e4d7a69454,0,0,0,0,0,4,0,0,0,12
55fe9c03d4607d3aad26545e3a255064,2,0,0,0,24,0,0,0,0,5
5605fd1628fe3606f204b56d55622ce2,0,0,0,0,0,7,0,0,0,0
5642157fa573ca5b7b2c265fdd1d376a,0,0,0,12,0,0,0,26,0,0
5647003638a528ef4b1ddcf5ff19fbe7,0,0,0,0,0,2,0,0,2,0
566fc2ac813f98fd3d8880c03d93cd33,0,0,0,0,2,0,0,0,0,0
5676840dcb48c723631bddfa87256e53,0,0,0,2,0,0,0,15,1,0
56c3160251db2dabd09e3a16b2ceb681,0,0,0,0,1,0,0,0,0,0
56ef290cef6fc951b68d8fef9a1890a6,0,12,0,0,0,0,0,0,0,0
575b472a8f9b077a8b9186957cd23741,0,0,0,0,0,0,4,4,0,0
576f3484c01ea42719faa59621a46404,28,0,0,0,0,0,0,0,0,0
57bdaf7acf546676afff67df37e9a1b5,0,0,181,3,2,85,4,0,0,0
57f88509141dd7b2173f2dd7050ae2e7,0,0,0,1,2,10,0,0,0,0
57feab577c9e905b89f4a0d0e19a1631,0,0,0,63,0,0,0,0,0,0
5813627435f3aed5adbbc25232f2ad34,0,0,0,0,28,0,0,0,0,11
5813ac286fc5fab0c69d06dce023199b,0,0,0,0,23,0,0,0,0,0
584523baaee1b22d9209a9e6763584b9,0,0,0,0,155,0,17,0,0,0
5896b1cec977d0f477406bd762fa00e7,0,0,0,18,0,0,0,0,0,0
58d1fb1381134f57de1763362ac89570,9,0,0,0,5,0,0,0,0,1
58dc12cc87c71ff1f5fae93076612719,0,0,0,0,399,0,0,0,0,0
58dcb86eead72f784772ae9fa7028978,0,0,0,1,0,0,0,0,0,0
5941f3917fdf9222dc0219c64ef62760,0,0,0,0,7,0,0,0,0,2
594353f8734787e3110583910b418374,0,0,0,0,0,1,0,0,0,0
595d437ce282c9150ef0b359609dbc2d,0,0,0,20,0,0,0,0,0,0
5977ffe9b8a552672171aff53bcf1152,1,0,0,1,15,0,0,0,0,0
59844faae05b8f443e318be8ae17223b,0,0,0,0,12,0,0,0,0,0
598684eadeabc0014634de995cee3978,0,2,0,11,1,0,0,0,0,4
5995e644fe223f3ae9031b8851811d15,0,0,0,0,136,0,8,137,183,230
599ba66d283d1c6022c41e2d2cec4728,0,0,0,0,0,0,0,0,0,15
59df2c588f0059fa316d9fe920acff2f,0,0,20,0,5,12,0,0,0,0
5a1d3a71481666aee9829e359d349e9b,0,0,0,0,1,0,0,0,0,0
5a20b9f9b38234c1dac21cd942876080,1,2,0,14,0,0,0,5,1,0
5a9bf2a72bf109dcb4016f4fad80c794,0,0,0,0,0,0,0,1,0,0
5abd62a51de58d47dcad03304fe0ecdf,0,0,0,0,0,0,0,1,0,0
5b0210400b09979c17155c6f68f51f6b,0,0,0,0,0,0,0,16,0,0
5b0455bc252f8d9ae6c72a9dff6af13d,0,0,0,0,123,0,0,0,0,0
5b12c353d5c39b5af23209725824289c,0,0,0,0,8,0,0,0,0,0
5b26a49a4253516b41f51345009b2ab7,3,0,3,0,12,0,0,0,18,0
5b47792bdbd213c22084c334ce7e0238,159,0,354,0,146,0,0,0,65,0
5b4d1d380ab7238543dd7b28aefb68e4,0,0,0,0,0,0,7,0,0,0
5b6c2bf00901f56cae04c18483b274a5,0,0,0,0,0,0,0,15,0,0
5b8b6570d8b5aca23981d80c0f665bc5,0,0,13,0,0,0,0,0,0,0
5b9ee1e7e133e5d0eb7975ec2ee5b940,0,0,0,93,0,0,0,0,0,0
5bc648bddeb33a57dc2d0c1c85d2e8e7,249,0,0,45,0,0,0,104,31,5
5bd156f519995271cadeeaeca6d70c48,0,0,0,0,0,0,0,4,0,0
5be4a273e1c77677b372ec4c640287e1,2,1,9,0,3,2,0,0,8,6
5bfc0ebaf0c79a162e21bf83b29f6453,0,0,0,0,0,0,813,0,0,0
5c24bbaad9985a6f587d484a3baea988,0,0,20,0,0,0,0,0,0,0
5c2ce7954d21e6c971c61369fc9fbfca,19,0,0,0,0,0,0,0,0,3
5c35358f9cf2811d7c01d6ae6338ac4c,0,6,0,5,2,0,3,18,0,0
5c754ef9ac193585d3f40e898f37fa6d,0,0,0,0,137,0,5,3,0,0
5ca85f384f325d1d87cb4063bb58baa5,0,0,0,0,26,0,0,0,0,0
5cad4c8578bb6a3fde296dc310ed4bc8,0,0,0,24,0,0,0,0,0,0
5caec825d8ca5a09af29738b562d2890,0,3,61,0,0,0,0,0,0,0
5ce6b0274af40b261ae9ea2a5cd9aa45,26,5,0,0,0,0,0,4,0,2
5d12c5354286cda7c52d5c46170a37ea,0,0,1,0,0,0,0,2,0,0
5d51b87ca19401d742cc4419b0f302b1,14,5,0,7,0,0,0,0,0,4
5d6ba04b036af82be19961e4d19d15dd,0,0,0,0,12,0,0,0,0,0
5d946718213cc12cfb40882a944b8e1f,1,0,0,0,0,0,0,0,1,0
5da6db7d5475532af1e5e5bffb5c75f1,10,0,19,0,0,2,59,0,1,0
5e0b1e533d803d7c69e76c2c42359773,0,67,13,217,0,7,2,40,98,4
5e40c7c292c27ec08ffe65a0f1d1e77d,0,0,0,0,8,0,0,0,0,0
5e93ac066d21e3a9fdb4109acff01397,0,0,0,0,0,0,0,0,0,4
5ea389ed11ea65cbf691d96f33d659db,0,549,0,431,68,0,0,0,148,0
5eb2fca42804223be6953cbc920d93c5,0,0,0,0,6,0,0,0,0,0
5eba1c776d92e0dcc3ce48c161dfeb75,0,0,6,0,0,0,0,0,0,0
5ede7fd03d722dc5639044b5a606c4d9,0,0,0,2,0,0,0,2,0,0
5ee4957643bac45d3422dfba2e2acf51,0,4,0,0,0,0,0,0,0,0
5f1d0897425263d44b7b2059d82493f0,0,0,0,63,0,0,14,0,0,0
5f2e9c9077b8275a92d6428de3ad8737,0,0,0,0,4,0,0,0,0,0
5f4de94e76dee59701c7c82a02434c55,0,0,0,0,0,0,0,3,0,0
5f52549cdb824e04d23f02bc080d9a8a,0,61,0,131,0,0,0,0,0,122
5f55d5c59eb1f4a61aeac6deb998002c,3,0,18,9,0,0,0,8,0,0
5f9270e492afaa0d07c4de501ea92b69,20,49,0,187,0,0,17,49,0,2
5fedf443b86e296889f51cdc957642ff,0,10,0,0,0,0,0,0,0,3
602e6f3ae37ad50bbb096c4266475243,0,0,0,0,4,0,0,2,0,0
6038cbf29d9df32a9c04c69b9aec44cb,20,7,34,18,10,37,6,4,7,1
603be18164bde09818d5345c3442ed43,0,21,0,31,0,0,46,5,0,7
603d5b77bed5eeee5c7cb25d7f7385d0,0,0,0,0,0,0,0,4,0,0
604beacd88008ef2b764c7cc94ceaf29,39,0,0,0,0,0,0,0,0,0
60a6e509822b724c7aef5d07e7dd5fa8,0,108,0,31,38,0,0,2,0,2
60c3d644187c0e3533afb230533308b5,5,0,0,10,0,0,7,3,0,0
60e732c06ab09910ef0fb0b10863bf2e,0,0,0,0,8,0,0,0,0,0
617bfc2a519c95eee7da114b673fa279,5,0,0,0,0,0,0,0,0,2
6189f3c7f839fcc618163872a26f1f37,0,0,0,0,87,0,0,0,0,0
618c0803d74e6f8a76a9ee4b22c57763,0,0,0,4,0,0,19,0,0,0
61c61a80c63abaac48d84420c7ee8be3,9,0,0,0,0,0,0,0,159,0
61d31bedcdb022077d75c9c804abb782,0,34,26,13,0,0,0,36,3,0
61e69e1a969f3c88114b6681867e91c4,0,0,0,0,0,3,0,0,1884,74
61ee8c68c8935743ab3485315d93e44d,0,0,0,0,78,339,0,0,9,192
62096074bf23142dcac8e62ad8303c78,0,0,1,0,0,0,0,0,0,0
622229ca182cb54d8b7d3800a52de41c,0,0,8,2,28,7,0,0,0,0
62653027548ae1a31505cc56af3ae4cd,7,0,193,0,18,372,0,0,0,0
6286fcb15a397cbf63bdd4e9e001c532,0,0,0,0,0,0,0,0,5,0
628f583c3e17509bc0392a7c44f8a19e,0,0,0,0,0,2,0,0,0,0
62b219d80f3ee6d26ef414ecbff76dca,0,0,0,0,4,0,0,0,0,0
62b86794f0b0689df647fcb04b927b0b,6,0,0,0,0,0,0,0,0,0
62d97a11dff2e17a59a4b30d8a971175,5,0,4,0,0,0,0,0,0,0
62e480b7fbc49d15d3d2a0fe6aef5f88,0,0,0,0,0,0,0,4,0,5
62e713a6820fa9b819ef575ab3014c5f,4,3,0,0,69,1,0,0,22,14
62e791c27fae2dbd393e2d3b686aff73,0,2,0,0,0,0,1,0,2,0
6317917dbff3266471d96acb463abca9,0,0,0,0,4,0,0,0,0,1
631e3c051f3f293756318c49fe6b382e,0,0,0,0,746,0,0,0,0,0
632d5af6665c1e5661aab23b27715ee6,0,0,0,0,0,22,0,0,0,0
6342ef53783c13e0b8fd48000370459c,0,0,0,7,0,0,0,0,0,0
634d407fd78c91813eca9ea557e148bb,0,0,0,2,162,0,0,0,0,0
634fc1119ef516c043248ec7ab7862b4,0,0,0,0,0,5,0,0,0,0
637edf99ff618b00f7f101ccee9720e4,4,0,0,0,0,0,0,0,0,0
63b3e279d79527e15571e0695be73a89,0,0,0,0,0,0,0,21,0,0
64373927ea9ff19e0f921a0d557d7e24,0,0,0,0,0,0,0,0,3,0
6459e35df31e68362f1c8d56217dc245,0,0,0,0,0,0,0,0,12,0
64a4120ad60a06da523fc690d3b62003,8,0,0,63,0,0,0,6,0,7
64ae9b50ea4c1eb2d77301ce3e7f4750,0,0,3,0,4,0,0,0,0,0
64c217e69e7609aab725bda47022f406,27,144,0,362,325,0,5,559,0,5
64c4ec388dfbbbc72bd6900472288587,0,0,0,0,19,0,0,0,0,0
64c5761da4a82f87b6091e02b1791f15,0,5,0,184,0,0,3,0,0,7
64e18580c5f31ef30a12aafc71dff00f,9,26,0,0,4241,0,0,0,0,0
64fd6a50605bfdbb323108cc6342a4f5,0,37,0,371,11,0,4,0,0,1
652177b74e1009d99f81843a80698de3,5,11,59,15,7,4,13,9,10,2
65316b075919a823fbe3dee2177b2662,5,3,5,0,0,0,0,4,35,4
6543568ae01fa1604bc331dd56a0ef35,6,0,0,3,0,0,8,0,0,0
656c933da831cb76a951cdf8e51581c7,0,0,0,0,0,4,0,0,0,0
658263d1a05a1ce818b2886cb69ad587,0,0,13,0,0,21,0,0,0,0
65942255ad8818e5300a2a1501314958,0,0,0,0,0,0,0,15,0,0
65a283039b964b3e1f657a3c88948330,0,0,0,0,0,0,0,0,2,0
65a82a5c911961c932169c0e220e77b2,1,8,3,10,91,164,87,18,2,69
65c3609dc0d57f9ea75f577ce7e1f567,1,0,0,4,0,0,20,18,0,0
65d48df5d0d6d9d253adccca496e3118,0,0,0,0,7,0,0,0,0,0
65fae1cc8350d0a68fc428a88029ab6b,3,0,8,0,8,11,0,0,0,0
66346359a081d34bad7bbb02645958df,0,10,0,0,168,0,0,0,0,0
670369c4f32a179a5f0d76a5b0c97aa6,0,0,0,0,0,0,0,4,0,0
672e39643aecd4e23c5edece163c3ba3,0,0,0,0,86,0,0,0,0,0
67380cd1a8cb97e0864b9a3e6daf9575,0,0,0,2,0,0,0,238,0,124
67428b8095a1c674b9fc50b7974eeeab,1,0,0,0,1,0,0,0,0,0
67804ce1608eb063e9e669156a24e111,0,0,0,0,4,0,0,0,0,0
678fcd8633bd65f5668174ac87ad6d24,0,0,0,0,186,0,0,0,0,0
679f6bff21acdb06b4e86fb5401bc873,0,0,0,6,0,0,0,0,0,0
67d65a138fff1312ef76332f472c65c7,0,0,0,0,3,0,0,0,0,0
67d8b6d4e9162a0adbb43427e4b90d28,0,0,0,0,8,0,0,0,0,0
67dbb76f582ee5bf148f1cbd5681492d,4,1,2,9,1,2,9,7,2,1
67f9fb44ee82524d38f5f4dde32f25a3,0,0,0,0,643,0,0,0,0,0
6804efc3d5386bf151909466e36588a3,0,0,0,0,0,0,0,5,0,0
68520fe031bfb783742426a4f8c6b548,0,0,0,0,5,0,0,0,30,0
6875c0481fd234d454389a8ed7cc71cf,6,7,11,17,4,0,0,6,1,0
68a0eed1ae398832e64e3094e8f5c7a9,0,0,0,0,218,0,0,1,0,0
68aaa816a09bddf77302d383796b276c,3,4,0,0,0,2,0,3,77,0
68e29d7d8d07777d8e97b73f27b55ecc,0,0,0,0,5,0,0,0,2,0
692621a111dc44f40a53dab4712bacf2,0,0,0,3,0,0,0,0,0,0
692f56cca435b44b3cc620184e1ad1b6,0,0,0,0,0,0,0,0,29,0
6942704434a505ba317ab4d27f103bb4,0,0,0,0,0,29,0,0,0,0
69834c586bb644db32a5fd5cab54a11b,6,0,0,0,122,0,0,0,0,0
69a90201e3d82e24ae8558cdd0e9c4b4,0,0,0,0,0,0,0,27,0,0
69aedbeb026aee2f91d7d2330c979eac,0,0,0,0,0,0,0,0,0,1
69ef3e1f427563b51b19b178802a3071,0,2,0,0,0,0,3,0,6,0
6a18c155572d164ec37f94213533a159,0,0,0,0,1,0,0,0,0,0
6a9d5b534328bc7d4e16b30cca05621b,0,0,0,0,0,0,0,112,0,0
6ab700bd29db8f5769564ce0793ab73b,0,0,21,0,0,3,0,0,3,0
6ad2ee8be29e0eeddf3efc1d367c9efb,0,0,0,0,0,0,52,0,0,0
6ada034104c928ae5e96d36d80571e40,0,4,0,0,0,0,0,0,0,0
6ae5480744961b24ea91f48f2e389c5e,0,0,3,0,0,0,0,0,0,0
6b23984b2fe17d5f9edfe155f224e3e5,9,4,0,6,0,0,0,2,0,1
6b283e64341526a8b63ca659dfef98e5,0,0,5,0,25,9,0,4,2,2
6b2ce117cd74612a38636a4177c6d65e,0,0,0,0,9,0,0,0,0,0
6b3496fd07be8a13b07ead88083179a4,0,0,0,0,0,0,0,7,0,0
6b35850428fbd3b320f25fe218af3a78,18,63,0,0,386,2,0,0,0,103
6b393f09240448ec924a806064e8c3d7,16,0,0,0,0,0,0,0,0,58
6b444d14e3b3d3bf05b8e8f01c020fdd,2,0,0,0,1,0,0,0,1,0
6b4e3d95d4a4294081732c7a07a93d6e,0,0,0,0,0,0,1,0,0,0
6b51ff66089cf55810ad6ce88b57b7cc,0,0,2,0,0,3,0,0,0,0
6be6a07cf1b03e531858bb783e107b30,258,0,0,0,0,0,0,0,0,0
6c007dd250c08e2b573a004557e0fcc2,164,1,0,0,257,0,0,40,0,0
6c1aca20caa77a2ab96e9def38eb1a8f,34,2,0,3,28,0,0,7,0,13
6c42ec85481ff6aa8de8d43132ca5a20,0,0,0,1,0,0,0,0,0,2
6c66a3897ad1d1d1d6816c0d581bfe5d,0,78,0,5,0,0,0,0,0,0
6c77e7697a2fd56db46e7a3b53238b49,0,0,0,0,8,0,0,0,0,0
6cc997eb00f4ba8d0c20c370a9a591d2,0,0,0,4,0,0,0,0,0,0
6cd4b4c53c592c1463402002e9ac39fa,0,0,0,0,0,0,0,0,1,0
6d53cdd772c4fc0282c670c81aeab3a0,0,430,0,143,0,0,0,2,0,93
6d59324757a3823e24e27ab0353c9d51,28,0,0,0,0,0,0,0,0,0
6d5f29dd52b4561905067ff97092fd44,24,1,0,1,0,16,0,0,1,10
6d614b4314a3507b39b1856d1911160f,0,0,0,0,1077,0,0,25,0,0
6de0f45093fc61099dec3bf673f8cce5,0,16,0,0,6,0,0,0,0,2
6def7b9930ac7cd36d641fdb8505e206,0,0,0,0,3,0,0,0,0,0
6e04eb0b099d89855e4e229caca943a4,13,1,21,191,0,13,0,42,1,0
6e14aa93e976f784b5235093a71d2f92,0,0,0,11,0,10,0,0,16,2
6e28ba17b7b0e0bb43a0bf751695f359,9,2,22,2,7,8,0,2,19,1
6e3d0f883223548febd78a555714e15c,0,0,0,31,21,0,204,0,0,0
6e6d69b17294fb709b62546d6856a565,0,0,0,0,0,0,0,0,0,292
6e8dfa9817537f317c2a01ce4cbfe5e7,0,0,0,0,17,0,0,0,0,0
6f3fb15f8d3d76988af7c370f113044f,1,0,0,0,0,0,0,0,0,1
6f584f00bb5ae1870b2f07cfc27fba6f,0,0,0,0,7,0,0,0,0,0
6facf795ec58ba88213ded6b7a769fd8,0,0,0,0,0,0,0,12,0,0
6fc8fdf6401e53683cc2fe1e62cfc6d7,0,2,0,2,18,0,19,4,0,3
6fd7e0b61b4b94ee703ea43289c7b5a3,0,0,0,0,0,0,4,0,0,0
6fd8f4e7c7ac35e1851346129fee9c51,0,0,0,0,0,0,6,0,0,0
6ff437f0e80d4c389495dc2bdc32a3fd,0,0,0,0,44,0,0,0,0,0
700b012ab3157993d7187ef76f0ed5dd,0,0,0,0,5,0,0,0,0,0
700c88a8ba78fdbe5f5125f185fb0af1,0,0,0,0,4,0,0,0,0,0
708216a98c09c4f783e6909da2ae8a8d,0,0,25,0,0,4,0,0,0,0
70b1d53995e11a3784ad8f0b5b37587c,132,0,631,5,276,14,0,152,167,0
70c828140f731879a15ccf468ae351b2,3,0,0,0,4,0,0,0,0,0
70cdee3145605eafb5cc73b18f6cc9a0,0,0,0,1,0,0,0,0,0,0
70f846e42de089100338ccc4bebd3c59,0,0,0,0,0,0,1,0,0,0
7104f0af7045244d030c460dc94a96d5,0,0,0,0,4,0,0,0,18,0
711352c534d8ed7592a87288f5e3b678,0,0,1,0,0,0,0,0,0,0
71936984ec427fad9bcd250585fbe8bf,0,0,0,5,0,0,0,0,0,0
71a23410090543485e2fc7f9dc4b01ab,0,0,0,0,0,17,0,0,0,0
71c755d6f5f1922977e4c7223fcc7699,0,4,0,0,0,0,0,0,0,0
71e60ecb6839ff98430e470c3eac5462,0,0,0,0,4,0,29,0,0,0
71f95ed8154a369c4db5c66cbb0f7b36,0,0,0,15,0,0,2,3,0,0
720c9f32b026be38a8b24343e83c9b60,0,222,0,14,0,0,0,0,0,0
72211ab6dda8354bc2a4dc33b8d18bdb,126,50,0,92,0,0,0,69,22,0
722ad392ef331a4cb468236be9c994c9,0,0,0,26,0,0,0,0,0,0
7248e56a284d97555bcc57b40d5f9eb5,0,0,0,1,866,0,0,0,0,0
724e4abb18966dfd7cc77e8f711b5ced,0,40,0,289,0,0,0,0,0,504
7258c86b16370d40379950c641bcd0fb,7,0,17,5,5,0,41,2,0,4
725a987bc614001c16eb017f2d5b4c2c,0,1,0,0,3,0,0,0,0,3
72663adb78a1b10cc8deaeb60fe50f8e,440,29,44,0,628,116,6,6,0,66
7289534ec800d59f66d4194a0ab076ed,11,0,0,2,15,0,14,37,0,0
7292c2e184db97c36ecfae249602d584,0,0,0,34,0,0,0,0,0,0
72ba7a941d2c0b8b8c06da729c88e025,0,0,0,0,0,0,0,0,6,7
72e56a4a661eadae7fa982e4fd1b0ed0,0,0,0,0,0,1,0,2,0,0
72f023dd7ad73506585ffbfca5a21108,0,0,0,44,0,0,0,0,0,0
7341a868b2cf72ab81d78d6a0e907f7a,120,49,53,39,0,0,3,60,54,8
7343bc77c1b37ce23112b5f3e1e900bb,1,0,0,0,0,0,0,1,0,0
73cf258336e2650fbd992033581da8ed,0,0,0,0,73,0,0,0,0,0
74c9fbc18db3da3560db04b0517ce884,10,0,0,0,0,0,0,0,15,1
74e85b7b8803b9e21cc8fa2718cf9185,0,0,0,0,0,0,3,0,0,0
74f327777969572239c0e5be859c9a80,0,0,0,0,8,0,0,0,0,0
74f5a1610715a506f4109920bcb322b6,2,10,0,1,0,0,0,0,0,20
7506d146bcfdcd95de6920ff1b87dca0,0,0,0,0,40,0,0,0,0,0
751a2b55a2f4962ab3ecc4310ffb8223,0,0,0,0,56,0,0,0,0,0
752c32cb10f30d582cc699d95d58dd66,0,0,0,4,0,0,0,0,0,0
757fdc554e4004c69f62d4ece8d5af1a,0,0,0,0,0,0,0,0,0,5
759dc13dc81ac25fdacd136b51d87cd9,32,0,0,0,0,0,0,0,0,12
75d645539b3350b78d2b93cf490e7e53,1,1,0,10,0,0,13,4,0,11
75e48c2b172b1a2dbf1cd4ee82870f18,0,0,79,0,74,0,0,0,0,0
75f7315d515861f9fce7f5a3d97109d7,0,1,0,9,0,0,0,0,0,0
75fc6d9895fa40375fb4f40db931ba39,4,4,0,34,0,0,126,22,7,0
7605961befa3702a958c526a0d655366,54,22,15,0,0,0,0,7,11,27
7693242994a9800e11fbc3b7b096acb8,0,0,0,0,26,0,0,0,0,0
76d5f7665c16ae494c62b6bd139f8da1,25,0,0,0,97,0,0,0,0,0
76f45a2c24394cc20bcddc70e161cd19,0,0,326,0,0,1,0,0,0,0
7788ec9eddc5562d91e3fd1851aa6213,0,0,0,0,0,306,0,0,0,0
77a077fcf2ffd409485ebe1955b3823d,0,0,0,0,0,1,0,0,0,0
77aceb013ccf317a2dff98db6ad6eb74,0,27,0,0,0,0,0,0,0,0
7882b95c96fe140779eda9fb79bf771f,3,0,0,0,0,0,0,0,0,0
78ea78b77f6e75c06815cadb7d4026af,0,0,15,0,9,0,0,0,0,0
7915e904854d62bb98a3ea97da1caa55,0,0,16,0,0,104,0,0,0,0
79188b9060ef8d3f67919ba31dfa29bd,101,121,0,0,820,0,951,435,0,157
797c4f9a3de7217f8b7f1be97a35b6f0,10,0,65,140,0,0,0,17,4,0
7999bd97f28c6a55e6783822e312fa17,0,0,0,0,7,0,0,0,0,0
79b7e3faaf31afd8cffed6f23ce67837,1,1,0,0,0,3,0,0,0,0
79c3870c7692212a7c527cb27a6e9b42,0,0,0,0,0,0,0,5,0,0
79cf246d95e57fc55d2c8e8e08defcde,0,0,0,0,1,1,0,0,4,0
79d0536ab827c670f238ea1f1946c9b0,0,0,0,0,0,0,0,0,3,0
7a0e3ed9fa226f562b9157ce833559b9,0,0,0,0,276,0,0,0,0,0
7a42a710f96456fb475a7d48b9d4c16a,0,0,0,0,0,1,0,0,0,0
7aa0fe00ce59539903ce1a19577d832a,5,0,0,3,0,0,0,0,0,0
7aa9b7c30b563a6e18cc7ccc783abade,0,0,0,0,0,0,4,0,0,0
7ad0821f77a0f4262e6304cbafc858d6,0,7,0,0,0,0,14,0,0,1
7ad42309487add8cf835a5ac224d93d3,0,0,0,0,1,0,0,0,2,0
7af0fc7093882aa0b2dc022e6a6c179b,0,0,0,0,0,0,0,16,0,0
7b305fff931d615977e45769c805da0e,7,0,0,0,0,0,0,0,0,30
7b4f12d018440ad282334a541977091d,0,0,0,0,17,0,0,0,0,0
7bdd6dd2e1578b5ca8cb56bce22e3234,20,0,9,28,0,0,0,4,23,0
7c5bbe010f31122bf493d049023a8969,0,0,3,0,0,0,0,0,0,0
7c6f086d29aa9494ab3ab98f810fad02,0,0,0,0,492,0,0,0,0,0
7c6fef4f5e228300d76602f922ac35ec,9,0,0,0,6,0,0,0,0,2
7c9c1abaca7e48a1a6203c52dc125f22,16,2,0,22,0,0,2,6,0,0
7cc7a38e8cf0616a3f6f1d79f3689334,0,0,28,0,260,44,0,0,91,0
7cccdf8fbe2f0acabaf78004c877b50a,1,0,0,0,0,0,11,0,0,0
7d5a1e197b5946f9c74c0b6d04853c0d,3,0,0,0,0,0,0,0,0,0
7d619029480a80a1fd28bb8d11fd204b,0,0,0,3,0,0,0,0,0,0
7de9654ec96241c9fc2c01f7aa6ab8be,83,0,0,0,0,0,0,0,89,0
7e07c9eda876bea7f192c2e506799924,0,0,0,2,0,0,11,2,0,0
7e3684c55e6129151d085acda1f05e3f,0,0,0,4,0,0,0,0,0,0
7e8ed583289fe158d84afc5fbcf9d0b6,2,0,0,0,0,0,0,0,0,0
7ed15f94370ddcaa0d8781924978e3dd,0,0,5,0,0,13,0,0,0,0
7f094c5f4b043e9c4faf10f3e54732a8,0,0,0,0,0,0,42,0,0,0
7f1f4f62310993992280e13982a7df35,2,0,0,2,0,0,12,20,0,0
7f2363391711307b9d937ccaf8343991,0,3,0,0,0,0,0,0,0,0
7f3f2f7eb91912667ce1a779d6261653,0,34,0,0,0,0,0,0,0,0
7f592e11d8b7e782f5718bf51bbe5bad,0,0,0,0,0,0,646,0,0,0
7f8c5b5492d546dfc63da9c0f98116ce,0,0,0,0,22,0,0,0,0,0
800528824c5f147521d97ea3e5113cd3,0,0,3,0,0,0,0,0,0,0
8047821561770fa3a97706ede5c20c5c,0,1,0,0,0,0,0,0,0,0
8066615053249cdc18c435736c5b9284,1952,1690,0,0,44,0,0,0,1,0
806e5ad7324eb3c4a8c79aac9fc85944,26,0,0,0,0,0,0,0,0,5
808b2084c548db053486ba67b18f4a31,3,0,0,4,0,0,8,2,17,1
80a83ef22def6d2997e09c497f52fdb9,0,0,0,0,0,0,20,0,0,0
80d69ac9641f9abb13afcffaa118de5f,0,0,0,0,2,0,0,0,0,0
80dc63f8264796e5dfe129d502a9bd08,0,0,9,17,0,0,0,6,0,0
80de25715ab3930d4ca22131f051a4f8,6,0,3,0,4,7,51,43,6,0
80e06b2036a459dadbcfaab12f6c2211,236,3,337,0,130,767,0,0,6,9
80e8b387278509b9a90dcec3354eda7d,0,90,0,0,0,0,0,0,0,0
80f2d93381cd35d1f6c20e5b5b88d6cf,0,0,0,0,500,0,0,0,0,0
81116a4c40c40d044fa1b17e8bf11a15,0,0,4,0,0,0,0,0,0,0
812025ebb578d27ea9b5fac6c7fccae4,0,0,0,0,0,0,0,0,0,2
814f8ed179c556d7ebd10144ed2a7b79,0,0,0,0,0,0,22,0,0,0
816c688eaeb3d4b4d21be4439ce2f422,1,0,0,1,0,0,0,1,31,0
8183827be5cd525bee0da22712875fc0,0,0,0,0,6,0,0,2,0,0
819695b9f19e3ce24ad4083e838c4026,0,0,9,0,0,1,0,0,0,0
81eace73448014b04931fe4155306f87,20,3,5,3,0,58,0,0,0,4
8227dc74df4f3087a7523bc4624f3e0b,3,4,0,1,0,0,0,0,3,10
826e857074a82ee3ab948f5c3603e37a,184,552,0,0,1029,0,0,255,0,8
82788aa8b553c94bcdda7cb288a55f0e,323,8,1,3,2459,29,0,6,7,209
82842746f0f9647091807bf6a0e79c76,0,0,2,0,0,0,0,0,0,0
82a563c106adf542cadf1d99a106fa6d,0,0,0,0,0,4,0,0,0,0
82d6d3ac7538e2c371fd436c703630a1,0,0,0,0,0,1,1,0,0,1
82f4c04442a2a19515d138b96814cc93,0,0,2,0,0,1,0,0,4,0
833beedb39aec6ec693b64f54eeea38b,0,0,0,0,0,0,0,0,3,0
834990a492f476e58aed535214de8533,0,0,0,0,0,4,0,0,0,0
836a393c7cdc66c667719976f6537d48,0,0,0,0,0,0,9,0,0,0
839717bb75dba06e8f37e5dfb438fed0,26,0,0,0,61,0,0,0,31,1
83b714cc07a11fd7e0c90f09fb6a0f22,0,0,3,0,0,1,0,0,0,0
83b75543bec13dc2aaa5f34f64df65f0,0,0,1,6,0,0,0,0,2,1
83c4cb53404548c0bcd454ba4ded1bd7,3,5,0,6,3,0,3,0,2,0
8400dd38caf8e6ee4b6eeb2f7fe833e9,0,0,0,0,86,0,0,0,0,0
843fca513bfbbe5e265d8a359f270ee4,0,0,0,0,0,0,1,0,0,12
844670ec9a0083a0d3e8718e8af7e3e9,0,3,0,0,0,0,0,0,0,0
846cbe585d116adf32471c9ce2fefd58,0,0,0,0,0,175,0,0,0,0
848b4ce8a701231a36897dc23d7a7706,100,0,0,0,0,0,0,0,0,0
8496369052d8a3d98ad829b2d5916a46,0,0,0,0,9,0,0,0,0,0
84b6319cc04e29b3d9fd9017fb8c1d5e,94,46,400,156,360,218,19,24,10,10
84d26f91c49eb275610efc89a9b2fba4,0,15,0,0,0,36,0,0,3,60
84e5fa0b5bfb774b8dbcfdc287fc9ad1,2,0,0,0,0,0,0,0,0,3
850162c937e1bf1a4549795e1de34bd1,0,0,0,0,329,0,0,0,0,0
850501623998a7803834edf51e83daf5,0,0,0,0,0,0,0,8,1,0
851485c22f38fa91d190482d87c48536,4,0,0,0,0,0,0,0,0,0
8515468dfd4d318c5bc5d748f1ccd16c,199,291,318,470,257,125,7,129,0,133
8532e5056f1918fccfdf4a3bbb02d6f8,0,0,13,0,0,1,0,0,0,0
85333842060f041bced98bf5ec4ebac7,0,0,3,0,2,2,0,0,0,1
853829edbd5d62a53ca36d247785f8dd,0,0,5,0,11,55,0,0,0,0
85ecb3a4480ffce252c29f593462e673,27,47,0,2,0,0,0,0,0,0
8679074259213aef6f8d69b0d1f41bb5,0,0,0,0,0,0,0,0,1,0
868efabd515dd726b71b7251ccacc7df,0,0,0,10,1,0,0,1,0,8
869394fad64d37a90f7a5f5dbfe86368,0,0,0,0,1,14,0,0,0,0
86c1540ea61f0090bb55e6bf1ffe28cc,0,0,0,0,68,0,0,0,0,0
86cefe15bf9186d9841e52b8d2140dea,0,3,0,3,0,4,0,21,49,5
86d0d8e0ea1996a14615eae54f3ef096,0,0,9,0,0,8,0,0,0,0
86f1521c13530c990e3ab5f1110d74b3,0,0,0,0,2,0,0,0,0,0
87060f759630730f70cf560864cc3e69,0,0,0,272,0,0,0,0,0,0
873b0f7fb1a159adce8f07bc2bc319d3,0,5,0,0,0,0,0,0,0,0
87698ed0af77ddc44175f9a297e43270,0,0,0,0,3,0,0,0,26,0
879ffc2e01575192ecf08bb9bc4eeae4,0,0,0,20,0,0,1,0,0,0
87c8e363fcc010cbe27bf9b94c438300,0,0,0,1,0,0,0,0,0,7
87dd5da7018d55008a9facf9a37d9db7,0,0,1,0,0,35,0,0,0,0
87f7c26c7734cae12a6e62c806bb80b0,0,0,14,0,0,0,0,0,2,0
87fa857dbb37357999702957ac718902,19,6,34,0,21,0,0,0,0,90
880a2f1e9e97643c96e94e09ab32e57b,0,0,3,0,0,0,0,0,3,0
883bc31e5ddd4c60c57f2596558d0c63,0,0,0,3,0,0,0,0,0,0
886f024af5e21a062aeaa40bb36f42af,0,0,0,0,0,0,100,0,0,0
888d6d6570346b2d3d7f656cd8295747,0,0,0,0,0,1,0,0,0,0
88aa34331312c7d0c5aad9d9815ce8db,0,1,0,0,0,0,0,4,0,0
89290e92c498ac72b3c0f055dd2aff12,0,0,0,0,0,5,0,2,0,0
8933a7fddf6ee0a861d8412e1df92c45,0,0,0,25,0,0,0,0,0,0
894d28e3abf5112579fed54899927f29,0,0,0,0,6,0,0,0,0,0
899ba4404973108836172f918df1ac61,0,0,0,0,44,1,9,0,0,0
89e48292b2db88a309b8bb94d175c0b8,0,0,1,0,182,0,0,0,0,0
89e696eeaf1d2aa779fb2e5b6c3252a3,15,0,0,0,0,0,0,0,0,0
8a506093618486094e4ea9195c45bfd4,4,3,0,35,1,0,4,3,0,7
8a655b0471d37f3d5473fa9b679681a0,0,0,0,0,8,0,0,0,0,0
8a6e58a8b5fad36a66917a70e3861cfe,0,0,0,0,0,52,0,0,0,0
8a801ef30d5db13edd228c28f71d841c,0,0,0,0,9,0,0,0,0,0
8aa84b3945f44148d755bce72e84caf6,0,0,0,6,0,0,0,0,0,0
8afe4fa622a80f956bf0a33130e0f708,42,2,3,0,0,2,0,0,0,0
8b36ffb0dade3920f08e3c288259e777,1,2,0,0,0,0,0,0,0,0
8b4998398240ec0fad2757dd5e1c6fe2,0,0,0,0,0,0,0,35,0,0
8b5ecd57089cba9b733889ce44f0668c,0,1,240,137,0,22,249,0,0,0
8b84174f2fa22132c7700c3c9f94d264,0,0,5,2,286,264,0,0,0,2
8b8626d0c319dfa9f64868ce99f6318b,0,0,6,0,0,0,0,0,0,0
8b90dd4264a6820ec36dedd5ecf18bd1,0,0,1,0,0,0,0,5,5,0
8bb82fcd7e4bf572fec94e389c71890f,0,0,0,556,0,0,0,49,0,0
8bc8704bf0b0cec29f2ace5829a4b496,0,0,0,57,0,0,0,0,0,0
8be2ac63941f893f51e415c1ed9a1547,0,0,0,14,0,0,0,4,0,0
8be6c8f539abf41f7003d4e5713454b4,0,0,3,0,0,0,0,0,0,0
8bfd186c44a48fb7c360a5832f985c84,0,0,0,3,0,0,0,0,0,0
8c0bd02119b9f078a255c0f47c8e5543,0,0,0,0,268,0,0,0,0,0
8c36511983204477a18b51edf5d59c8e,0,0,0,0,1,0,0,0,14,0
8c406939ddcf61dd3605a8041b4b1ee8,0,170,0,14,0,0,0,2,0,79
8c694aec46d18add999eab7efd4cc97e,15,6,0,21,2,1,5,11,13,28
8c7a7c219e993196770879aabacf39d8,0,0,0,0,0,0,7,0,0,0
8ce68530fc4f1ce5c4d91d0048ee0ef0,0,14,0,0,0,0,0,0,0,4
8d03a02f499c122acf65553e758ec372,11,23,0,97,5,0,30,48,0,32
8d22c7e5e25b0159a2d58edc34350b57,44,3,0,0,0,0,0,0,0,1
8d305f7981e94dc92c1fbb7f365ef107,4,0,2,0,7,314,0,0,0,0
8d306dae49aa70c494a31292f93cd178,0,0,20,0,0,10,0,0,0,0
8d3283d4a84db323fdfe35aa29f78e77,0,12,0,22,0,0,0,0,0,0
8d4eba2bdd46f28c2b0640b73dc4961b,8,0,3,0,24,6,0,16,16,4
8d6b651d1cc90a74ad9a5f497aff1bc5,0,0,0,0,1,0,0,0,0,0
8d8e69bab1d530d643fb5a2b2bd00740,0,0,0,0,0,0,6,0,0,0
8dbd828ea797f2b99f206068d0ec13f4,0,0,0,0,0,0,0,274,0,14
8dc9d88ee425a44fddde07db3fdd300f,188,47,0,0,196,19,0,0,273,112
8e37354696baa7b3141bce1df5375443,0,0,5,0,0,148,0,0,0,0
8e8de8ad663b3c59d523b0802ea5a7ea,150,48,0,47,5,0,29,33,24,44
8ea2d22cc09a311033ce0cbef2accca7,53,187,4,145,0,0,0,11,9,63
8ed4242028b9daf1066c339ff81e6533,1,0,0,0,4,0,0,0,4,0
8f10a906b4e0b951713f26b6f067d114,1,0,0,0,0,0,0,0,0,0
8f20155cab8961f657a4824a6340f8c7,1,4,0,24,0,0,0,3,0,1
8f28ebcb5019b421668638927de8edaa,0,0,8,0,0,41,0,0,0,0
8f29bdda9046dbf449d0c43e2cfdee0a,0,0,0,0,0,0,0,0,28,0
8f325bf51a0d50864541831d59c18210,20,3,2,0,0,2,1,2,0,0
8f719bd3929b0c781ed6d85861f1ab72,0,0,0,3,0,0,0,1,0,0
8ffdb6c004078ceb883b0a5efa241f8f,0,0,0,0,0,0,0,5,0,0
901e76ba827a95be841fe87930edc628,580,1548,13,1197,1810,0,0,0,1756,515
905f6f4d51e3877b0c9ad373dc50f8e0,0,0,0,0,0,0,0,0,0,571
90814a0acc11053d2183c35b7eedc5c3,0,0,0,0,0,78,0,0,0,0
9092610bc29d4369a53aa25143bda796,0,0,0,0,0,0,0,3,0,0
90bb4f4b78e27450d85a873c91ea4965,0,1,0,0,0,0,0,0,0,7
90ec057268d05657906e5470ad8844cd,0,0,0,0,0,10,0,0,1,0
917eb13d276b9f83c65362e232cf7868,0,0,0,0,0,0,0,0,0,1
91901940638fe1568a6c314f2e3ee77a,13,0,0,19,3,1,0,0,0,0
91b096d235ee04c097596d94d00a896c,1612,820,855,2,1453,1,4,919,1089,147
91b4cb04a6e91afc2b29d05ba61b5096,30,0,199,0,260,13,0,0,109,2
91d2d81640c63578b9cf166710b26eb7,0,0,0,0,3,0,0,0,41,0
91d5c2861393e12638a0939b7a30f395,2,4,0,0,0,0,0,0,5,7
920cc6daa1f6d55072618635362acccb,0,0,0,0,78,0,0,0,0,0
9257ff2ff456a489b307b29c4958399f,0,0,0,31,0,0,1,0,0,0
93043307c86da9894b793b773afda646,0,2,0,1,0,0,21,2,0,6
9309f4a90e5a7224e73942c69edf750f,0,0,1,0,1,0,0,0,0,0
93320ebc29d27e3ded5a82a4b0e05654,1,2,0,6,2,0,0,0,2,0
937a2900ceb77e0766b1e02e004a0aae,0,0,0,3,0,0,6,0,0,2
9392013a098996977701febfc266e733,0,0,3,0,0,0,3,0,0,0
93949ed85a779a69a810bbce16aaf3a5,0,0,0,6,0,0,11,7,25,0
940beb893a5b4ef699c05a27dad0096d,0,0,3,0,0,0,0,0,0,0
9417d82d0c7bb435abddf997b39f3495,0,16,0,138,88,0,0,0,0,0
94242d4f8eae8411441e09bb2ba3b8bc,14,0,0,0,0,0,0,0,0,0
943381fd1c5a600c2be94def971cebdf,0,0,0,13,0,0,0,0,0,0
944ece5e22953aba3e18bbee7bc19f2e,0,0,0,0,0,15,0,0,0,0
94551548d6c34364c59f77f5ac637e9c,0,0,0,0,6,0,0,0,0,0
94a2cff5da69c3e200f532af67feefaf,141,0,0,0,0,31,0,0,8,16
94f52f7102168bd5cbb31506d5527858,0,0,0,0,3,0,0,0,0,0
94fd4aef65dea6ff960073ecb4142a80,0,0,0,0,0,0,0,0,0,2
95024f5d320570ac1759dca159acada3,96,0,0,0,0,0,0,0,0,0
9505be29d2fa52676230a091b00ca36b,10,1,0,3,0,0,0,61,0,0
95520d30641345a37271ca99b84842eb,0,0,0,0,0,0,0,0,0,6
958c174f7c10d24b52c24ff496a5ae06,0,0,15,0,52,0,0,1,0,0
9591cdd09c0ad2e355a4e018e6417c85,0,8,0,0,70,0,0,0,0,17
959831f6a19bd9ffda2265819bbdff60,186,26,0,118,0,0,0,96,0,5
95db23a57306bc528b998b18bdd3e170,167,0,1267,0,179,185,1,10,16,0
95ec5e771e0b13d53d9e3d31f2a84f29,3,861,0,0,0,0,0,0,0,1
95faeecbb69333a07837b11d12c978ac,2,0,57,114,0,0,0,7,0,17
9602403b7c5b2f3c1c1673453ecf6ccf,0,0,0,4,0,0,0,8,0,0
9605c5aefb4bb3ee4a3312b5ed2af0ef,0,0,0,0,0,0,31,0,0,0
961cd88ae5ef50b059e9bdaf96fa05f6,0,0,0,0,0,0,0,0,0,24
96358673195cfa8d619a1835c75f8fca,669,7669,0,3341,1,0,125,595,1,1766
9671ec8289fb2663501f64f7b59adf66,0,0,0,34,0,0,0,7,0,0
96a1a8351f1bc12e6cf3650e804f392b,0,0,0,9,0,0,0,0,0,0
96aace646f9e7318b78528075ba18d16,3,0,0,0,24,0,0,2,0,0
96c7a1de72529afafdc50e1069d08563,78,0,0,0,2550,0,164,305,29,0
96ca1218f124e244c67d8403107b9c6d,0,0,0,0,4,0,0,0,0,0
97015c85528071847c1bca543cad479d,6,0,1,0,7,0,4,0,3,7
9722eb5b9717ef530fc2b55d25e00b03,4,1,2,0,3,1,0,0,13,0
9753712028f3ce03dbdf5087ae93e7e6,2,0,10,0,1,9,0,0,5,0
97c442e76bcbc8c808540737603edbdb,0,0,35,0,0,62,0,0,0,0
97f48dcce1b129d5c3278b95a30ee9fa,3,1,0,54,0,0,1,8,0,0
987fb02725f7f5e17a1d57505ed9b897,0,0,0,0,3,0,0,0,0,0
98c066b4510e653eb43f3726257832a9,4,0,0,567,0,0,1,0,0,0
98d19cdfebe3ec8be65db1d20874fa2a,0,3,0,0,0,0,0,0,0,12
992658692474259bc99e9d4369da6564,0,2,0,0,0,0,0,0,0,0
9935a1b5345c1e9b3fd4f3fe400759ba,0,0,43,0,0,0,0,0,0,0
9952d4a21104c414f26181ca1cf6b565,0,0,0,0,0,0,0,0,0,21
9974a6c450c98690003f9fb99b6e4603,0,0,0,0,0,0,0,0,0,3
9978dcaaae5ebd35975e1bed12b70b98,0,0,0,0,5,0,0,0,0,0
997cbf9dafff27aad2b8683ec2a89188,0,0,0,0,15,0,0,0,0,0
9998c38766c73b76831c9ecf5444d902,27,0,0,0,127,27,0,0,0,0
99acfd4c1ad124e31f52036a0e9c0f07,0,30,0,0,0,0,342,1,0,0
99cd99d2b9f141a137435f49472c16e4,0,0,0,0,1,1,0,0,0,0
9a4520e160447e20378bf37ef5ca3cea,1,0,0,0,0,4,0,0,0,0
9a8f873ad1836293cbcddc1229fa9f51,0,0,1033,0,0,3642,0,0,0,27
9aaa60378b2f5e36c3ae7b5d1a332297,6,51,0,25,0,0,15,238,27,0
9aabfe45561b91b3796826372a958916,0,0,0,35,0,0,0,0,0,136
9ab9c32ce47ae58e04c2b1ddff90e0d6,0,44,38,0,2,72,12,60,0,5
9afa3ea1552266546b929ed987610986,1,0,0,0,0,0,0,0,0,2
9b10804c5333f9734d1596266ccbf261,0,0,16,0,0,8,0,0,0,0
9b548b3a97c43c088e4cb085a53b71a4,0,5,0,0,4,0,0,0,0,7
9b5fd6df25b987497d1d705fc463630a,17,9,1,0,0,0,0,0,0,0
9b60c18284198f475c7b045e8cb3f1e7,2,0,0,0,0,0,0,1,0,0
9b69a1058c01d37dd92e6ca0ddaaa87a,0,0,6,0,0,13,0,0,3,0
9b9a4c0d38bfd1cbca13ad7ca796e121,3,0,0,10,0,1,0,8,8,0
9b9c99f616e71afe3cfe3d681383df60,1,2,0,0,0,0,0,4,0,11
9baadd58cbfe73844b4d5c0947cabf3d,4,16,26,5,1,37,0,3,9,0
9bb907b226a49bc94a95a1024ec6ec82,0,0,0,0,0,1,0,0,0,0
9bc1120338b7a6c016602acf4e11955e,0,10,0,3,0,0,20,29,0,0
9bc253a31c38698695ef7d1686eb09aa,69,60,0,0,0,0,260,1,0,0
9c3e66a8a5b835c5e0ef8f7c62fad593,0,9,0,0,0,0,0,0,0,0
9c3f34b26938a4e9273b5ddc9fadf7bf,0,0,0,0,0,0,0,4,0,0
9c858b798fd079d5027eda83b79f39c5,0,4,0,0,0,0,0,0,0,0
9cb2a1170ac9c85029b1df419b618eda,0,0,0,0,12,0,0,0,0,0
9cc389e12aafb1d490972ed42a560606,0,0,0,4,0,0,0,0,0,0
9cd73df89e5bed88a078756d92473eae,7,5,0,0,0,0,0,0,0,0
9d134ec6a4b4c7815a2a01de86a0ebdf,0,0,0,0,0,39,0,0,0,0
9d1496d015d19133de1990a3984b0105,0,0,0,37,0,0,0,0,0,0
9d6eb0563ab11c55a561e5470faea5ad,4,0,15,0,7,11,0,0,0,3
9e439ed3c3ad40c07b0d74d2e74f158e,0,0,0,0,0,0,0,16,0,0
9e7286033c5e41578cbdc392eb9969f5,0,0,0,0,0,2,0,0,0,0
9e7dd1062e1841001023e6695ddb16f5,0,0,0,0,0,0,0,0,0,6
9ed30fda4750460428d8691c8c947177,0,0,5,0,0,1,0,0,0,0
9eedd0a369513c241011f19bfdd14654,0,0,0,0,0,0,31,0,0,0
9f073c7d9d421aecbccef9482ddaa256,63,2,17,49,181,379,10,17,11,10
9f09935c802ae14a5722686b18ce7a09,0,1,0,11,0,0,0,2,0,0
9f2216ede4abe1dc82fbd060ba4f0921,358,24,231,0,75,178,0,0,492,495
9f69243367afb1338fafab67a810a77b,0,0,4,0,0,0,0,0,0,0
9f8be574546f95e8bd99fb63463ff531,4,0,0,0,0,0,0,0,0,4
9fab353850dce58ef746cdb5cae48899,0,0,60,0,0,16,0,0,0,0
9fd696f4792b8d92649e8afa79121031,0,0,3,0,0,0,0,0,0,0
9fdf41799c084c867c8d142f3712a20b,5,8,3,0,0,0,5,27,15,39
9ff33063f5a014c87f1836ac0a4b1d21,0,0,0,0,0,3,0,0,0,0
a03a62c6b49bf9581f1a3f2175bb8082,0,0,0,0,33,0,0,0,0,0
a03c35fe68494631680c6de0c09119e2,15,0,4,0,0,0,0,0,0,8
a093007089ed1371c3bcfd90d0f2fb34,0,0,0,0,5,0,0,0,0,0
a0b41a631302f10ee8820993d6dced8e,0,10,0,1,0,0,0,0,0,0
a0d9bfb0eedda211f365e183da9cd0ca,1,0,0,0,0,0,0,0,27,0
a0e46ac8eba28347ab8bec688a4beb35,0,16,4,59,0,0,16,0,6,7
a10dde3cd653b9fb36ce54f89852352a,0,5,0,0,0,0,0,0,0,0
a133cff1d02c7d4fb8af920a3c5dc049,0,0,0,0,0,0,0,0,2,0
a150a91c1d8c5b312909c44054d99d56,31,0,12,4,5,0,0,28,47,4
a159aebc1149250ba796afbe366babc3,0,0,44,0,0,0,0,0,0,0
a167f5d3a20c485b2f471ab2c37726ea,0,0,0,75,2,0,3,0,2,0
a17c840e83cc09b7179bac8f6f9d0873,0,0,0,0,10,0,0,0,0,0
a18beb6eb21f65725c7f39ed0fa2ab7c,0,0,0,0,0,0,0,0,0,1
a1969ae69dad9185b794869330caa6a0,0,0,17,0,32,21,0,0,17,0
a197959cdc581704e2ed506a2c350835,0,0,0,0,0,0,253,0,0,0
a2312a8e81b2d2867bd54a23183b5f8e,0,0,0,0,7,0,0,0,0,13
a25d3fd2c928bd83309cd99b75f1e50d,1,27,0,0,0,0,0,3,0,8
a26b541f11c4660161785b12f43242a3,0,0,5,0,0,6,0,0,0,0
a2c357a0da9e05120d4bf4ea5d207424,691,311,142,702,618,108,1166,1019,675,372
a2cf28a47d280b000d10943bbad1a966,0,0,0,0,0,48,0,0,0,0
a3262bd43b60249ce0c94d89aa16934d,3,0,0,0,0,0,0,0,0,0
a338195d5040dd6062cd450068e2df6d,0,0,0,0,1,0,0,0,0,0
a360cb1088f3484dca0ab4dc5034812f,18,0,0,0,19,0,0,0,11,0
a394bf038e3bc979490ab6d5715df9f2,0,0,0,0,0,6,0,0,0,0
a3ada875cb829435e99a7a9d61c52e8b,40,38,7,0,19,3,28,0,41,71
a3b081ba449377e89f03e3a5b7894d71,0,0,151,0,513,1917,1125,837,4,0
a3e690433a5d05d6986e73778039b877,0,0,0,4,13,0,0,3,0,0
a409e06883c1ee3485c921a27a8c0315,0,0,0,0,46,0,0,0,0,0
a45b07395e28cf4fff39e0df6420b405,0,0,0,0,0,0,0,0,108,0
a462dbbe718a8d7214dff077384277ef,0,0,0,0,0,0,0,0,1,0
a4c33d6fb422f28580951805de91b629,2,0,0,19,0,0,6,1,0,0
a4f8050013eaf59b7885511a886ec05c,0,6,0,3,0,0,0,0,0,0
a5051e031678ea4b7a65e40448c1c3d4,0,0,3,0,0,1,0,0,0,0
a519288effae59e55a93ff86ca419506,0,0,0,0,0,2,0,0,0,0
a56c075d92493e4a4fa662f517b6d4de,0,0,0,0,0,0,4,0,0,0
a5e1c792001283c010d3ce0f0095bf24,0,0,0,0,0,123,0,0,0,0
a5f20325f42e91b5db9e2b0a7ddb0f12,0,0,0,0,12,0,0,0,0,0
a60fe12a5c3c59e3b33e774d9380937f,0,0,0,0,21,0,0,0,0,0
a644c552c3b37a95fd31dde8e7dbdf10,0,0,0,0,44,0,0,0,0,0
a6528633a9ef43f5f4c9d367e22ec30e,0,0,0,0,25,0,0,0,0,0
a6591829ff231045cd6c1753f8059715,150,0,0,0,0,0,0,0,0,1
a67268afddb28bbbcf775dc990ceb4b1,0,0,0,0,6,0,0,0,0,0
a6e8969d883fce082dce22ff9230db72,0,0,0,0,5,0,0,0,0,0
a71221377a69b4e8a58143d4b09efe1a,0,0,0,0,15,0,0,0,0,0
a7492f328db73571d15ddc6764974771,56,97,9,433,0,1,7,147,12,34
a751ad3c1013e266e50ad99eb9f5cfab,0,0,0,14,0,0,0,0,0,0
a7541f7b12ccd05b6c64cbfa3a095e60,0,0,8,0,0,0,0,0,0,0
a75c3fe015c27d4e9322e1942b708fab,0,0,0,0,10,0,3,0,0,0
a75e61e60935cc00ec6f9f5b18e2e153,3,0,0,88,0,0,0,27,0,0
a76143fcccaa547f6ee2ce7505c72528,16,0,23,34,4,65,16,45,1,0
a779aea8f078c2683642a8bbec00af88,0,0,0,0,12,0,0,0,0,0
a7a71f2156f698de7ee1f18b25aeedb9,0,0,0,0,47,0,0,0,0,0
a7b61438ec5e2fd08ca8cf3d5c3ed7e1,0,0,0,0,0,9,0,0,0,0
a7b964ef78cc26554cb330c6c647cfac,0,0,0,0,0,0,0,0,232,0
a7c1431ffcb7525a014923bc2ef0f491,0,0,4,0,0,11,0,0,0,0
a80b45532b0eb5add61e7db5ec03a4fd,0,0,0,0,0,0,3,0,0,0
a8511652660ed8431a506d68276fd7e6,1,6,0,0,0,0,0,0,0,0
a85255d3918937d25cd25b28e7c68f6a,0,0,7,0,0,0,0,0,0,0
a857e49bcfb7dc7d27c7bb22930d8037,0,0,11,0,3,0,0,0,0,0
a86511817d2cdd18a28ccc411d5f232e,0,0,0,3,1,0,0,0,0,0
a8705a6b9f4ac7b1c6cdbdb947837b3e,0,0,2,0,0,0,0,0,0,0
a886f19f4c3d62eb52b13ef9275a9bf3,0,0,0,0,0,0,3,0,0,0
a8c7d3a33a04c86ea181459ea7226e4c,0,0,0,0,0,0,0,5,0,0
a92592c27ed9a271b75b8508126bd83b,22,0,0,124,0,0,0,6,0,0
a932e33cdcd6f6afb0c2ad62850bf93c,0,0,0,0,2,0,0,0,0,0
a93ea22975fe0e83f2b21c50f65a1533,0,0,0,0,61,0,0,0,0,0
a954fdc7a4eaf0cdbd264839a41d2917,0,0,1,0,0,1,0,0,0,0
a9ec41c505632a40fbd0730db5a7c8c9,0,0,0,0,0,1,0,0,0,0
aa31ac57cd269efafdbc8dc070a8c0a6,0,1,0,0,0,0,24,1,0,0
aa3aeaada8c39ad0a8044ae2b4062a21,0,0,0,0,5,0,0,0,1,0
aa8b7f9b5f715890c2abc4a1e1ffdb68,0,0,0,0,52,0,0,0,0,0
aabd0a0f961679ce968989ce32d8a482,0,0,17,0,1,132,0,0,0,0
ab1345c4db7fcf14e9a3cabf552ea274,0,6,31,0,0,71,3,1,0,0
ab19137d97ed48b18edd02050937beb6,128,0,0,0,0,0,0,0,0,0
ab384c9c8217220eb16dd69fbe087bc1,0,0,8,0,0,0,0,0,12,0
ab7a2d8b868ad90cea23ad7b6cbdff35,0,2,0,0,0,0,0,0,0,0
ab833d760826a6ca6400f05b9b6819df,12,2,0,9,3,0,0,3,0,5
ab969d4dccd8e5784c5fe70c81ce4e56,0,0,0,0,0,0,0,0,1,1
aba57e8a118a08ec805ff9c1fa2c7d7b,0,0,10,0,0,1,0,0,0,0
abc4f61d0f16b9063c9957c2342a95b4,27,0,7,0,28,2,42,0,62,9
ac1bf9d049f07734f832bb2ec03ad8a0,12,8,0,0,12,0,9,2,0,4
ac22a559ac2178dbbdcdcb21a456adb5,1,109,0,91,0,0,0,5,0,0
ac4067d1bc9b26ab6dfa92e0611f70c0,0,3,0,1,0,0,0,0,0,0
ac4b9ad907d58a4fdb7b609edcfa5c2e,143,0,0,0,0,159,0,0,199,0
ac4e2c132e64d6ded6194d97d18d6395,0,0,0,0,0,0,0,10,0,0
ac59bf53ae368ea1e02804f7ee0b7fb1,0,0,0,0,0,1,0,0,0,0
ac95460dca8bc1097f31f2cfaa9a05f1,34,0,0,0,0,0,0,0,0,1
acc52759115e0c822e495df36ba1bebd,0,8,0,0,0,0,0,0,0,0
acd40a8452e94bfb14d3e466a2054bd5,0,0,0,0,3,0,3,6,0,0
acd98eacbbcaea8188b889bbfd7eefcb,0,0,0,0,0,73,0,0,0,0
ad009f3cefba7b9c463f259b52dad5eb,0,0,0,0,0,1,0,0,0,0
ad0517f63b97eb7f2d585aff52a82a5a,4,0,0,40,0,0,0,32,0,0
ad3a8a4352bbbe345a35b0e0637d8f90,3,0,0,0,10,0,0,0,0,3
ad4cd90ead523e7fbed264686f08f022,0,0,0,0,0,0,0,4,0,0
ad564993b27c05403159a1fec6f0121b,0,0,0,0,136,0,15,0,0,0
ad818899d34e06f39ecab7b2ecb0ef5b,5,0,0,0,0,0,0,0,0,0
ad9589646373495a631ecf08339a3b5b,0,9,0,0,0,0,0,0,0,0
ad9e06feabe7243a20d720ac773b8a98,0,0,0,0,62,0,0,0,0,0
adcfc15021257fdbd2b341a078c805df,0,0,0,0,0,0,1,0,0,0
add5fa04356ef8de355d131bd6a8b141,9,72,0,577,0,0,8,11,0,0
ade15f2fea9e4bed82f61a6f0e8c8326,0,0,0,0,0,7,0,0,0,0
ae156e7a8240d49ba0c353185a63f91e,0,0,0,0,0,0,0,0,0,10
ae24fa5bbdacd345d4e707dfc43bd84d,0,0,0,15,0,0,0,0,0,0
ae487c6229a0788edef3481596efe1c8,0,0,0,0,0,0,0,0,5,0
ae5cc5d9e97e828e2bec809c951c3bbc,0,0,0,0,0,0,6,0,0,0
ae7dabe44f8fa2ab2f4281e8d627276e,0,4,0,0,0,0,0,0,0,0
aee15db96e226ba76ef266b9be1ded54,0,0,0,26,0,0,0,0,1,0
af4586aad90e95b275d1f8790caba3a4,0,0,0,2,0,0,0,0,0,20
af5c0160e1e3fff8cced008eaab0367a,0,0,2,0,0,1,0,0,4,0
af69ef3c5bcfdcab2ccdf4d076aeb3ad,0,0,1,0,0,0,0,0,0,0
af8f5389893b29f08c57934c2908d3e3,3,1,0,0,192,16,0,0,0,42
afbf27686d3ffde6df135a1ffa56ed37,0,1,0,0,0,0,0,0,0,0
affc646afca684200893baaee5179492,4,0,51,0,4,0,0,5,2,3
affca838ffefa9cd706b16017bb3a1d5,0,18,0,88,0,0,0,6,0,0
b00d6edb8a0b1b7fbd89da91d6484f26,0,0,0,0,0,0,0,0,6,0
b02810077387713aaf9c334168cb217f,4,0,0,0,0,0,0,31,0,0
b048eda261a0dc302acf3c83d3d1f2c2,0,0,0,0,1,0,0,0,0,0
b04c809ea0b48ea7f360685b62ca9884,0,0,0,0,3,0,0,0,0,0
b07f8b3173c460d5788af0b0c4d1759a,0,0,0,2,0,0,28,0,0,0
b08fabd6adc6905c18511831de81fc43,10,0,112,0,0,10,0,0,20,0
b0a4201e6e598bd3da33059eadc91c39,0,0,3,0,0,0,0,0,0,0
b0e2d6a36c9c7d4e82ca8e6973b624bf,0,0,48,0,144,0,2,0,0,0
b1222a37561d251e0d90372457289dab,73,13,0,59,10,0,0,23,9,39
b15b01fc4830a197960c36c76cbd872a,0,0,0,0,0,0,0,28,0,0
b15f4b0376ee671573d77c88882f224a,8,18,16,34,0,37,0,12,4,0
b19079c3c98d19c2cda88234117af48a,27,0,0,0,0,0,0,0,6,0
b1a450dde844440618639de15c79f986,0,0,0,19,0,0,0,0,0,72
b1bd8336aa51586caa03ab5eecc7dc20,0,0,0,0,0,0,0,0,152,0
b1f12720c9fdcbc57f844b042513706a,0,0,0,120,0,0,33,0,0,0
b22c4bfbed9705913d76ee036c4d32ae,0,0,34,5,86,123,0,6,0,0
b242e342e90601b672c89118c11703c6,0,0,0,0,0,0,25,0,0,0
b2676f0d2c59d13162d706517894ae1c,0,0,1,0,0,14,0,0,0,0
b26a6bb5229820a1d23ab63ce3bd1dfd,0,0,0,15,2,0,0,0,0,0
b2af4a63f946543ae4001238349defa3,0,0,0,0,4,0,0,0,0,0
b2bb9ca687c6c852d5daf5223444179f,0,30,0,0,64,74,0,0,0,0
b2c876c87ecc655a28c5cd606e84650d,35,32,0,8,3,0,82,0,0,0
b30f8e276f129bf3fed0372567bf9228,0,0,0,0,0,0,4,0,0,0
b3227e9279dd6f66624123e1b866bf2a,0,0,11,0,0,0,0,0,0,0
b3305678ca476b0d3ac85ceef00965e3,0,0,0,0,0,44,0,0,47,0
b35f2c5aeb6f837ef9525c03b736747e,0,0,0,0,0,0,0,5,0,0
b3c6dcc861a6583b30ef3d88c464523b,0,0,0,0,0,0,0,0,7,0
b3d3e65b4060afcb1a284940290c9e1e,0,0,0,0,0,0,3,0,0,0
b3d7027b6baa99b2d81c1cf36ec7ae5d,0,0,3,0,0,9,0,0,1,0
b3db988932c36733f5900c6e3a8f4c59,35,16,534,0,0,0,46,130,20,1
b4103c2ff27e6bdccfcaec20de9c3eb6,0,0,0,0,0,0,0,0,61,0
b42c6a462d7cd26278369219b2d756a1,0,1,0,0,0,0,0,0,3,0
b42e4a2044cb597d69cecbc6cc135d70,0,0,3,2,16,0,0,0,0,0
b4693286f1da6b0cf6fdc40d60825cf0,0,0,0,10,0,0,0,0,0,0
b4878b36d241afeb053e6b2318e59bb9,0,0,0,0,0,0,0,0,4,0
b48966e56d4a7cf09c2e0ba8db364426,0,0,0,2,0,0,0,0,0,2
b48a74071b360c84b1743582d689d356,0,0,0,0,0,0,0,0,0,4
b50b5ca02be0ac4c4936abb44df4329c,0,0,0,18,0,0,0,0,0,0
b52a99701d21f4f1fa98f9b0804ff6d8,0,0,0,0,3,0,0,0,0,0
b579162c3306e9227d909c025b4b93b6,8,81,0,38,0,0,2430,0,0,0
b59c0cb9b3c115b8122d6b238b91db80,0,0,0,495,0,0,0,45,0,0
b5c664a0164d4208088951904ee2836c,16,7,33,2,1,50,0,5,74,0
b5c6c6ea2b321c2ccbc1b5c48da2edbe,0,0,109,0,0,72,0,0,0,0
b5dde6c4329e2298edaaa573cfe5fab7,0,0,0,0,15,0,0,0,0,0
b5fb6f373519b2f45cb92a5e666fd7fe,0,1,36,0,0,20,0,0,38,0
b5fd0af569ea82ad37f26368d4b62ca9,0,10,0,0,0,0,0,0,0,0
b655a145e13345197357c179388d5320,0,0,0,49,0,0,0,0,0,0
b663f3caf7e5b53da8dec91859ff75a2,0,0,0,1,0,0,0,2,0,0
b674ecbc0f3d29952f4b19b28f9f9457,0,0,0,0,36,0,0,0,0,0
b6a91c19a4fe996af94d5841a4e21e42,0,7,0,1,0,0,0,1,0,0
b6b8a44bb2e1eecbc6b15d29b144f0a7,5,0,0,0,0,0,0,0,0,0
b6d2843a06f66743330baef1b397b09f,0,0,0,0,0,1,0,0,0,0
b704e8b262581e66feeb69ffbfb40916,1521,203,3062,2141,1410,624,1875,2,1821,256
b719c69301f42ad337e7415044338e62,0,0,0,0,0,0,0,0,5,0
b73b3def4f5facef4ccf711b7089c699,1,0,0,0,8,0,0,0,0,0
b74d39c7526771dc642ca2bbc0d40ccd,0,0,0,0,0,3,0,0,0,0
b7bf33cc5e2849032c33db0d45a24111,7,14,0,0,0,6,0,0,0,17
b7feff2cd0940d1d1e3734c7746ed900,0,0,0,0,0,0,0,6,0,0
b804737c1fe4745495c284e73601befb,106,0,0,0,15,3,0,0,9,34
b83b207c52cb6b099f766bcab3546a55,2,0,7,0,5,1,0,2,13,0
b890bed803678ce63162050dbafedd03,4,0,212,0,140,62,0,8,0,0
b89815f6cebf170e08b2b8913c166836,0,0,0,0,0,0,0,4,0,0
b89c597133fd59036dba0d4664cdcf0d,0,0,0,0,0,254,0,0,8,16
b8aa8ec082622c1f8affc6f3b81b9145,135,0,0,0,0,0,372,2,0,24
b8b95d720c32275a5e15a0061166143c,5,1,0,0,0,0,0,0,0,0
b8bdb08e00c58b0357c86a766da0c25f,0,476,0,1,15,0,4,0,0,0
b8ddb236179b77759fd15a920aed8534,5,2,0,0,36,0,0,0,0,10
b914d693b3f09f04015430e09b803576,0,0,2,0,0,2,0,0,0,0
b948ad523ea85dfd46d7fe6d8e58f9fd,0,0,0,0,0,0,30,0,0,0
b991afafe3d3d7df79e37f0aef052937,0,0,0,0,0,0,0,0,3,0
b995fdb4ff67c22176ea2845c3b4b27e,0,7,0,0,0,0,0,3,0,0
b9c1d2275709d352c767678ec8877808,0,0,0,0,0,0,0,0,0,4
b9c24c95b2be51fe6c022a7132713cc8,135,0,0,34,0,0,0,0,0,3
ba2d82ee9bea738227c60139f8e1b4d7,0,3,4,4,2,0,0,0,1,0
ba3ca3413b8e259ae1e6c8714d02105a,0,0,0,0,32,0,0,0,0,0
ba7221e67e2cb27c1f79569e25965a9d,0,0,0,0,22,0,0,0,0,0
ba7c9356eceed18354e4ab587172fab8,187,6,38,33,44,0,16,0,0,0
bae56e6b0f746fbd56c4df4d2939bfb8,0,0,0,0,0,0,0,0,19,0
bae81118153ab487dce427858e645a03,0,0,0,0,0,0,0,0,7,0
bb0a4c6a932ce93cd016c3d797a7335f,0,0,0,56,7,0,0,0,0,0
bb4d60f3c9493d0a951cc8b959190e35,0,0,0,0,0,0,0,0,210,0
bb6ccf76f7a1b278da9ebdfd8ecb9799,15,11,47,0,22,97,3,14,19,16
bbafcbced83a1e2095adf69243ef4a17,0,0,0,0,0,0,22,0,0,0
bbb724d663f39ce2ff3305ae12f801cc,23,6,24,25,24,5,6,24,17,4
bbfc412e61b83ccf64d8fe364c108734,91,283,40,149,32,133,73,79,153,186
bc185faf9ec7ee88f4fff10dd05725f3,0,0,0,0,0,5,1,0,0,0
bc2dca03830ac4d471db3c64ead32c0f,42,26,0,69,0,0,0,7,0,15
bc4931994a8aa07e77ff6863e9eed877,0,0,0,0,0,0,0,0,0,6
bc63fbe78fc164d871668db30c3f82d4,0,0,0,0,17,3,0,0,0,4
bc710dee36909e63c516a2db6d0bff54,0,22,9,9,4,0,3,3,4,8
bc7dac3d769ae7f1a8231f2af77595ef,0,0,0,11,0,0,0,0,0,0
bc9a2c067e2754cc960d0efb0a9c7b0a,0,0,0,0,0,0,0,0,0,7
bccfb4893855a28b947a56c10ef18989,0,0,0,0,7,0,0,2,0,0
bd76b96299598cc0f1d565d9ddf59c06,0,0,0,0,5,0,0,0,0,0
bd8346d96ce325c586dabc23464afaf1,0,0,0,251,160,0,0,0,0,0
bdb2d08c1eb98d9630bb091cf3ec35a0,0,0,0,0,0,0,0,5,0,0
bdbf9620abef81d5535fa6a99a39d7c4,0,13,0,0,0,0,0,91,0,0
bdcd1d72ec8f198ea59531478d902457,0,0,0,0,0,0,0,0,4,0
bded31028216c330ef8d9da793bdc6b7,0,1,0,0,3,0,0,0,0,0
bdf1b9320afae9faa81dcd0746f39d78,0,0,0,30,0,0,0,12,0,0
be11ff7a71ad16222d6fb25832a9428b,0,0,0,13,0,0,0,0,0,0
be39c04213d03bbb9ddd7d244b98d615,0,0,0,0,0,0,0,1,0,2
be44ca7830cb0eabfb800a5a67a6a756,19,25,2,0,10,4,16,5,32,34
be58a37fe801367134ead8433c1f5d70,6,0,2,0,95,0,0,0,4,5
be680834665e260188aa9a1ae9b19746,0,57,0,0,0,0,0,0,0,5
be81e9534f64bf6d7cc665fa0d02ba3c,21,180,0,349,54,0,62,77,0,8
bea64cae41a783ff2a13ab83b663c71a,13,117,0,44,0,0,43,4,0,8
beb94758d0e96b2bdc0edea329b4936a,0,0,0,0,0,3,0,0,0,0
bedf7136b8c05feadc3e541e456c5679,0,0,0,0,341,0,0,0,0,0
bf1f2247ed8cc506a4a1a469e0193080,0,0,0,55,0,0,7,43,0,2
bf205ff47f46771cf9e18f7ff76a5c19,0,0,0,0,53,0,0,0,0,0
bf4e2b7f5ed8cae973d7aa6507f8c3c0,0,0,0,0,5,0,0,0,0,1
bf727dfd6e74cb13a5e4420ffafd1438,0,0,0,0,0,0,0,55,0,0
bf7326383717cca9aeafae12f004a3d1,6,15,1,51,0,0,1,8,3,32
bf7e682c37b249e34e23adbf30b13b11,0,0,0,0,530,0,0,0,0,0
bf8af00eb75e1537968ea326252c5407,0,0,0,0,192,7,0,0,200,0
bfb2389c995e3b1bbeb096e9394af568,0,0,0,0,5,0,0,0,0,0
bfc29e1688cde5b05ab557c628b24cb3,0,0,0,0,280,96,0,0,0,0
bfcdb25a294b0ef84e964f4f9d964a94,481,316,289,1300,252,0,3552,1315,4,154
c017fffe4b2390658f3fc755a15d325c,0,0,0,46,0,0,0,1,0,4
c01c8d9b4dbab291186f7387bce000ba,8,0,1,0,0,2,0,0,0,0
c03ecc65e5122ef5eb8f3ff681f3c59f,0,0,0,0,0,1,0,0,0,0
c03ed6036b8796df6ad9788f1946eae2,2,0,216,0,65,40,0,0,0,5
c095e950ddbcef69b303a112a80551e9,5,4,0,0,0,0,0,0,0,0
c0b6b4a2f75bd44a73733e9e15c44eb0,0,8,0,0,3,0,0,0,0,0
c0df105a43db9827405a3c4d652c16da,1,3014,821,982,0,1955,0,670,141,113
c12abc6eef167f07397bd62db7bcdbbf,0,0,0,0,0,0,0,3,0,0
c132da58284d771dc8d139f93c7a54c5,0,0,0,0,0,0,131,0,0,0
c155f26de36d2b737517fa96ee3c90a8,0,0,0,0,0,0,0,0,8,0
c1979dd45333b8dc0d5d5d03e7e72976,1,0,0,2,0,0,0,7,3,2
c1b911d3050ceec7c64a33edfcde2ab2,0,0,0,0,0,0,17,0,0,0
c1c9a910aa380ee8c810e376d5c47fb6,0,0,0,17,0,0,0,0,0,0
c1f91bf0de4827887a8652fe3170623c,0,0,0,14,0,0,0,14,0,0
c203493eb7dfacd239e7433ab0a43c2b,87,0,0,0,4,0,0,0,96,18
c22bea380dfd07a18649d6212ab95a77,0,0,0,10,0,0,0,16,0,0
c2957616efbdbb7d567b83230932f56d,0,0,15,0,0,0,0,0,0,0
c2a9e40364cac2b8d6964d8f5116fa64,0,0,0,0,66,0,0,0,0,0
c2c1d10bde6dbaebaae0f78341417d64,1,0,0,0,129,0,0,0,0,0
c2ee2c7c136154a676840ec23002d034,11,14,18,4,59,166,143,45,0,8
c30bf2aff09093cf9b9358029251b1b5,0,0,7,0,0,0,0,0,9,1
c3185e57ea7fc799bc72b741c4fec3b6,1,0,0,10,0,0,0,0,0,0
c34159ec69cbe492d17dbdebff10bbe7,0,0,27,0,4,41,0,0,0,0
c354ef460023df4e2f6da07df4f6b7b8,23,255,58,32,411,0,791,7,60,162
c35b70c8f5c540dbbdf84801839c6685,0,0,0,0,0,0,0,0,3,0
c36210afe0399999124a61f45b9b56f6,3,0,0,0,0,0,0,0,0,0
c379a58c1e9a614264fc7359907465d5,0,56,0,3,458,0,5,31,0,2
c37e673f2d76f2674e84c67397c47362,4,7,0,0,0,119,0,39,0,0
c3998a08ff8291e9be67e574d14e9399,0,0,0,0,50,0,0,0,0,0
c3a5aa8e580ba49872d77c9b351d2dac,0,50,0,66,0,0,0,147,0,20
c3ca415256b58b57050a8dcf1d01b4e9,0,66,0,17,0,1,0,0,0,38
c3cd7a0599b72aa37f8dc51a3e5a145e,0,0,0,13,0,0,0,0,0,0
c41eed8fea59bd6b96eae5cc59a8a795,0,0,0,0,0,10,0,0,0,0
c428ef42e3b5e98d9f9e106811bca58e,50,0,0,0,4,0,0,0,0,0
c442bea63c2ce46f1bf1b2f415e28a01,0,0,0,4,216,0,0,5,0,0
c456e1a324bf1866cf2eec21fdb3e273,0,0,0,0,0,4,0,0,0,0
c48ba35a9b17ed8194b9d6d86c597698,0,0,0,168,0,0,0,0,0,0
c4a4f7d4298be6587b88d7c8824ee4a1,0,0,0,0,0,0,11,0,0,0
c4eab74b600a1011404a0e6be5954b0c,0,0,0,0,0,6,0,0,0,0
c4fec71cca899b2608b825693fcb1a84,0,0,0,0,692,0,0,37,0,0
c55db7a652b1e887c7d6d32687ee41d3,0,0,8,4,0,0,0,2,1,0
c56399fcfb2be2732188758a10ba7702,0,0,6,0,0,3,0,0,0,0
c567bf7abb311bb370033be67adfaa48,0,0,0,3,0,0,0,0,0,0
c57aec4c20aef87d0e636db4e22bf2ef,0,0,0,0,452,0,0,18,0,0
c595a6f3431803bf7101317fd85ec23b,22,81,40,292,0,2,5,513,34,43
c62306f026c1096496f56af44531f51c,0,0,23,0,6,0,0,0,0,0
c6292261aef296d5088023149bb308e4,4,32,332,3,0,3298,9,40,1927,4
c63c8347285c78a1f6357e79826a20f4,0,0,4,0,0,0,1,0,0,0
c6500bd9e55dfe7fde2421d79fb2e749,0,0,3,0,0,0,0,0,0,0
c65541f1b36f44661ec1c9fe26c05823,13,0,0,0,27,0,0,0,121,0
c66547f201bb056fa01d7c365b44ddab,0,0,0,0,4,0,0,0,3,0
c665678f66dbac187747d21fad41ee92,0,6,0,34,0,0,0,0,0,5
c6735b6edc8917ab7e280e7166d01d24,0,144,77,0,24,33,0,0,19,0
c67761768d3bd6ddacbe0720a0e707f1,52,0,0,0,82,0,0,2,0,7
c6a814659d35e3b3db5f065838992a6f,6,25,0,23,614,0,40,17,0,49
c6af86d8a6dba2b7ae3e3604d81b7b14,1,4,7,2,4,0,0,0,6,0
c6b49038d3b098bb0f399566cc25cc91,0,306,148,0,0,0,0,17,108,5
c6bee26d60c7ac66ac0e409e7221ec12,0,0,0,54,0,0,13,0,0,1
c6cf1b9fe242ff77e83f88faeff1a309,0,10,52,4,0,0,0,80,0,0
c6d9ed70e1b4ccd9b8c755dfc5dd732b,0,0,0,2,0,5,0,0,3,0
c6dc028e39588484a1268a3278b33fca,0,0,0,0,67,0,0,0,0,0
c72b6260bfc0ae68d94af86d1adabbc6,0,1,0,0,0,0,0,2,0,0
c72be7befb629450a3b5baae4886ec08,15,41,0,108,31,0,13,25,0,0
c738095f4cb87d2283e250dcff1c8760,0,0,0,0,125,0,5,0,0,0
c74902eff432188f65668e247c1e1266,0,0,0,0,20,0,0,0,0,0
c79448d336bdc92f6d670076e811d9be,0,0,0,0,0,0,0,0,42,0
c7a0e357824e2e6865bac7c314c4b450,5,0,158,0,0,0,0,0,0,0
c7aebe3ff00d1b27d95056b2bfc18738,8,8,11,17,2,0,3,18,9,1
c7e0d0ec7db5ff6b347c3c4e24d0adc7,79,2,250,0,93,628,0,0,179,0
c8298513a2d9c48129a2fe4d363e9fba,0,0,0,0,0,0,86,0,0,33
c836ba9f8962411b2e6ad73138280060,0,0,0,0,18,0,0,0,0,0
c876d56ad43ef56995bd5f7c345232b5,0,0,0,0,264,0,0,0,0,0
c88fa4c73d3cab53acf29f7ae1190907,0,0,0,0,0,0,0,0,2,0
c8c178b225eeb5d77cc84b836b70a2a2,0,0,0,0,11,0,0,0,0,0
c8dd4e87c860b83bcb080ca16c6b4574,0,0,0,0,51,0,0,0,0,0
c90056b1d6ca34743ae4c67201246ef3,0,3,0,0,0,0,537,48,0,0
c95433441ff9e4f14e2d5ef104a98fb4,0,0,0,0,0,0,0,13,0,0
c993fee365c7c3a4640e1bd8ba3851e1,0,0,0,0,0,0,0,3,0,0
c9c53750738c659195abeae1dee97168,0,0,0,0,0,0,0,0,1183,0
c9ff3a6c71d7ed5891a217724beb1934,0,0,0,0,0,7,0,0,0,0
ca3d1767aa69a17e1aa54b8bd4261d6b,0,0,0,0,272,0,0,3,0,0
caa7cebe829023db29766cd7961cf8cc,0,0,0,0,2720,0,0,0,0,0
cab3a61f10daa6125454d130f52d6d56,0,0,0,0,0,58,0,0,0,0
cabbe72bb85bda9646b88fde34da279b,11,6,0,0,0,4,2,0,1,14
cb37e9508d7221014ba77cc8f96f3c11,0,0,0,0,0,0,0,16,0,0
cb39fe84986ded4dee918c4b15faae33,1,0,0,0,0,0,0,0,0,0
cb41fd3fe024560591281d6022e076d6,4,0,0,0,0,0,0,0,0,0
cba035febe61fe9f1d33bd97c6085b56,5,0,0,0,112,0,0,0,0,34
cba96deb211120afe2d47b72d5e33845,0,0,0,0,0,0,0,4,0,0
cbaf6371652f3f9257368c98ae7294f9,0,0,0,0,0,0,6,0,0,0
cbc4c77e61ae22c1dc6c41c6fa7af4db,21,325,345,133,1461,10,472,385,0,882
cbccd6e22ea57b051eabe9b8af1da696,0,0,0,0,9,0,0,0,0,0
cbdd0137619de0e267aee8dcfe97a52c,3,0,0,0,0,0,10,2,0,15
cbe95b0d53b3de093fc58ce6d6c42d25,70,0,0,0,5,0,0,0,38,93
cc170c48e6b4ea72e8d85f5668a280e9,0,0,0,0,0,0,6,3,0,0
cc6f58f9d89f7b1edfdc6658e84ff58a,0,0,0,0,0,0,0,21,0,4
ccb4374195824a4ff0d9b48d19b36ffc,0,0,0,0,0,0,12,0,0,0
cd3a2bd94e0dce14f8650b0a6d33e1c7,0,0,0,0,0,0,0,0,3,0
cda378e2bca7a513e8c12f625dd65e8c,0,0,0,123,0,0,0,0,0,0
cda8f7a570e8a30c608090d046048bc6,0,0,0,0,9,59,0,0,0,0
cdaa9e63dd5856fafaeffdd0cec554ee,1,0,0,0,0,0,0,0,0,0
cdcc84e73bd7af2a8a1e6af59f2b25bb,0,0,9,0,0,21,0,2,0,0
cdd0be4640d5a0e9c4304bd9716c475a,0,0,0,3,0,0,0,1,0,0
cde74a01337a8afe333fdab3708c7887,0,0,10,0,0,0,0,0,0,0
ce01c9ba6deed158809c963d4340c601,0,0,0,0,0,0,0,3,0,0
cef8e806ec2c356ef855d125dc2cd450,9,4,0,13,6,0,0,8,0,0
cf021ba8f5eaac0630620b5eac0193f7,0,0,0,0,0,0,0,0,6,0
cf40681cb43b27e45b91efd59ad9914b,0,0,2,0,0,0,0,0,2,0
cf4b446064a3fe4303ee68377b1489a6,0,0,0,0,0,0,0,0,191,2
cf82fbe157d6c713ab034354492c227e,0,0,0,7,0,0,1,1,25,0
cf97c04cf3020734e34d72f891dcf446,0,0,0,0,0,0,0,15,0,0
cfa5e82da30698525c03b145bd75934e,9,0,0,0,0,5,0,0,0,0
d02c172342b6b41574e9fe29f95fd055,0,0,0,0,99,0,0,4,0,0
d049737bca6bd65732b6d392543bee97,0,0,0,0,1299,0,0,33,0,0
d088d7e80b196d72f75080a812d08264,0,0,2,0,0,1,0,0,0,0
d0ab9fb16e8767994f10be1724900fdf,0,0,0,0,0,0,286,29,0,0
d0d49a868d682ae745d71f4fbfba71b1,0,0,6,0,0,5,2,0,0,0
d103f01481426e0a2c9e16c5274659f1,0,0,0,0,0,0,0,0,6,0
d1479ae099ae931764741399f9d50e99,2,0,0,0,0,0,0,0,0,0
d197fe7960b487fc957f8a70a648a449,0,0,0,0,0,0,0,0,1,0
d198e552ef7c616836e160d74e8d99aa,0,0,1,0,10,0,0,0,0,0
d19ab6062fc0399c27645b6da87fa597,0,0,0,143,0,0,0,0,0,0
d1c221c68fcb5aabdde4da9909e9c306,0,0,0,0,0,0,0,2,0,0
d21710911b184d6eee705efbd62291d6,8,0,0,24,70,4,0,0,0,0
d22dc2ed01f268d23d703ba6d071cfa8,0,1,0,0,0,0,0,0,0,2
d26868e4500345680b8db46619c89a98,0,0,0,0,13,0,0,0,0,0
d27cf77f6ee80fcd079da8578c936893,0,0,0,0,187,0,268,0,0,0
d290138922383f80315d2382ae1eebe7,0,0,0,0,6,0,0,0,0,0
d2a3b0bff7e77e696d61747db220e5eb,0,3,0,4,0,0,0,0,0,0
d2ca6be9f93f3134c519900baa78261e,0,0,6,0,16,7,0,0,3,3
d2d8b3ccf8555daa03d97a53e45b5dce,0,5,0,0,0,0,0,0,0,0
d2daa7ad84c9fc90b712f65860e9d46d,0,0,0,0,0,9,0,0,0,0
d3292c67542523ba1dd943becaf793be,0,0,0,0,0,0,0,0,0,4
d357e9346deacf4d43c88dd879cfc86c,0,0,0,0,3,0,0,0,0,0
d35d7dc070eabaf10449c3d2f3c7eec7,0,6,0,0,0,1,0,8,0,0
d376276fe068a029b012d15978b0f35d,1,0,0,0,0,0,0,0,0,0
d3d67e8a02d58a5676804b4e686cba88,1,0,38,0,0,0,0,8,0,0
d3e3eec2c57ac13c4894bc38097613ec,6,0,0,0,18,0,0,0,0,10
d3fde8c76baf89da74067b510353335a,0,0,0,27,0,0,14,0,0,4
d409f6903af1559341b34e03c231dbab,0,0,0,0,1,0,0,0,3,0
d433dc4aa91bc9daa5f53f5ec5a21684,0,335,0,1,0,0,0,0,0,0
d45a5d98f71b04e8c7049cddea219801,0,0,0,0,51,24,0,0,0,0
d46a67f0137b31e0f7cb711fd6590689,0,0,3,0,0,6,0,0,0,0
d49a0682e2bc3375445f83963cfcb38b,0,0,3,0,0,0,0,0,0,0
d4c56ef8578ea6b3d8929347063891c1,0,0,0,0,5,0,0,0,1,76
d4d9771fe0358dd948e57c8ff370f09d,0,109,0,0,0,0,0,0,0,0
d53615070d02fb0e9f0ca18f996b8c13,0,0,0,0,0,0,0,2,2,8
d54633f6b6b99aa2050708251830a20a,126,0,144,0,25,106,0,0,0,0
d5665b1f8e9df3e9e16b2455c106d75b,3,0,5,0,0,0,0,4,1,0
d5674bc4146a8055523ad04123e69337,0,0,0,4,0,0,0,6,0,0
d5c936833ea6d34c4a963b7feaf9a94d,0,0,0,0,0,13,0,0,0,0
d6641e2cd69f9a31a18950bc33e1c7b8,0,0,0,0,0,5,0,0,0,0
d6a1f0a127d0ac180c9d664b35e33ab3,1,21,5,6,5,0,7,2,0,7
d6b5527a76b1eff653ac6f64fb860959,1,0,0,0,0,0,0,0,0,0
d6bfb4a12ae37cc3afa209f64b766bdb,1,24,63,134,15,31,20,14,69,13
d6c09510615fc7867f37a7333f583350,142,0,0,0,0,0,0,0,0,0
d6e27b1ef589877f906bd9036e702457,0,0,0,0,0,0,0,0,7,0
d7315406243f027434aca910cd338079,0,7,0,0,0,0,0,0,0,0
d7543a24064eea4804477ce17ff9a470,0,0,9,0,0,0,0,0,0,0
d7711101427d6869ff6454d6849a5f68,0,0,0,0,0,0,0,3,0,0
d775459d24ec49b0991237c99412c0c2,0,0,0,0,0,4,0,0,0,0
d7c2b020e2604ed37efad0bee73b978b,0,0,0,0,0,0,60,0,0,0
d7f57c102f96a7f403e37da1dc148417,0,0,0,0,0,0,0,0,0,26
d80f3d6368c3e7ec328bff638a272abd,0,0,0,3,0,0,0,0,0,0
d827b6fb2dc3a6ea6c468f9058329393,0,0,0,0,752,0,0,0,0,0
d8ad4bab95f1c96a8148b1e85a1047d3,2,0,0,9,0,0,15,7,0,0
d8fb9ae030e1b8c35452cd8897bcfa19,26,17,54,30,17,40,13,2,31,7
d905cc371e1d9fa50a177230e5c14355,0,0,0,12,0,0,0,0,0,0
d927c1e46f89c7ec615f6d9f7bf71e4b,0,0,142,0,102,307,0,1,2,0
d93de9b9832e27e3f09251f87e639826,0,0,0,0,0,5,0,0,0,0
d959c19da2d9dfa3b26e12f99061ed79,0,0,0,0,0,3,0,0,30,0
d9970f62595701425d35bf8c94ade74a,0,0,0,0,0,0,13,0,0,0
d9f93b101b1df9b6adff07d124506d08,3,0,0,0,0,0,0,1,0,2
d9f9d0b10fcb2874b02b3b505de45693,0,0,0,0,0,0,0,1,0,0
da369c8072896db8acc74beda14a6432,2,0,0,0,0,0,0,0,0,0
da3e237b74afd3eb93b3b0d3fac149f7,0,0,0,0,25,0,0,0,0,0
da854ed0345bde4815f588e990197f8e,0,0,16,2,18,0,3,16,4,3
dac977091c36ad3cf5b1dc51be836544,56,0,0,14,0,0,0,0,0,0
db23b4c0ce1d7f4ba570254e85b3e751,0,0,0,0,122,0,0,0,0,0
db3ce5cfd4d206ba4a783912cbe27a8c,4,0,0,0,3,0,0,0,0,0
db88c9faf70567a44764843f4b75ecb7,0,0,0,0,4,0,0,0,0,0
dbdb7d1a9ec4974f8f96e098e217f634,160,398,201,0,192,0,0,1,0,132
dc5ac199611ad073cea7d415053b11af,0,1,0,0,0,0,0,0,0,0
dc82983e066be45fefb3b32e9668a1ae,3,0,0,0,0,0,0,0,0,0
dc9a6900137f01af6debf8b1dce649a0,0,0,4,0,0,0,0,3,0,0
dccef9dc8c107ad79b6c938cabac82d2,0,0,0,0,1,6,0,0,0,0
dce68d8fbd7a541292061bc03fe59ebc,0,8,0,0,0,0,0,0,0,0
dce8b1925b694a5ef1fc33ba196718e4,0,4,0,0,0,0,0,0,0,0
dcf3f0bd54693ef395ba7b22972de726,0,0,0,0,0,0,71,10,0,0
dcfa160aa0639bb6a24f8fe3534f3d3e,0,0,0,3,0,0,2,0,0,0
dd48440e364f7cbd4a59efb70de4c998,0,20,0,35,17,0,0,0,0,0
dd7008e8576eac2369d61ea6be4201f9,1,4,17,38,0,1,0,14,0,0
dd8776485182d9f61a7c51634684dd15,0,0,0,0,0,2,0,0,0,0
dda97ad6e3f747f14e09d0b1512862fe,0,0,0,0,0,10,0,0,0,0
ddb92a10e6534e91f64b377f6db853d4,0,0,31,0,217,69,36,17,2,0
dddf78654bc03ef7a3b1fe75963a04fc,0,0,0,0,78,0,0,0,0,0
de384d3e1e2374a29a53b107b58795c9,0,0,0,0,0,0,0,4,0,0
de4ea0b9bd55729d4d2e3a4e0ae9f379,0,0,0,0,7963,0,0,0,0,0
de4ed0bff88b2c77a9af8bdf38b1f1e3,16,21,0,312,0,0,3,0,0,3
de52036cf72ea0d79c3d720aa9b3c55a,0,0,0,0,0,0,0,0,10,0
de6dfa90142f537868169167ee3c97e9,33,3,0,76,0,0,0,108,0,0
de7a6f4b4a17e40a362a66504500eb69,0,0,0,0,0,0,4,0,0,0
de87fc1c99274fb37424fee5361df498,0,0,274,0,5,195,0,0,122,0
de9be834fc7b42169a00cab2af100d2f,41,68,9,31,4,25,42,46,28,34
ded6bed35c222f9132efd76f66697c38,0,0,6,0,0,0,0,0,0,1
defdcfedb6979cae1921328b95a0d311,0,0,0,0,0,0,1,0,4,0
df01d553195b33509cf4594ce7b8894e,1,22,0,57,0,0,0,93,0,0
df18a9bc28321db49b0e7c3e3faad4cc,0,0,0,0,0,10,0,0,0,0
df194c1bb0d2958e892c22038dab81a0,0,0,0,265,0,0,0,71,0,0
df22ac41e91b9ac5d229ad84dc14798f,0,2,0,10,0,0,0,0,0,0
df25e660a14e1e28011e56711f635a9b,118,0,0,0,5,0,0,27,129,13
df6db658374ba5841f425b150678f239,2,2,0,0,7,0,0,48,0,0
df79acd001f09349ed33876b96b4e7ea,0,0,0,0,9,0,0,0,0,0
df952fe26518f3643bb4150167d1b673,3,0,0,0,0,0,0,0,0,0
dfcd17cf8ba401a31da80e4fe15b6d9b,0,0,0,0,7,0,0,0,0,0
e014f94536db98249598e18403ef09c3,92,0,0,0,37,0,0,0,0,40
e030b8a227571bbf8895cd8707888c74,0,0,0,99,0,0,0,233,0,0
e0f4a4cfec01eb3e66e02bc490a6b061,0,0,0,0,5,0,0,0,0,0
e1102aa8497f7a776bad1c8e79814f7a,4,30,1,23,0,0,0,7,0,0
e12efecf3c899604b8b2c15880da88f2,0,0,2,0,0,0,0,0,0,0
e156724072b9620eb87744ec240c089d,0,0,12,0,0,0,0,0,0,0
e156fe1559d03b0eae1a2ae28675e1e5,0,0,0,0,3,0,0,0,0,0
e163e14d95c3a3913029daad7e78682f,0,0,0,0,0,35,0,0,0,0
e164bdd76758ba8773463f96042e87e2,0,40,0,35,0,0,7,58,2,0
e1731db90436ff821ce7a5d9dd01e3f1,0,0,0,6,0,0,24,5,0,0
e175e711a4bc01e270856fbf30cb3ff3,0,0,0,0,0,8,0,0,0,0
e178219f755ec448d0f9bcdc2a75c017,0,0,3,0,0,0,0,0,0,0
e18c0d4bf0c07e5e3e8f04588a85df34,4,2,0,0,2,0,0,2,0,20
e18e143f2c9a1825e199561f26d8027e,0,0,0,0,0,0,0,0,1,0
e1ff75ec73e58ffc5acd0947e602cb37,0,0,4,0,0,0,0,0,0,0
e21251704acee76a1259cf7abb92f921,6,0,0,43,0,0,0,0,0,0
e22e90dc88d530a3e1df2299063b6fa0,2,0,0,285,10,0,0,0,0,0
e232a96c48f7ff198b4ee0d461408256,0,0,77,0,0,0,0,0,0,0
e2a60e010fb4882be69866ada882906f,0,1,31,0,2,0,0,0,0,0
e2c907cc1d746c2c658cd0188ea291c7,0,0,0,0,0,0,0,0,66,0
e2d150360a90b0d8a7f90e6425837baa,0,259,0,0,0,0,0,0,0,15
e2d470f4ea2ee62af59e9e8deff156ff,0,0,8,11,0,0,0,2,0,0
e2dd0ac420b337cc4905a4afe63b3037,3,3,0,0,0,0,0,7,0,0
e2ef727b69057027b7f1104fc1af29ae,0,0,0,0,2,0,0,0,0,0
e30a72de982da9510584c6964bb4df1c,0,0,31,0,0,0,0,0,0,0
e31732c5048eb8445444efba567d1359,0,0,0,0,4,0,0,0,0,0
e328c2957e2e9cc2c000c5e337c6d6f3,0,0,0,9,1596,0,0,0,0,0
e33690669190c9c4cc44cf480f3b4851,2,0,0,0,0,0,1,0,0,0
e353510f589c999862b99e58b5261f4a,0,0,2,1,37,0,0,1,0,0
e3c6350116bb9cc1123d04dd4d802288,28,1,0,0,126,0,21,28,7,18
e3e6020e5c4628daa04945cb27df6f09,0,0,0,0,2,0,0,0,6,0
e4312ea6755ce892f11fd1cfec87feef,0,0,0,5,0,0,0,0,0,0
e4bb6d30f5c4b7293c6b4583634f7724,38,216,0,17,163,0,0,0,207,173
e5180a039d7b843193e84d00dcfc1aa2,51,0,0,0,0,0,0,32,0,25
e558755bda4c68b9947e37aeb4e2010e,0,6,1885,0,185,1849,1,0,118,4
e55ac03dbd0d92ad8d8912a86dd6f0c7,380,0,0,0,175,0,0,0,0,216
e56705fc7879985b1c3642c9fc907221,6,0,12,0,49,2,6,0,0,12
e5682e86239a3955624c619135927dbc,24,60,113,31,14,0,15,168,20,53
e58ebcda778bce3f4ca3a33397822452,0,0,0,1,0,0,0,5,2,0
e597ccfe45843414575081e1a9473fc3,8,1,0,7,2,0,0,0,0,0
e5d6e777993a77e6d3395b040da98107,3,0,0,1,0,0,0,1,0,9
e5eda20fa6750496e5fceb9f8a10abbb,0,0,0,0,0,0,0,269,0,0
e5f01674f8d41a578c38327692369e1f,0,0,0,0,20,0,0,0,0,0
e62dd83917be3bdf0261138711cd5bd5,0,0,0,0,233,0,0,0,0,0
e653d2072a0ba5d211f3efa7fa2666b8,0,1,0,9,0,0,0,0,0,0
e676172c4d95d211b2d120072a280fdb,0,0,1,0,0,0,4,0,0,0
e68e70d81d7a64a3bcccc61986d61692,0,0,0,1,0,0,0,0,1,0
e69165d49af6af9a5c71f744e249cdce,0,0,0,0,108,0,0,4,0,0
e6e034127a1cbf8588a1c4692ccd15db,0,4,0,0,1,0,0,0,0,0
e70453a9ca859e98820cc90884b2cd3b,0,12,0,148,0,0,0,0,0,0
e70be14b59b96b60426f8ccf4ccb9899,846,435,0,162,240,0,0,204,9,284
e70d700a66f6f8c1b7015ae8bd757a4e,0,0,0,14,0,0,0,0,0,0
e746b3149463dd60cbdb1e685c0e93db,7,10,0,45,8,57,0,3,1,14
e791e85ee4d7cb0f5a0c20f828ecf481,0,0,0,0,0,0,6,1,0,0
e7e61efe88032a172051248b6bbd0caf,0,0,0,0,5,0,0,1,0,0
e7ea4831f9ae2d77a0a18bdb6ab25d76,0,0,0,0,0,0,0,0,0,4
e7f0128c958a0509174174b2a68c6a95,0,0,1,0,0,0,0,0,0,0
e809e7ca4542f28b1cb68aaf7ed7bf16,0,41,0,0,0,0,0,0,0,0
e80fc88b1e7f9bf15ed3154e66f45c59,0,12,0,3,1,0,53,2,0,2
e819ee71098aca217528e767c817d15d,0,0,0,0,0,0,0,10,0,0
e839b3aa6d293c174d8da25c0606089f,0,0,0,0,216,0,0,0,0,0
e843c4b4c8c564d48fc56608ff2a61c6,1246,514,1,1220,1676,0,1077,2546,4,286
e86320404aff3cb070eb9d7928a3ff94,0,0,0,0,2,0,2,1,0,3
e890e57f5e10e09885d95eaedc73ad6f,0,0,0,0,105,0,0,0,0,0
e8ae98a0cd89cec836bcf23679a31bb5,0,0,0,0,0,0,0,75,0,0
e8be8273c24834ca59aac18e88774862,424,36,207,239,3,138,177,208,13,119
e8fa2570b8ffa344f36cb66632fc2049,0,0,0,0,0,1,0,0,0,0
e94d75fb8d919be6224af575036d712f,0,0,0,0,76,0,0,0,0,0
e997ee1d057834c8599876127664ec6a,0,0,0,10,0,0,0,0,0,0
e9a6d248ed7631bc6c617d14a11871dc,0,0,0,0,8,0,0,0,0,0
e9e62dde263b78ff9784c694189bf035,0,0,0,0,3,14,0,3,31,0
e9edf388319c89c9fce4107efadfe2cc,0,0,2,3,168,0,30,0,0,4
ea0d3134cd02c27f17d2c4d67a37315d,0,0,2,0,0,0,0,0,0,0
ea292d34478d75d8bec58d61f8834b46,0,0,0,0,135,0,0,0,0,0
ea6f798e18f5111e81d0d1311520d357,0,0,0,7,0,0,121,0,0,0
ea74acc611dfbc986c6d1717b1e62233,337,0,0,0,0,0,0,0,236,243
ea760721620e2c7bc5ce3b0ba82d21cb,2,0,0,0,0,0,0,0,2,0
ea8e740f398f46ed51e2583f8d4c3dff,0,10,0,25,0,0,5,6,0,0
eaab899433b08c8d228921f42c3ae5ed,9,0,0,0,65,0,0,0,0,18
eaeb39796ac186f4f0de98502ccb5189,0,5,0,4,0,0,5,13,0,14
eb004bb56bfcfb528423999878626e16,0,0,0,8,0,0,0,0,0,0
eb6e7b6f205474b5eb7730db52dd7df7,0,0,118,0,0,0,0,0,0,0
eb81e528cc53c88e630380325766222b,0,0,0,0,2,0,1,0,0,0
eb89ba67d163d87cf67e752e6abc78ea,0,0,0,10,0,0,0,0,0,0
ebc88bd81b8ffa82363b5a1e4e6004d1,0,87,0,0,1,0,16,0,0,0
ebd36b4d49f39fc3767575b66c4a2ad6,14,251,0,59,0,0,0,0,0,103
ec02bd46404894d3cc828452b694246a,0,0,0,0,0,0,12,0,0,0
ec19baa24ae011405fe754d2e277a74b,0,0,0,0,0,0,60,0,0,0
ec1cd948cb2dfff0277c6d1dc5f7035f,0,0,2,0,0,11,0,0,0,0
ec24a0ea221098dafcfd4855eb9d87b3,9,5,0,52,25,0,0,2,0,0
ec491f12fa816bcf42ea183b7a9be534,0,0,0,11,0,0,0,0,0,0
ecb888110a65a4747faf1444f3c07fe9,0,3,0,0,0,0,0,4,0,0
ecda2e57d922a12ab0582d25e0e027ed,0,0,0,71,0,0,0,0,0,0
ece1e0a6a7937a0a7466d2e5642660ef,0,0,0,4,0,0,93,0,0,0
ecedb7298c83754cb5e2cd8f57ccac2e,0,0,0,0,0,0,580,0,0,0
ed16d2109610750210cf52a644df060e,0,0,0,0,0,0,0,1,0,2
ed26db0377eefabcbf8b89aaffacfeab,0,0,0,0,16,0,0,10,0,0
edfa2b680a42826e7668ac1136b86fbc,2,0,3,0,0,9,0,0,7,0
ee47b326c380e50faa878032111391d2,0,0,0,43,0,0,0,1,11,0
ee783af154c19fe61b4fddf6b621374b,0,0,0,0,76,0,0,0,0,0
ee7d362508e3b85ebda5cc4e8fd0a611,0,0,3,0,0,0,0,0,0,0
ee827df34d1e79d2abef5c563ea7d155,154,603,3,774,676,0,3,64,74,283
eec2199a0528917145eabfec8c6ae91d,0,0,0,58,0,0,0,0,0,0
eef9720f85351cccb51066bd6b28934c,0,0,0,0,0,14,0,0,0,0
ef09a46243eeba964fc629350eaaae36,1,0,0,0,0,4,0,0,0,2
ef6fd39c354301ccde2102775f5c65c5,0,0,0,0,3,0,3,0,0,0
efd9076f4b35ec6e511a932ff2d29e7a,5,0,0,0,0,0,0,0,0,0
efe2674d564de8e0c75ef81492d96b83,0,0,0,0,28,0,0,0,3,0
f00f0b970258e142c6d476657f2d0c16,4,0,0,0,0,1,0,0,0,0
f022cd56ba8ed11aa1d449de2cf19ac5,0,0,0,4,0,0,0,0,0,0
f04e36e772fd810296e6e9d8837d7465,0,0,0,5,0,0,0,0,0,0
f0550ee9c121ec5112a5f11920c7a2b5,0,0,0,0,0,0,0,3,0,0
f0607c2e0bd8808d7240855be80ffeee,9,0,0,0,1301,0,0,0,2168,17
f06ae8eae379a435e28a03b828699ad6,0,0,0,0,0,0,0,0,0,10
f0d2a7581c4bd7f58692d33441b0136e,877,207,63,675,10215,535,13,603,0,1149
f10465c7f7c8e2c5977d5855616345f2,0,1,0,4,0,0,0,0,0,2
f141e81a0a9c078c09a99c555323063b,0,2,0,0,801,0,0,0,0,0
f14adf13e1f4f0a9f45cb0fb38cb035b,0,0,0,0,1,0,0,0,0,0
f1b29b94321a719dd484190f18837442,0,2,0,0,0,0,0,0,1,0
f1b2c530b8f36ad6ebcafd910373b7a3,0,0,0,5,0,0,0,0,0,0
f1de5e2e1eeaaf5213e0bf416f4fd044,0,0,0,0,0,0,17,0,0,0
f20dad579cd3a0aa1d0f0cbb52ae10d7,490,0,0,0,26,0,0,0,0,0
f2356f4f9eed5fc6f7834eeff3f6a72a,0,0,0,0,0,0,0,5,0,0
f240b0a63131c9e78f626e2c8ff68383,2,0,0,2,0,0,0,0,0,0
f26f75216e50e0fe70db3cd291a2a4d6,0,0,0,3,0,0,0,0,0,0
f27b4e30ad42a6d1b2e393abcd9dd063,19,0,251,9,6,118,122,101,0,2
f297fb6ef018c1c3a8057949f15d4f5d,3,0,0,0,10,0,0,3,0,0
f2c76dca0b6749e7ad74cd8d6a94779e,0,14,0,3,0,0,0,62,0,50
f2e20ef42e47d0746b62a973467cfb5d,0,0,0,31,0,0,0,0,0,2
f304e67254f3b163036e95a11526befd,0,0,0,0,0,0,0,121,0,0
f3080721293bb7cb7e2acaed225201d2,0,0,0,0,119,0,0,0,0,0
f3155ca1b4e5abf9ef4d4f7c3c3feca1,4,0,2,1,0,4,0,10,2,1
f3c67ba0c408a8f7844d603910d8a263,124,2,156,4,9,168,55,68,2,2
f3ce98a45ad0f7295016ce623984d512,0,0,0,0,0,0,0,1,1,0
f409b0cbed61f0becb7adba37fcaee19,0,0,0,0,0,0,0,4,0,0
f413858fbdf000bc77863ebd85937e8e,146,11,3,56,0,0,0,92,6,5
f4630353c2f4d344e85e7d64c73daa3a,0,2,8,0,0,0,0,2,22,0
f4632f0f6e5ee8e06b0cfaf3d30bbf2b,3,0,0,0,0,0,0,0,0,0
f484841e923f40367a08f3ba2aba1fb7,0,0,2,0,0,0,0,0,0,0
f4c822bf3ab51014221fca7022ca3351,0,39,0,0,0,0,0,0,0,0
f51dbad5017c05d57855a21926bfe568,0,3,0,10,0,0,15,0,0,0
f5b5f4e48000d892885cd549f78fb7c2,0,0,0,0,173,0,0,0,0,0
f5c1565554a8845eb4caada74c46c386,0,0,0,0,4,0,0,0,0,0
f611ad43e0b8c6f0f27a3a555999aa1f,0,0,0,0,0,0,0,0,44,0
f62eb952e695c1cf0ca9b60698fa09f2,0,0,0,2,0,0,0,5,0,0
f6592803eccfe62e204cecb5f2bcd165,0,0,0,0,158,0,0,0,0,0
f66c6161365d99970dffa5e3a4985fa7,0,0,12,0,0,22,9,136,0,0
f673e375541657a292bd5b855d05779b,0,0,0,0,0,0,0,0,0,6
f6871bba797d410b7d4c083f489c30d3,0,0,0,0,0,2,0,0,0,0
f698ac835f16974d9d1322ca8a33b0a7,0,0,0,4,0,0,0,0,0,0
f69cf3da1d5ffcc7e6422bf34cc837e1,0,0,12,0,0,10,0,0,33,0
f6cd548313198ef82ac1874ebf448ed5,9,0,12,0,9,9,0,0,384,0
f72978893c85cd6f3a89598b280923a3,8,0,2,8,17,3,73,20,14,13
f78395fdb4e6ecd556541cef2f90bd79,0,0,0,30,0,0,0,0,0,0
f7c46d8b4100b5f92040dfbb279fad6c,7,3,9,9,0,11,0,6,0,0
f80d8e32afac44c4ee4ad900140e209d,0,0,0,230,0,0,0,0,0,0
f84f7842647c481105264f6c23fc47b6,0,0,0,0,0,0,0,0,0,7
f892cf24965b2b657ce144c160992c87,0,0,0,0,9,0,0,0,0,0
f8a34a7351e8fb01aff6adc065f48849,0,0,0,0,0,0,0,0,7,0
f8b02361f454cfe28d532c57747df123,0,0,0,7,350,0,0,15,0,0
f902ad200934b4091c4c2b7ab1168346,0,0,0,0,0,0,0,0,0,230
f9266aad96ffb2f7a2ee6983ca4c6752,2,0,0,0,2,0,0,2,159,0
f968f1c03ed958403c04c5f8d076a3a3,0,11,0,0,29,0,0,0,1,8
f99478c20180a4475818d25b75ed8d35,0,0,0,0,4,0,0,0,0,0
f9b5d18f7f98947edd22836f2ebda2f4,3,0,0,0,0,0,0,0,0,0
f9d32b172ae04cea995e90f9ab0e2060,15,0,51,0,12,19,58,91,15,0
f9dafe96320c72d254ec9dbba2653bb7,0,0,0,8,0,0,0,0,0,0
f9e4f625c494745892d754ba2b9d42e4,0,0,0,0,0,0,0,0,0,2
f9fa9ff66690e5897a0d8081756bf5af,0,0,0,446,0,0,1,38,0,0
fa0a007ed36c520f046ca04f37e35dfb,9,0,0,1,0,0,0,3,0,0
fa183e0588a0216763d67f28701f8112,0,0,0,7,0,0,0,20,0,0
fa32c6fdf5b000e544beeb6d3fec88f8,0,0,0,0,0,0,0,0,4,0
fa704dd14a06b0791eda86161dd260b1,0,9,0,24,0,0,0,0,0,0
fae3a2dfe7415bba1e1ca8ac665f904f,0,0,0,0,0,25,0,0,0,0
faea103e94547fa3642a96cc32e485ca,0,0,0,3,0,0,0,0,0,0
fb0ab617a4bec7d7956ec643385518a0,12,62,0,60,562,0,0,2,0,6
fb19621368814e7b77c321684e0f7358,373,263,0,391,0,0,0,0,0,130
fb55904c92cbe351596fdb5fbe273e23,0,0,0,0,46,0,0,0,0,0
fb57ce6e6e5fee8e61bee068c701b65d,10,2,2,0,23,17,4,0,0,1
fb789238dc208952ca84fb2b8b30e873,0,0,0,0,1,0,0,0,0,8
fb82c0b1733200ee85bd9c562b4c096b,126,25,0,90,9,0,0,85,117,42
fb882c6a0032fe58284cd4803b143673,0,0,1,0,0,0,0,0,0,0
fb93e62a9afdfdc54645109326810226,0,0,0,0,0,31,0,0,1,0
fc01bc2caefb364de5acb92cd3599161,0,0,0,0,0,2,0,0,0,0
fc04e88bb0e555857a9994c160056c39,1,0,0,0,0,0,0,0,0,0
fc0a40a4c7dc4c6a13befa94a49ff3c1,0,0,0,6,0,0,0,0,0,0
fc35e99baad609b5cef9d7a0e272fa56,0,0,0,0,0,0,0,18,0,0
fc3a4fe94df363956fc88405714ae109,0,0,2,0,0,0,0,0,1,0
fc3c54214ffdcf450b6c1c8766d5e4d0,2,229,0,0,0,0,0,0,0,0
fc584a52f69f4255480e8addcb7ca135,8,0,0,0,312,0,0,0,0,0
fc5e2a0e71bb7025d2af2864bff26784,1,1,0,12,4,0,0,4,0,8
fc7097cdc090627ce76a749d0333bbca,0,0,0,0,0,0,0,5,0,0
fc76f7caf0d701e9e545cb0b74704769,0,0,0,0,0,0,0,8,0,0
fc8eae1ed7d46c94e2b4872e02ad0643,0,0,0,0,0,0,0,0,4,0
fca962888b6117b6e26eeb06d309a4c7,110,4,0,62,380,0,0,143,0,4
fcaaf23dff4ac9c7329739b5d9ee7bcb,0,0,0,0,0,1,0,0,0,0
fcc8d7ed032423b15d19b3738bcc3584,0,0,0,0,0,0,7,0,0,0
fcde2c1bcccf733b136e51b003f30eec,7,0,0,0,0,0,0,0,0,0
fd36ad6b744afb24a1cd847587305167,5,0,0,0,19,0,0,0,12,0
fd77d9ce9c157e00781b80605fec310d,33,0,0,0,4,0,0,19,18,2
fd7a7db6e3d08edc859f3fdebe30861a,14,0,0,0,0,0,0,3,0,3
fd7c9ce39c8550998029ba76ce67851c,0,0,2,0,0,0,0,0,0,0
fd88aa89ef7aba81bda46d7c47ed1b02,3,0,0,8,0,0,2,4,0,0
fd88d355676826758b3975652fddfd77,1,0,9,33,6,3,115,119,39,0
fda0dc7d365cc964456d7b4b891f41e0,0,0,0,0,12,0,0,0,0,0
fdbcacb8e04442a9e3ab237af4cb54c4,0,0,0,0,0,1,0,0,0,0
fdc1b9e544332f3f7e45711d574a950c,0,0,0,3,0,0,0,0,1,0
fdc98f06c8ce82be772662bd8caa5630,3,0,0,0,0,0,0,0,0,2
fdd872f4f21a218b302fa17437ce71e4,117,0,14,0,10,0,0,0,3,16
fe09ccbc5ff61b899d57e35d83cbdbcd,0,0,0,6,0,0,0,3,0,0
fe09f74c986f3612fc67bc1d1eb2f49a,0,0,0,0,0,0,0,0,0,14
fe290e7cb731760d74c04b4df1af9a9b,1,2,2,0,0,33,0,0,0,0
fe5f794b96860f4f07a51140d3fd09d5,0,0,0,0,0,2,0,0,0,0
fefa42a2732d35ed2d3c37c38084eb61,0,0,6,0,0,0,0,0,0,0
ff845e1a352363161773e5c3884e5990,0,51,0,142,0,0,102,5,0,0
ffac7c143f58801919633f0447bf30f0,0,66,0,0,0,0,0,0,0,0
ffc9f8e72d1f1dbe8674831b3b20f85e,0,0,0,2,0,0,0,0,0,0
fff60bd7f77182fa5168730f4d38fcab,0,0,0,0,0,0,0,0,4,0